-5.334185193999999901e+05,1.877203302399131644e+04,-1.227164923426849782e+04,-4.956616569154381068e+03,-3.264576829225968595e+03,-3.742248100000004342e+03,-2.368603117737715365e+03,6.363704478420295345e+02
-5.511859199999999255e+05,-1.370050630237759469e+04,1.006225312004860280e+04,3.030979019437689658e+03,1.455783344163995025e+03,8.464320000000006985e+02,6.148830822964664549e+02,6.590453145710964691e+02
-5.481054429999999702e+05,-3.499133251241679318e+03,1.219226291796565192e+03,9.275349942163455808e+02,-8.772249578946633619e+01,3.519700000000011642e+01,1.246380763328052126e+02,2.917720685029727292e+02
-5.073554089999999851e+05,-5.052362888976182376e+02,-2.443126157147301285e+02,-2.069378291188470698e+01,4.145343966535245954e+02,2.436249999999930083e+01,2.074180518700159155e+02,6.002036481962002767e+01
-5.076707580000000307e+05,-1.138445192257746385e+03,-5.126606491091699809e+02,-5.910230051023223723e+02,-3.671559329949959078e+02,-2.945380000000059226e+02,2.568731384169950616e+02,-7.076764134239510895e+00
-5.105634270000000251e+05,-1.217525532176709248e+03,-5.621100526975518505e+02,-1.254735984988302334e+03,2.313138964117983960e+02,1.692139999999979523e+02,6.758537429446005262e+01,-1.961827122991270471e+02
-5.113982589999999618e+05,-9.373731709775192940e+02,1.273718422576510193e+03,-4.907051946149421155e+02,4.662054587623436532e+02,-6.506549999999339207e+01,-3.231534543950692751e+01,9.792008432484951186e+01
-5.108820979999999981e+05,7.293003676950579575e+02,2.221557597141575968e+00,-3.190581056973439900e+02,4.071312735273752992e+01,-3.033999999999832653e+01,1.485019404312770348e+02,-2.606633215726803954e+01
-5.145388439999999828e+05,2.031175309870995761e+03,-3.826743047660662000e+02,-6.239538943276397731e+02,3.019540500462866248e+02,-1.626220000000012078e+02,-9.145322082293569110e+01,-9.694940846377963339e+01
-5.174078780000000261e+05,2.398581704634193102e+03,-3.153297442807723883e+02,-7.092744397580540863e+02,4.069176590023518543e+02,1.150159999999959837e+02,1.180170234574179631e+02,-4.973165491937547245e+01
-5.157053600000000442e+05,-2.050826342527132510e+03,4.892136196422353578e+02,-1.361420981942826302e+03,-5.712246237041766790e+02,2.323899999999764532e+01,-5.617395771719748154e+01,3.616038215459825267e+01
-5.176594130000000587e+05,-1.941035803121369099e+03,2.076231020155169517e+03,3.784253094868365110e+02,1.335092310393936259e+02,1.881385000000045693e+02,4.454988317564129829e+01,-1.521315110711306886e+02
-5.169477810000000172e+05,-3.163715135450958769e+03,8.293111762511787219e+02,2.354192701038432006e+03,6.237782659988317846e+02,4.139350000000354157e+01,1.501961762362043373e+01,-1.249513230748113557e+02
-5.456993090000000084e+05,8.566811804855731225e+02,-1.514470764109822085e+03,-3.536974967224430770e+02,-2.346509586259007278e+02,1.487365000000027067e+02,-5.814226908440468833e+01,-2.360308231647285027e+01
-5.179246179999999586e+05,-2.330275964793574076e+03,2.501589704912191792e+02,-3.085796849032735736e+02,6.392512441626552118e+02,1.211864999999978636e+02,4.474569954446633346e+01,6.392782921469958524e+01
-5.184725119999999879e+05,-2.015464737305298058e+03,-8.561384406825733322e+02,1.167731196811305949e+02,3.077242354446045169e+01,7.634400000000823638e+01,1.102271621261897963e+02,-4.186674097875190625e+01
-5.188169199999999837e+05,-2.863078504820968647e+03,3.678291298655481114e+02,-8.013791456448282133e+02,-3.697306182665191727e+02,1.363075000000026193e+02,-3.138028864181251265e+01,-1.565288919385473605e+02
-5.176657170000000042e+05,-1.031972409867575379e+03,-7.055911922182411899e+02,-6.684338715443325896e+01,3.330214124141767229e+01,1.476380000000008295e+02,1.410588321643299423e+02,9.869720827576713873e+01
-5.206368900000000140e+05,-3.291351356954377820e+02,6.734659274200544132e+01,-4.628866489806743516e+02,2.248357798046869505e+01,-4.633799999999973807e+01,-4.647778429757454433e+01,1.832273821277250931e+02
-5.202943680000000168e+05,-1.238926823480118856e+03,-1.987163899680093095e+02,1.988528474261378278e+02,-4.171623195269345388e+02,-3.951300000000010186e+02,-1.566661071264825296e+02,-9.264227959369736709e+01
-5.209220109999999404e+05,4.546203096783949604e+02,3.443900583762771021e+03,-6.116493785117053221e+02,-4.544129294847606388e+02,-1.676049999999978013e+02,-5.140472798590781167e+02,-2.049325564079598792e+02
-5.226907810000000172e+05,1.168731390540137681e+03,1.316165869527543464e+03,-1.052776452765145223e+03,9.384541873855191625e+02,5.013180000000047585e+02,-8.231835159356705844e+01,1.618079485309783081e+02
-5.204564159999999683e+05,1.927466167767484649e+03,3.694340117072558769e+02,-1.882416780085764003e+03,-2.831352156918711671e-01,2.468500000000858563e+00,-3.837428927406435832e+02,-1.757713819901435386e+02
-5.229189420000000391e+05,-1.256059096426005226e+02,8.752638905520717572e+01,7.471514838112635744e+02,9.184906462527166582e+01,3.511750000000574090e+01,-6.084623904916225001e+01,-3.424092664433558042e+01
-5.454626869999999180e+05,3.435371107940861179e+01,-3.847890592429386629e+02,-2.936303785629056620e+02,5.046011665215203266e+02,-3.725444999999998572e+02,3.811407447178498842e+01,2.328175435098021921e+02
-5.202051399999999558e+05,-5.122744345741011784e+02,1.251476038443088555e+03,-2.912293541343171341e+02,-2.759216252753058143e+02,-5.685499999992316589e+00,3.411529262055410072e+01,2.788533963705735914e+02
-5.237821020000000135e+05,7.644327774230039267e+02,-4.806458150837488006e+02,1.651036721082600707e+02,-8.641875449271396974e+02,1.939850000000117802e+01,-3.661463730465038680e+01,1.135354460894086230e+02
-5.225439760000000242e+05,-1.051189756399729049e+03,-9.714073977724892757e+02,-6.366418660086555974e+02,-3.792358553940565002e+02,-2.408209999999962179e+02,1.367992383502423763e+02,-2.937956085096233778e+02
-5.220424510000000009e+05,2.024131176072290117e+01,3.313956415776851827e+02,-2.015119103125314268e+02,3.251873482949554273e+01,-3.729999999960043056e-01,-3.168733758409507573e+01,1.075537347015699474e+01
-5.228540970000000671e+05,-9.812786622106219738e+02,-4.193468391162967919e+02,-4.864077530616421541e+02,-3.990494779641615537e+02,-1.270550000000003479e+02,-2.461961465175263584e+02,-1.127245398708682842e+02
-5.244056790000000037e+05,5.704688176434627849e+02,1.640499416604098997e+03,-1.233398933766695563e+03,-1.772252536816403108e+02,2.062974999999968020e+02,-1.469567486256419215e+02,-2.916134378516993593e+02
-5.239676300000000047e+05,7.796922739738369046e+02,1.312643393637642703e+03,-1.215972367050487264e+03,1.922483788859458400e+02,2.438410000000002924e+02,-8.114434845675714314e+01,1.827747553421259568e+02
-5.242675130000000354e+05,2.643801667433213538e+02,3.917445048021984348e+02,-3.791117969399566618e+02,-3.348259651496382503e+02,1.527624999999970896e+02,2.556734337267698720e+00,-1.114947022076603957e+02
-5.254218540000000503e+05,4.620258214146678029e+02,6.122942696864465688e+02,2.557020034168622828e+02,1.289811928679097548e+02,-6.511200000000090427e+01,2.367842815368203446e+01,-2.150254072824351113e+02
-5.259527439999999478e+05,3.514301512515476134e+02,-3.618879966674086859e+02,3.808612664018288569e+02,-2.222265280822625186e+02,2.474914999999982683e+02,1.177070137769624125e+02,2.348893817608594929e+02
-5.413393190000000177e+05,1.903413011104237285e+03,-3.258571637968157120e+01,-2.933490966623548388e+02,-6.429283407613338568e+02,-2.251869999999961465e+02,-1.410793633274151944e+02,-2.507637847234321953e+02
-5.277416809999999823e+05,-3.068418640366945056e+03,-1.677820289802451725e+03,1.421249652932832817e+02,6.558044592126908583e+02,1.123049999999965394e+02,4.940481418951530941e+02,2.057940200848881886e+02
-5.260509020000000019e+05,-4.750426150412436073e+03,-1.959704584933613660e+03,-6.264067670651738808e+02,3.232114369324870040e+01,1.351209999999973661e+02,1.914161514036532026e+02,1.091021689554051619e+02
-5.255366210000000428e+05,9.797174847926053189e+02,-1.738003307579079319e+03,-3.039880036602616542e+01,-2.164069358830778356e+02,-5.214344999999938182e+02,-1.706858788886456750e+02,9.256031213176925121e+01
-5.233517409999999800e+05,2.813440398537533156e+02,1.687826227403963344e+02,-8.274187657712648161e+02,2.050614227221067551e+02,2.413934999999983120e+02,-1.718424452219333034e+02,-4.881464050082381050e+02
-5.247098049999999348e+05,9.624604503954279835e+02,1.760787759405893212e+03,1.976459738927219178e+03,-1.319800390778304973e+03,4.778849999999704323e+01,1.671553217002656311e+02,-6.965076946191400964e+01
-5.246930100000000093e+05,-6.789037229421069242e+02,2.952017557132702677e+03,3.646094935399378301e+02,-3.592176223250163503e+02,4.605065000000049054e+02,2.608596161001187284e+02,6.255844961929494730e+02
-5.210617780000000494e+05,2.131470528281432053e+03,1.602636724252432714e+03,-2.395008968162926806e+02,-6.301497049932571599e+02,-1.052454500000007101e+03,-9.610974566970253363e+01,-2.252280509893805629e+02
-5.192656630000000587e+05,1.710179679329022065e+03,-1.596405005137799265e+02,-2.840674511212433799e+02,2.763037652170008300e+02,2.503600000000017189e+01,-1.598250388009473681e+02,-7.555609821098374823e+01
-5.204460869999999995e+05,-3.202396396406920303e+03,-5.882978728235472090e+02,9.078427720281798656e+02,9.434067735127562173e+02,5.425655000000025439e+02,-4.249980692547978833e+00,-1.443729789829041010e+01
-5.205878750000000000e+05,-7.581391722625800185e+02,-5.929339393931932136e+02,-1.601815356630236238e+03,-2.850771099448228370e+02,-4.027399999999997817e+02,-1.318610483053489588e+02,-2.079994045865259977e+02
-5.417236059999999125e+05,5.339394756404683449e+02,5.788437897692984961e+02,-4.203775484476664701e+02,8.803248818700952825e+02,-2.772749999999723514e+01,1.977425773339928128e+01,9.302327977243717783e+01
-5.223526579999999376e+05,-2.368177746419064533e+03,1.137904595646913549e+03,-1.510596298183524141e+03,4.027359940608436091e+02,-6.042900000000395266e+01,4.476063703138497658e+02,2.828988884908937393e+02
-5.205947220000000671e+05,-1.091067999017604507e+03,-1.955889568723510479e+02,-1.286872419335315954e+03,-5.191465197351097913e+02,-2.029014999999999986e+02,-9.531161776356748305e+01,-1.250906342322494567e+02
-5.224651350000000675e+05,3.481870748488636309e+03,-2.134349860800522265e+02,8.178000846195087661e+02,-7.781035666369373303e+02,-2.606400000000940054e+01,-6.080771851892350242e+02,7.406031344065078770e+01
-5.234369200000000419e+05,-2.020007241850989885e+02,5.139339735154400159e+02,1.003614110301583878e+03,4.199443991123708315e+02,6.010375000000003638e+02,5.501061197688395623e+02,2.076843887100628763e+02
-5.208998530000000028e+05,1.365230384718123105e+03,-7.956604785000394031e+01,-8.577472294479017592e+02,-5.674656295673587465e+02,-6.396384999999972933e+02,-2.991267944545252249e+02,-4.091257261112860988e+02
-5.222877100000000210e+05,3.889000434931712789e+03,-1.762084911527979102e+03,-9.397463970239630271e+01,1.518164400725966630e+02,1.258930000000018481e+02,2.122620638346124906e+02,-9.502366957953805127e+01
-5.234715129999999772e+05,1.900231759538175311e+03,1.255303182260988251e+03,5.855141055056954258e+01,-2.469189242373921047e+02,-5.575494999999951915e+02,1.299738323091878556e+02,-3.681970141801411955e+01
-5.240913879999999772e+05,-2.698108218185321675e+03,-3.332907223987976977e+02,8.726432557368675589e+02,1.291123471865809506e+03,4.621655000000046130e+02,2.647473653014749289e+02,-2.784300368222494058e+02
-5.233300050000000047e+05,-1.499229915888985715e+03,1.345350807662660145e+03,1.675938530074409300e+03,1.088197452794242395e+02,-2.606950000000148293e+01,-2.914479794402141124e+02,-9.886598204179399829e+01
-5.260026269999999786e+05,-2.028196949270193727e+03,2.625761452650671799e+03,9.375511108453357565e+02,1.774128575525363658e+02,9.997655000000067957e+02,2.198725882312573958e+02,2.625557306271592779e+02
-5.406268910000000615e+05,2.287189693513872953e+03,-2.902775761335640254e+02,-3.657870754481941731e+02,-3.752783804683523385e+02,-1.544854999999987513e+02,2.497815158453304321e+02,-6.566048789138648090e+01
-5.255411310000000522e+05,4.437361523546526314e+02,1.913657723592537877e+03,1.072785065390116870e+03,5.935191089948302761e+02,6.387055000000036671e+02,5.941192123270593584e+01,2.157776801363469872e+02
-5.214817269999999553e+05,-2.223925422469559635e+03,3.544137507808585497e+01,2.088766949052366726e+03,8.542439444951064615e+02,3.103374999999978172e+02,4.415445754626707640e+02,2.548071323967959074e+02
-5.234710080000000307e+05,-2.734231591194798057e+03,-9.234971487332283004e+02,1.027804422555709152e+03,-7.644981033096927376e+02,-6.829614999999921565e+02,-6.341821447346592322e+01,-6.041932173182891574e+01
-5.198777130000000470e+05,2.839855609282952173e+03,-2.731448452808989714e+03,-9.353616031258278554e+02,-5.272145412606362243e+02,-3.619614999999973861e+02,-4.643731263748486526e+02,-1.506855010945365052e+02
-5.199860959999999614e+05,2.007922253147092761e+03,-4.306996210377246257e+02,-3.464708300867553703e+02,5.233065983665568410e+01,-1.111140000000012833e+02,9.770773481859941967e+01,4.178472818631229302e+01
-5.202792239999999874e+05,7.280790362172681398e+02,2.114846943617346369e+03,-1.679034020515386374e+03,5.852696766327330806e+02,-2.135440000000071450e+02,-4.335141387791372836e+01,2.266314174771748924e+01
-5.218015530000000144e+05,-1.224905474426233468e+03,1.137626654458017583e+03,2.246893774600987854e+03,-3.842281930484290910e+02,-4.441500000000928594e+00,2.828585030989488587e+02,4.971692800397813983e+01
-5.203307950000000419e+05,2.240719903974445515e+02,-1.325748474448350180e+03,1.034631237974461555e+03,5.287284054019096402e+00,1.296249999999423608e+01,5.074659783963579684e+01,-5.386869369493012272e+01
-5.208869320000000298e+05,-1.565737276471558744e+03,-1.513040467764744790e+03,5.451179439785464638e+02,9.381395681465482994e+01,-2.330790000000015425e+02,-5.521535488674999215e+01,1.144809599261027415e+02
-5.239449789999999921e+05,-1.528324294971113432e+03,-1.560596913560160601e+03,7.146396145867799987e+02,4.408364813859793685e+01,-8.339949999999953434e+01,-2.075189192850666586e+02,4.833068071847300473e+01
-5.423896229999999050e+05,-5.252018574667552002e+02,4.647203158500108202e+02,9.401135761583464046e+02,4.825541686063037332e+02,8.996950000000097702e+01,-6.012044204241828993e+01,1.055378143719006232e+02
-5.217969670000000624e+05,1.226821777529065002e+03,1.108192089299056533e+03,-1.335591275959880591e+02,-6.196023728505001600e+02,-3.102824999999955935e+02,-2.530189892335911281e+02,1.442214090184135955e+02
-5.239209500000000116e+05,3.469438628051057094e+02,-6.302948175386453613e+02,1.280480011081477869e+03,1.185380425007267036e+01,1.259490000000023571e+02,2.790100034198549110e+02,-8.340440811605304816e+00
-5.207117910000000265e+05,-6.176823850693235727e+02,7.161379394114817387e+00,-1.293516354939255962e+03,-7.142280291003471575e+02,-5.962714999999935799e+02,-1.803859627144120168e+02,1.214376492453733647e+02
-5.228769209999999730e+05,-2.525838452199118819e+03,-2.326369041794476288e+03,-1.816296147550168371e+03,-4.209326179484722843e+02,-3.460454999999948313e+02,-6.739082780407625251e+01,-3.405629514535149838e+01
-5.214875050000000047e+05,4.579133591095610427e+02,-1.259343695131340382e+03,2.596805683077954896e+01,5.231084143287189363e+02,-2.075604999999922597e+02,-2.656114669432281516e+01,-1.991457787581865659e+02
-5.233873950000000186e+05,3.695781865901351466e+02,7.237453501975579684e+01,4.147297823841585682e+02,-1.649195681574868786e+02,-4.591349999999698639e+01,1.223482977729581762e+02,1.092468441172964901e+02
-5.235917810000000172e+05,3.152542934647983088e+02,-6.529172252247594770e+02,-6.716727806590667171e+01,-4.169359128606083686e+02,-4.063105000000014115e+02,-5.471593118098098785e+00,-8.343103310989283727e+01
-5.262132839999999851e+05,3.185891962354924658e+02,-1.230166377210243809e+03,3.678737875900308723e+02,-8.482777782421848087e+02,1.607010000000027503e+02,-2.159352519403619226e+02,-7.967688728544966636e+01
-5.246569000000000233e+05,6.969375130472718638e+02,8.218942619525248574e+02,-1.110088022442132569e+03,-5.639723471169699565e+01,-1.579800000000255977e+01,-2.862700410616816953e+02,-4.739505672997710235e+02
-5.247606500000000233e+05,-1.328142925045709035e+03,1.323745316252905241e+03,7.109362452560335441e+02,5.430609462113508243e+02,1.052285000000027821e+02,-5.552799632947426289e+01,6.147248528060682560e+01
-5.416619499999999534e+05,2.503842937580257342e+02,-5.179389232724106478e+02,4.166182425147047752e+02,4.953026522783724772e+01,9.567100000000034754e+01,1.117684624573739711e+02,4.899834566629492372e+01
-5.263049120000000112e+05,1.121795334638497025e+03,-1.807321193410670276e+03,2.116648646789720090e+02,-6.909989417677820711e+00,2.981460000000042783e+02,2.427172032684320584e+02,3.273504782301415048e+02
-5.263172850000000326e+05,1.997264104589002898e+01,4.711408181054292186e+02,-1.500489094753490463e+03,-4.690270308329947397e+02,1.287094999999989113e+02,7.491717798414174467e+01,-3.309712129363267081e+02
-5.275484050000000279e+05,1.338694844131637183e+03,-1.599334434601662451e+02,7.647181784142816241e+02,9.763073600303782769e+02,-3.063205000000034488e+02,5.743563924799673259e+00,3.050956190670283377e+02
-5.250524790000000503e+05,1.650294382054524704e+03,-1.328251421914676030e+03,3.122283373938400786e+01,5.228345544738195940e+02,-2.143229999999985012e+02,9.083295075054047629e+01,-2.867703203635841191e+00
-5.273022560000000522e+05,-1.601859628190522017e+03,1.141345667650083158e+02,9.929640260564239895e+01,3.934448540110706745e+02,2.386009999999986917e+02,1.080737788038677536e+02,-7.347438178296746969e+01
-5.270049679999999935e+05,8.718389248931105158e+02,-1.213856766081471505e+03,-4.709647802519996276e+02,1.897145200034651680e+02,-3.273954999999949678e+02,1.124778315381263383e+02,1.085568884871014461e+02
-5.273504729999999981e+05,-5.152245987488399237e+01,-1.257548891949294557e+03,1.573465893580793136e+02,-4.237256540667257241e+02,-4.606239999999997963e+02,8.955532365446561016e+01,-2.878728321180423677e+02
-5.261222149999999674e+05,6.070350837812239888e+02,-8.063107750778747231e+02,1.223690947573042422e+03,-6.328222157055151911e+02,-6.202450000000311547e+01,2.846028149724588729e+01,-1.154238217968928666e+02
-5.273771250000000000e+05,1.844032504569844605e+03,-5.410607681571407284e+02,4.589630685843945912e+01,-6.886344387086633105e+02,3.906904999999989059e+02,-6.176221849612193182e+01,-1.950900130900528211e+02
-5.291154869999999646e+05,2.796786711775835101e+02,9.493915084114680667e+02,-3.082068113293270244e+02,4.096135632084601070e+02,-3.457500000000035243e+02,1.892598170982382726e+02,-1.685554321935465225e+02
-5.433204220000000205e+05,4.738719588077362346e+02,5.479534810465888768e+02,-3.738964624740937097e+02,-8.652048166430350875e+02,-5.865399999999681313e+01,-7.129876201745355502e+01,-3.331203148970172379e+02
-5.278923769999999786e+05,2.198166612262743001e+03,4.749424824145844468e+02,-6.542981889095748329e+02,6.342144425693929861e+02,-2.157769999999962920e+02,4.321088802791782655e+02,8.496555472938001685e+01
-5.264426639999999898e+05,7.653875953586975811e+02,-8.871234663762866148e+02,-6.859084741512427854e+02,-3.325718635212207346e+02,-1.804414999999953579e+02,1.121136549083166756e+01,1.607703270429364011e+02
-5.299597239999999292e+05,7.883135069494899199e+02,1.228412389211468962e+02,-2.608900307646825354e+02,-9.171466056558298305e+02,-2.210415000000047598e+02,-7.314447638994897716e+01,-2.478199031744424872e+02
-5.284557949999999255e+05,4.768936838998250494e+00,-2.037516410839588389e+03,1.069511342973555202e+03,1.137704621031889474e+02,-2.088674999999985005e+02,9.353146420477423817e+01,-6.169887170213220884e+01
-5.288006329999999143e+05,-7.072163065878170300e+02,1.836504052736095673e+03,-3.530229646163372763e+02,-2.834258634008837134e+02,9.054249999999953502e+01,7.618386418503359891e+01,8.469494989747752811e+01
-5.310545849999999627e+05,1.032694248805956931e+03,5.510444636465429085e+02,3.470021918703586721e+02,2.138476489878972302e+02,-2.496925000000028376e+02,-1.954171886183321476e+02,-3.255650808320714305e+02
-5.269630940000000410e+05,2.742549867162299051e+03,1.180360971462633017e+02,-4.127555315067599508e+02,7.565378211838949483e+02,7.593700000000171713e+01,1.521858366700762417e+02,-4.060528035770053634e+01
-5.297213959999999497e+05,1.893315700410133559e+03,-8.970268495171596896e+02,4.611679791884329802e+02,4.338590029666066812e+02,8.594149999999740430e+01,3.261452470613294281e+02,-1.934376743629853195e+02
-5.283377660000000615e+05,-1.893143280485917558e+03,-2.973823926795116535e+00,3.486192147323744166e+02,5.722595079249208538e+01,5.038499999994996870e+00,2.312396016655839048e+01,-2.284500737798826364e+01
-5.279242060000000056e+05,-3.007606923311181504e+02,-1.006716797731328256e+03,9.408504015008387569e+02,-3.461199028051526057e+02,7.553350000000685327e+01,-2.093321598588081542e+02,2.150350263253519500e+01
-5.443555010000000475e+05,-1.629760665167330444e+03,3.575177925615602135e+02,8.303067441923649312e+02,3.638855736721176868e+02,1.502125000000014552e+02,1.535429253173060715e+02,2.215028826225583600e+02
-5.306008710000000428e+05,-5.501383343221422138e+02,3.857739353390468864e+02,-4.345104046907243855e+02,3.096265590707786259e+02,2.435489999999954307e+02,-1.754620493011316285e+00,-5.846359485579398552e+00
-5.328438400000000838e+05,4.646222021966314060e+02,1.438749296794710062e+03,7.898738921796393697e+00,1.464411117954794008e+03,-5.573635000000083437e+02,3.104403111565625295e+01,9.402955545701325946e+01
-5.283604510000001173e+05,3.952608116740015589e+02,6.877471491828673607e+02,-8.650671939554463279e+02,1.055155105380680425e+02,3.875254999999995107e+02,2.526389375354920048e+02,3.819646877899356809e+02
-5.305250320000001229e+05,-4.021781338997426701e+03,-1.165847558462830875e+03,2.984891469736331828e+02,4.215028261966303376e+02,-3.804975000000067666e+02,-1.582114918296574615e+02,7.451869673788112891e+01
-5.302436759999999776e+05,-3.266227977377762272e+03,3.420711157404831511e+02,-1.106069655018145113e+03,-1.405483866471078500e+03,1.334955000000009022e+02,-1.139053661898360588e+02,-4.127542183625636198e+02
-5.291812509999999311e+05,-1.629044604511544094e+03,8.563482177870545229e+02,-6.595599923976685375e+01,4.266692263007001884e+02,2.420749999999952706e+02,1.120009075363341253e+02,1.188140011923795640e+02
-5.292810679999999702e+05,2.905826351168188353e+02,-6.294943016320069091e+02,-4.927016905904802684e+02,-3.175195200693043489e+02,-1.430524999999979627e+02,2.376147462621156592e+02,-3.290891678477748883e+01
-5.310345580000000773e+05,-5.871257043250175229e+02,7.906687318106714883e+02,8.502505953677425623e+02,7.651028791746466595e+01,9.330850000000822320e+01,-1.375439807051734533e+02,2.595729740058150981e+01
-5.291801659999999683e+05,3.231785891611754096e+02,8.936042891721168644e+02,2.388703310783701568e+02,-1.843679579742625094e+02,-2.642364999999972497e+02,1.287292243311239872e+02,7.707277594924923392e+01
-5.319652129999999888e+05,2.303910872527721949e+03,-1.219621712320509232e+03,-2.656686726130110401e+02,-1.854615251411460122e+02,-1.546584999999921592e+02,1.536975722957286052e+02,9.383756236953738039e+01
-5.400913670000000857e+05,8.924626570496086060e+03,-7.077458387461235361e+03,-1.014111112374747790e+03,-1.073686322697265723e+03,-4.018420000000055552e+02,-2.622057357296580449e+02,-1.603070915844731417e+02
-5.433800860000000102e+05,-1.211852583381448312e+03,-1.375089441976471335e+03,-2.342132450722155568e+01,4.500335005713563987e+02,-1.291024999999989973e+02,2.408820515298575629e+02,-1.378398505122045208e+02
-5.437083460000000196e+05,6.590074782139931813e+02,-2.361781368009038999e+02,-3.441167246345586364e+02,-1.573431963031474083e+02,-4.115800000000487557e+01,5.464464394855895080e+01,1.971409022318693474e+02
-5.435714949999999953e+05,-8.275626259111169247e+02,9.095815334766016349e+02,-1.700068873304861086e+02,1.687948543477432395e+00,-1.652144999999982815e+02,1.327355798380449414e+02,6.648980923645024177e+01
-5.445759109999999637e+05,-1.687236366150516460e+03,-1.078834141255571240e+02,7.949910625797111834e+02,6.506865681830048516e+02,5.498399999999844567e+01,4.708377551438752562e+01,-4.998565882706460428e+01
-5.430204709999999031e+05,7.461379251050180983e+02,-2.829685258573649662e+02,-1.447988910971735947e+02,-2.021543826144728087e+02,-7.757499999999765805e+00,-3.129442642510402948e+02,-1.880150204543500934e+02
-5.443065100000000093e+05,1.239021708607960136e+03,3.191526705450095847e+02,-4.756899523758621484e+01,3.092900715753078202e+02,2.533650000000676528e+01,-1.758542022768815514e+02,-1.154364052079560565e+02
-5.437997339999999385e+05,-1.128915095497414086e+03,4.487042204943537627e+02,-2.433125817411478806e+02,-5.984211704464928516e+01,8.855400000000366845e+01,2.213407299083773978e+02,1.917276590367233098e+02
-5.434097240000000456e+05,-2.393635505864047900e+03,-1.589186827131213704e+03,7.799042141541818296e+01,7.171686047784610309e+02,1.910040000000061582e+02,8.731346597819356248e+01,-1.097443701326307917e+02
-5.433322469999999739e+05,-3.427038634033502262e+01,-1.319814931850898802e+03,-1.498213066627381806e+01,-8.358287477288639593e+02,-2.950234999999921683e+02,-3.971658469068934210e+02,-8.226947265371509843e+01
-5.429106400000000140e+05,4.336833405235942109e+02,1.559094778168005746e+01,1.047353884806970683e+02,-2.288538500539942788e+02,-5.277750000000014552e+01,5.252718829447985627e+01,-1.763768302784556568e+02
-5.485413479999999981e+05,-6.625891269490761260e+03,4.597916418267355766e+03,1.273698858987819676e+03,4.136595356666832686e+02,2.281645000000009986e+02,2.753749689780233894e+02,1.052120332954774824e+02
-5.437414209999999730e+05,-2.343853839975873257e+02,-1.977792510107671887e+03,9.426753598928847850e+02,1.663288691336922511e+02,1.317489999999998531e+02,-7.642120336226071231e+02,2.209191929159525500e+02
-5.369947299999999814e+05,8.453087662144089336e+02,-4.097011793547981142e+02,-7.313854480791424351e+01,-4.720382491095951423e+02,2.666059999999997103e+02,-1.435732234219321981e+02,-8.713443615674387388e+01
-5.344484400000000605e+05,-3.157918419113227174e+03,-1.259094476068757871e+02,5.377642769354341681e+02,9.658670857916735031e+01,2.494950000000051205e+01,1.134169754536414985e+02,4.727094745384482621e+01
-5.331437569999999832e+05,1.911935261759623017e+03,-1.602026433108471338e+03,4.627080782827117673e+02,-2.414564011436082183e+02,-3.647619999999949982e+02,-1.088062518225924578e+02,-2.878331082534518828e+02
-5.321036639999999898e+05,9.159251444652073815e+02,-3.072645547085394355e+02,6.696449900574003777e+02,3.585690107084822102e+02,5.311499999997977284e+00,-1.008189440512796864e+02,-6.270416229780028061e+01
-5.335739220000000205e+05,-7.879802979765670443e+02,3.742900660457528375e+02,6.834084228394228830e+02,-7.178226325149017839e+01,3.883179999999956067e+02,-1.519554147618473507e+02,8.532881408897426923e+01
-5.344004669999999460e+05,6.873720104012456886e+02,2.362400722000933513e+02,-4.700452003838614701e+02,-2.668183433275221432e+02,-6.735850000000203863e+01,9.755025779470452107e+01,-1.103437025947096259e+02
-5.366047260000000242e+05,-9.379983043036135086e+02,9.450198958584633147e+02,3.203871724447650422e+02,3.313247037301802038e+02,8.966650000000288401e+01,1.355286260732391383e+02,1.333020797564272186e+01
-5.365128930000000400e+05,5.618308307985021202e+02,-5.446959203351871110e+02,5.724227848959586709e+02,8.727402084036839369e+01,-7.056899999999941997e+01,7.551208001893246546e+01,-1.164437721199060434e+02
-5.373879620000000577e+05,-2.272131636501795583e+03,7.198818400686546966e+02,1.999441491514708957e+02,8.629680164407425309e+02,3.382730000000009341e+02,2.145757256009092089e+02,1.616886215813140950e+02
-5.432430719999999274e+05,4.453602109691591068e+03,-3.397472842617286915e+03,-3.841530227536523512e+02,-7.778143070739383802e+01,-2.433320000000019263e+02,-8.612205854884814471e+01,-1.327102475973615014e+02
-5.384185409999999683e+05,-1.036812314492149198e+03,1.254932372918359079e+03,-4.023159489314763846e+02,-2.351886049462178221e+02,-5.621605000000017753e+02,-6.823384732101112604e+01,5.878331604405431676e+01
-5.365655550000000512e+05,-1.607930331568194333e+03,-3.512556113617064284e+02,1.468955591676353833e+01,9.304853182514688115e+01,6.011005000000022847e+02,3.634394183439726476e+02,2.174204072250260822e+02
-5.366377179999999935e+05,-5.166119696678528044e+02,1.429258114084108797e+02,-1.224071976725975333e+02,-1.892490320419853447e+02,-1.553055000000004497e+02,2.249939118497422896e+02,2.452841869614858581e+02
-5.356463390000000363e+05,-8.410639039205337042e+01,2.542648784726601150e+02,-4.459838154967760602e+02,1.799176394881069143e+02,-2.998084999999919091e+02,-1.048461432863550726e+02,-8.633969326384274723e+01
-5.351451650000000373e+05,-1.493890387655184668e+03,-4.547289579758959803e+02,3.836033279601239769e+02,2.164160912086829285e+02,-3.256500000003200057e+00,-4.723454658407717943e+00,-1.786012368329582500e+01
-5.361015010000000475e+05,-1.009445110716359522e+03,3.555691774520344097e+02,6.221203586364187004e+02,-4.163796419003001574e+02,-4.013035000000018613e+02,-3.860333245793008246e+02,-2.230135408708297007e+02
-5.361191710000000894e+05,4.094165057987046907e+02,1.125434067331599408e+01,3.509859988587321027e+02,7.308710071555267405e+02,4.668275000000030559e+02,-1.290178382619342301e+02,4.081330906207520570e+01
-5.345195690000000177e+05,9.505401698817577198e+02,-1.551709109940148892e+02,-4.602071795273150769e+02,1.852521136651044174e+02,-8.446650000000045111e+01,8.310783832508604974e+01,-7.157422667943791339e+01
-5.350800389999999898e+05,-7.326710674089796385e+02,5.686270284011358171e+02,7.801781135297723040e+02,8.064465158086159136e+01,-1.189994999999999550e+02,-3.390574584575369954e+01,-2.079635050089373038e+01
-5.366909299999999348e+05,1.250097529407056754e+03,1.869310102070016001e+03,-9.556672906504144294e+02,-1.946234329717848368e+02,9.913450000000375439e+01,-3.172530800706008449e+02,-7.533813247800621582e+01
-5.465637369999999646e+05,-1.810128885509844622e+03,2.089415664992984148e+03,2.689613438469866651e+02,3.170251790807869838e+02,5.497600000000056752e+01,8.968643146334215999e+00,1.683934812010641338e+02
-5.347259139999999898e+05,7.213391703524030163e+02,2.480850487287644910e+02,2.360949328889881826e+02,-2.160589523331207431e+02,2.797000000000480213e+00,-5.650098805344896391e+00,5.373299577760160162e+01
-5.361533199999999488e+05,-5.023344779690871178e+02,-3.334235864514108698e+02,-3.383413694310443702e+02,7.880646461410876782e+02,-1.501190000000024156e+02,2.256600993887695950e+02,4.385446086399011278e+01
-5.362231459999999497e+05,-6.222371216966855627e+02,1.747406707947540554e+03,4.516003984421076467e+01,-2.945218563919530084e+02,1.381649999999712009e+01,9.580233685392886400e+01,3.787666645762763551e+01
-5.359417020000000484e+05,3.245217454338391008e+02,9.341014409703723231e+02,-2.497263740913144545e+02,-1.506640964984492257e+02,-6.254500000000176385e+01,9.710753324595862068e+01,-6.890796327838498314e+01
-5.364806709999999730e+05,4.432521850066548268e+02,4.396427523853002981e+02,-4.426538025766595865e+02,4.007980780308225803e+02,-2.157059999999964930e+02,-3.873110315777012147e+02,-2.903167401493624311e+01
-5.377118649999999907e+05,-4.468051051958240123e+02,-1.195773703569101599e+03,-7.104793620183892244e+02,2.500753528347471217e+02,4.627934999999997672e+02,2.126928595704084728e+02,1.634924462836789019e+02
-5.373488869999999879e+05,-1.146326773861123456e+03,-1.582858337819382541e+03,-8.905815291732873220e+02,-2.990692753619300674e+02,-1.282994999999991705e+02,-1.232287932389299385e+02,-1.888206328804784562e+02
-5.378528249999999534e+05,-1.175743357036924635e+03,4.970904759709825385e+02,-5.873948123934387695e+02,1.110041187079712870e+02,-2.409900000000379805e+01,6.406556976944557391e+01,-2.845281195786525075e+01
-5.390907160000000149e+05,-4.480899556220805380e+02,2.480393323508425965e+03,-1.096328505574012070e+03,-8.959318505339042531e+02,-1.907249999999985164e+02,-5.788521702677826397e+01,1.126315553711513928e+02
-5.363139320000000298e+05,-1.999780899466082076e+02,5.678180089225189704e+02,3.327749599693989353e+02,1.282372195527005942e+02,1.200390000000006410e+02,7.723777131389942952e+01,2.494621696822285060e+02
-5.453596500000000233e+05,-2.706917691195156976e+02,1.552607335940977862e+02,-1.210670353087821695e+03,5.553601430154974139e+01,4.287215000000014697e+02,7.156410999770741910e+01,2.559498179120251393e+02
-5.375800559999999823e+05,2.784347869361845369e+02,-2.515555012490508943e+03,3.051437759307701754e+02,-1.118135512353746890e+02,1.083325000000004650e+02,5.364530879343510605e+01,7.406345954812019272e+01
-5.362473839999999618e+05,-8.865647703275323011e+02,-1.363804750644919295e+03,-6.295044038127534805e+02,-1.640123547747117527e+02,-3.265550000000075670e+01,1.101544564281357452e+02,6.738576181384321018e+00
-5.381110309999999590e+05,1.459814309407005624e+02,6.519863678195060857e+02,-8.760245510177560391e+02,3.091141751474518173e+01,1.573125000000036096e+02,-1.389936764937010594e+01,6.215739007410576278e+00
-5.371333620000000810e+05,-4.982038936749406730e+02,-1.574804447688072173e+01,-1.532825117499218948e+02,-5.688384767730852332e+01,8.351649999999791874e+01,7.835738732933532447e+01,3.060820315896150134e+01
-5.381724919999999693e+05,-1.073427746817179923e+03,8.898848650952857042e+00,-1.738927551986409412e+02,-3.898442141930177058e+02,-2.612559999999976412e+02,6.486688686659908853e+01,-1.305638214354504498e+02
-5.386514649999999674e+05,9.559805639530160306e+02,-1.441848152632479469e+03,-1.029019271560980968e+02,1.569132318170066469e+02,-6.741650000000106502e+01,9.052926188040873967e+01,-2.707968058301005954e+00
-5.415007979999999516e+05,-1.579902679962890033e+03,-1.499797517999170395e+03,2.073992455657111691e+02,1.036409314718195219e+03,1.577949999999891588e+02,-2.990035802061902359e+01,8.606659859356037146e+01
-5.410312380000000121e+05,-7.761645388446864899e+02,-2.779482323064640354e+02,-2.477825635467571317e+02,-4.016068145206274380e+02,-1.360050000000028945e+02,1.418559952892246656e+02,-1.407967438811394629e+02
-5.381735320000000065e+05,1.407622765692476378e+03,-1.172645777077091680e+03,-1.319149768011966898e+03,6.815365512743969703e+02,-2.127769999999980541e+02,-7.887406536098569632e+01,1.844349554504702837e+02
-5.397073970000001136e+05,8.581502789444178347e+01,-9.140354250940027896e+02,1.199658182988444878e+03,-8.967769142374311286e+01,-1.117474999999997749e+02,-7.476291756887803786e+01,2.487394540551835007e+02
-5.458699499999999534e+05,1.100194924736378653e+03,-1.879115152478493201e+03,-5.423337835679086538e+01,-5.553064983414392373e+02,-3.906650000000257705e+01,2.696196345012867823e+01,-5.733889402785932532e+01
-5.356074810000000289e+05,4.559873359116855909e+02,-2.000241917776624632e+03,-8.105250848742864491e+02,-6.317126429554982678e+02,3.243129999999982829e+02,7.397110592277022079e+01,-9.689393826933709875e+01
-5.306499180000000633e+05,-1.344511731221492482e+03,9.638443252677163287e+01,-7.643937506457700692e+02,-7.807663735120863748e+02,-2.949714999999961265e+02,-1.953034765834454447e+02,-2.215231282255833776e+02
-5.295845530000000726e+05,-1.611996540593444024e+03,-5.701348236086254246e+02,4.389650386639270891e+02,4.233866793507535249e+02,-1.000260000000017158e+02,2.428274282509810291e+02,1.614192692472930730e+02
-5.276556070000000764e+05,-1.829421472505365045e+03,-6.917231256990133659e+01,4.420022522968029222e+00,-3.161486366725688413e+01,8.092349999999896681e+01,-2.111951435723749455e+02,-1.651450024154519838e+02
-5.270732700000000186e+05,-2.449664573815033691e+03,-1.189136456384166650e+03,-1.168549394511925215e+02,4.515698193118100789e+01,-1.140339999999997644e+02,-8.887429443889413960e+01,-6.527586904250381394e+01
-5.276582260000000242e+05,-1.177984507360027237e+03,-8.436102540172468025e+02,1.355506823120405784e+02,2.772620872835967702e+02,-2.313834999999980937e+02,-2.355936736459261738e+01,-1.732029234897190975e+02
-5.288897380000000121e+05,-1.309701747751196081e+03,-6.686695976159279553e+02,3.068503028206561112e+02,3.835016055549656357e+02,3.145149999999915735e+01,2.856402212344110012e+02,-5.763576092526542993e+01
-5.291663789999999572e+05,1.814602880032632129e+03,-5.746814705458260732e+02,8.224576425106825184e+01,-5.267630475587424144e+02,-1.510114999999987049e+02,5.217086388453026302e+01,-1.053580258266361227e+02
-5.302064109999999637e+05,-1.834402123491315251e+03,4.597302941635303455e+02,1.941189968565103641e+02,1.858445528427433828e+02,1.026299999999889678e+01,1.354052940850087907e+02,-5.019019646909745802e+01
-5.311300280000000494e+05,-9.313369111648188436e+02,-2.313993386524926450e+02,-1.908137652972913259e+02,1.598989556839988495e+02,-7.465700000000282444e+01,1.497801189821911976e+02,-1.672510924627664792e+02
-5.458408780000000261e+05,3.260695145568567455e+01,-1.315952892411861285e+03,2.677384067519634527e+02,-2.942707137830749957e+02,-2.048140000000021246e+02,-3.653397837243392132e+01,-1.233994489168904920e+02
-5.311909189999999944e+05,2.279818113058096856e+02,6.129765054776361239e+02,5.574067418788868054e+02,-1.265596487789609341e+02,1.921264999999948486e+02,-3.170614243182353675e+01,1.096003828658767674e+02
-5.320869840000000549e+05,-1.726121900943983860e+02,1.711210899892560519e+03,9.803749719398069828e+00,-1.607433203737880376e+02,-4.431505000000051950e+02,-1.811320992797845975e+01,7.677532730015852280e+01
-5.314769939999999478e+05,-2.006180027665263651e+03,-1.527148833757676130e+03,1.109024745536508590e+03,9.930719383849104815e+02,-1.894645000000017490e+02,4.972000588313676417e+00,5.587102377972991007e+01
-5.327476929999999702e+05,-1.297534063264226916e+03,1.627861172496986683e+03,2.158372974532013586e+02,5.597616372666511779e+02,5.184439999999958673e+02,1.482933892275905237e+02,-3.044087533278241153e+01
-5.307915600000000559e+05,-1.628585444476519228e+02,2.101680086241591141e+02,-2.597224120491916892e+02,8.926076282408110956e+02,-2.273305000000017628e+02,3.696867862704384606e+02,1.125780103509036110e+02
-5.309169239999999991e+05,-7.733819349721999970e+03,3.415426714975745654e+03,1.730970391823816271e+03,8.172968294603947470e+02,-1.956425000000017462e+02,-1.685882557382574305e+02,1.751351856199896133e+02
-5.222242330000000075e+05,-9.782782640208290559e+02,9.058045182669576434e+02,-2.701497567934701692e+03,1.155985575862468522e+03,-3.889999999921656126e-01,-3.265003749098395929e+02,-2.493009660323329513e+02
-5.154962379999999539e+05,5.609309330909629352e+03,-4.240581351443157473e+03,-3.408066662902949417e+01,-7.661290756019070614e+02,-4.232175000000006548e+02,-8.508896759856725112e+00,-7.178857102795082028e+02
-5.136032550000000047e+05,-1.549704301773151656e+03,3.862383308762297247e+02,-6.169714538547725624e+02,1.616465569919987786e+02,7.605949999999575084e+01,9.021472645358880982e+01,1.610926293601213786e+02
-5.153646010000000242e+05,-2.505297621310611760e+02,-4.298995678772399742e+02,2.587135980090434373e+02,-9.178748207174060099e+02,3.805299999999970169e+02,-1.478291753635567147e+02,-3.757735604789996842e+01
-5.466249009999999544e+05,1.484054657060158661e+03,-1.211991560737452346e+03,-7.378123749006338130e+02,-2.786731052826155519e+00,3.108999999998559360e+00,1.192629290220211260e+02,1.089884897659107139e+02
-5.131884789999999921e+05,7.186336908270102413e+02,1.770130446510292472e+02,-6.699663681924614593e+02,1.390002463631818159e+02,-2.093235000000095454e+02,4.559136271211900748e+01,-1.267897654371560776e+02
-5.100996629999999423e+05,-1.921862978833663647e+03,-1.371549603463226731e+03,4.619397538939551850e+01,6.439598066326722119e+02,6.018659999999961201e+02,5.658648697345051914e+02,2.250720350793650937e+02
-5.061408010000000359e+05,-1.287698223460566851e+03,4.429861129026859317e+02,-1.257670027564453449e+03,-1.433723197063155226e+02,-1.962465000000083819e+02,-2.630838975360966288e+02,-9.137637059598519329e+01
-5.050195960000000196e+05,2.087280570536741777e+02,-1.022156179618476358e+03,-1.331883298115138587e+03,-1.134089319149195489e+03,-6.769950000000423529e+01,-1.718439135774387978e+02,-3.851862831886452341e+02
-5.052668290000000270e+05,-3.163479135494385446e+02,7.224198304761976033e+02,7.169913897881003777e+02,1.030621322005124796e+02,-2.280660000000008267e+02,-3.203763638953387272e+02,-2.229930432913440086e+02
-5.040105530000000144e+05,-7.358995817180341419e+02,2.772778235423039405e+03,-2.737555497787372474e+02,3.124555588687717318e+02,6.460485000000024911e+02,-4.454535539631615393e+01,1.606612224898881607e+02
-5.040444919999999693e+05,-9.128888792219609059e+02,2.327862692121078908e+03,3.288018497604664248e+01,-5.192851706604506035e+02,1.765000000003055902e+00,1.975026894313341472e+02,-3.306506732595901354e+01
-5.053997889999999898e+05,-3.572748799982154537e+02,7.949510338957950353e+02,6.587341472462937872e+02,-7.711948817485100562e+02,3.046554999999990514e+02,2.164492482728674076e+02,2.115243955741649984e+02
-5.062257879999999423e+05,1.595935483689789862e+03,-2.058200093630386789e+02,2.232921553812914226e+02,-4.548042045605856174e+02,4.453184999999884326e+02,1.166817219682852738e+02,1.654504794406463475e+02
-5.068873769999999786e+05,1.347572839986402869e+03,-7.587739249104965893e+02,4.677028807976533926e+02,-3.436852540091976493e+02,3.543260000000027503e+02,8.638906677084742114e+01,1.231437869740264262e+02
