-5.405865805999999866e+05,4.324513908904472919e+04,1.284400014476577962e+04,2.009507732760364524e+04,1.932116673053382692e+04,1.727369440000000395e+04,1.513263673839243711e+04,1.341072089066906301e+04
-5.831927709999999497e+05,-1.229398879768681218e+04,1.004507292417687131e+04,2.877950553099581157e+03,1.645735986067970771e+03,1.186771499999995285e+03,9.405969298513082322e+02,8.094083147677040415e+02
-5.773230670000000391e+05,-1.163885147162216981e+03,9.756699570694202066e+02,2.267797595391594427e+02,1.797982203870923854e+02,8.520750000000225555e+01,8.507270004806923680e+01,7.559789487162399269e+01
-5.754322430000000168e+05,4.255511026619879544e+01,-3.320170084056825033e+01,-3.094238598563973142e+01,4.285429513882747443e+01,2.676050000000759610e+01,6.126906950987176970e+00,-1.694969844766355038e+01
-5.753604129999999423e+05,-9.714268130221030617e+01,8.867797636447981802e+00,3.165128637924795640e+01,-2.608798174702019423e+01,-1.377699999999459379e+01,3.797557861369568855e+00,5.087527690958591364e+00
-5.754157469999999739e+05,-8.567922381529312759e+01,2.972947410416790603e+01,2.559164253280972190e+01,3.039518273411217919e+01,7.395500000009622710e+00,-1.008879949402762577e+01,-2.138687417205285612e+01
-5.755805139999999665e+05,8.449025673577577322e+01,-3.434987678221979479e+00,-1.917311624199783182e+01,-2.171417649744602230e+01,1.863650000000780338e+01,2.897420798521488905e+01,1.830606077727743752e+01
-5.756671019999999553e+05,-1.720301581423839110e+01,3.268611393471681481e+01,-3.405116895881081263e+01,2.605902303434183409e+01,8.580499999994568583e+00,1.703920679114526138e+01,2.467950502686326431e+00
-5.756053479999999981e+05,-5.184351499731111090e+00,-7.938607729922990686e+00,-1.060564137962275666e+01,1.679376600538218156e+01,-4.383000000007085895e+00,-1.176284850426600315e+01,8.242635999351357157e+00
-5.756131280000000261e+05,1.459405651227129042e+01,7.112982765752425962e+01,-2.364811776472981464e+00,-1.176053671305678350e+01,1.160900000000219379e+01,-3.045685784949455410e+00,-5.445818920426763299e+00
-5.754044029999999329e+05,-5.344723591698793541e+01,-5.352480876254755060e+01,2.192474042708020932e+00,6.757244882599908919e+01,-4.593999999993688022e+00,2.790328559261979535e+01,5.441233454523187163e+01
-5.753746300000000047e+05,7.112798343897974718e+00,-8.045583807218767092e+00,-1.897676178609158981e+01,-8.709447800328511846e+00,-9.462999999996100087e+00,-3.784121513567515649e+01,-3.022338455058206819e+01
-5.752507190000000410e+05,1.722090536808345362e+01,-2.696869689860219665e+01,-1.249430999710870438e+01,2.067371336286465322e+01,1.932200000001103035e+01,2.144783894045394845e+01,2.349988066685276422e+01
-5.758582920000000158e+05,1.296073867304362921e+03,-9.422238398700030757e+02,-2.443552377132787115e+02,-1.772064943555763250e+02,-6.641650000000475984e+01,-9.944349954210338183e+01,-7.121150899560292657e+01
-5.752054830000000075e+05,3.611677425277970599e+01,-6.671631475787293653e+01,1.985016872444980862e+01,-1.924011994731521469e+01,-2.809100000000216824e+01,-1.069963434868259355e+01,1.864660127134319367e+01
-5.750510500000000466e+05,-4.887741916634091410e+01,-4.438869599544950262e+01,1.632396732487809032e+01,3.375543462932323280e+01,2.991500000000086956e+01,1.500583158378140070e+01,-4.199038528671824366e+00
-5.748925489999999991e+05,9.765940927187859444e+00,-2.720837455721289899e+01,-1.093463904019128563e+01,-3.117870193404431589e+01,-2.390250000000014197e+01,1.254219890746753663e+01,-2.394748744929751538e+01
-5.750868440000000410e+05,8.978464803009568129e+01,-1.269296010901538274e+01,-5.080946125179776729e+00,3.170128894340512815e+01,4.225749999999788997e+01,2.599800353348837234e+01,3.199415787242545406e+01
-5.749536240000000689e+05,-3.662255972831201944e+01,5.572583889200997120e+00,-1.534157941322587426e+00,2.755565486421107124e+01,-2.554999999999744986e+01,5.803494381863856688e+00,-1.340612902439858090e+01
-5.749545060000000522e+05,-1.773617902653203515e+01,-5.734104523658313468e+00,5.649077368266146593e+00,-1.086554585119232996e+01,3.796099999999569263e+01,1.361678932441282086e+01,2.827511977075531036e+00
-5.748266049999999814e+05,2.866827372625429149e+01,-2.273144513033869885e+01,-5.113619357721904635e+01,-6.729544035732253349e+00,-2.478900000000612991e+01,3.901624096077284776e+01,-1.286923319459191362e+01
-5.746137169999999460e+05,3.412023939845163767e+01,4.151432714681685354e+01,-2.245012225974089048e+01,-2.503744517315599438e+00,-2.256999999999607098e+01,5.031733242387417704e+00,-1.010804198735175419e+01
-5.746001969999999274e+05,3.587241944376577152e+01,7.022768789603635042e-01,3.139283856124759708e+01,-2.675692096288886290e+01,-1.223000000000320853e+01,-1.674146830500103533e+01,1.594204055347706728e+01
-5.747393479999999981e+05,-3.412095353795093899e+01,-5.884637216489097966e+01,-2.361181424329471312e+01,-1.371689239226819623e+00,-6.560000000099588391e-01,-1.852822834477410652e+01,1.729815554905617603e+01
-5.769836140000000596e+05,-1.029309061181260631e+03,8.299801169800130083e+02,2.330975976599250146e+02,1.445024105829925247e+02,9.829299999999602733e+01,7.470554259291384369e+01,9.071168306407938076e+01
-5.746783649999999907e+05,-4.662108941728332212e+01,1.233751870956005448e+01,8.206061107025895751e+00,-1.686449999367226837e+00,-3.326999999997500623e+00,-3.744992387923412025e+01,-2.400415649538030749e+01
-5.747934529999999795e+05,1.393430651225889960e+01,3.665842971922298688e+01,8.371940680134345669e+00,4.338425397710941667e+01,-1.213549999999122342e+01,1.649231488208170049e+01,-9.615751111277639041e+00
-5.751291210000000428e+05,6.131870374046621919e+01,2.661910926729946070e+01,8.065738320874491052e+00,7.937261475802342758e+00,4.018499999998311978e+00,-2.774134995328495279e+00,-1.279855714134249034e+01
-5.750023160000001080e+05,2.529529492037205785e+00,1.166825738327428752e+01,1.832427858064984427e-01,1.530129689367946355e+00,1.425999999999475953e+01,-5.327516874793218449e+00,1.279367351520364338e+01
-5.748229029999999329e+05,2.082013170267288160e+01,2.988226983481349919e+01,-3.944641655568543825e+01,-2.387861050740126956e+01,-3.550999999999469026e+00,-1.567398667131783441e+01,3.190490354846360788e+00
-5.746319270000000251e+05,6.839503521396753172e+01,4.427516119852023735e+01,-4.237677604921509555e+01,2.644313464941108904e+01,-1.854700000000047666e+01,-9.158586738340090960e-01,1.338165025502323147e+01
-5.750253009999999776e+05,-1.891947574124043996e+01,3.768145083007668461e+01,-2.052305672863177577e+01,1.014416716350948455e+01,9.042000000003099558e+00,7.485582652851007879e+00,2.182536909367258460e+01
-5.748504450000000652e+05,-1.255096813040109680e+02,-1.402129891369042980e+01,-3.055800313681499514e+00,4.648913882275152076e+01,-3.386049999999704596e+01,-3.092359488966758363e+01,6.093832928855384523e+00
-5.748660840000000317e+05,-6.968773307161269415e+00,5.195285576033839448e+01,-1.436145177635683723e+01,5.431223041112968275e+00,2.240449999999873398e+01,-3.261793501634383574e+01,-9.105926755197053524e-01
-5.747728710000000428e+05,-6.703162999382751508e+00,-1.683372215358492952e+01,4.201808338442409863e-01,-8.003320998671661357e-01,-1.719999999999345164e+00,9.572902753483504057e+00,2.918372133191856399e+00
-5.759161389999999665e+05,8.615824238107488782e+02,-7.251044191309696316e+02,-2.252451704689206053e+02,-1.569725497594925514e+02,-9.847100000000136788e+01,-8.731745759581099264e+01,-6.525710690441002271e+01
-5.748426430000000400e+05,6.181629717465486351e+01,-2.737730717068276576e+01,-8.558807970773525398e+00,-3.124711785746903558e+01,9.850000000005891820e-01,3.553656583940028213e+01,-1.427736906712163645e+01
-5.748144459999999963e+05,3.527260079659845360e+01,5.815447177544382384e+01,8.768126971661784452e+00,8.114530646601817665e+00,5.718000000002573913e+00,-3.043932167388265952e+01,-5.241121503607966581e+00
-5.745686659999999683e+05,3.572989345321189347e+01,-3.669050114878555036e+01,-3.848912695902451730e+01,1.475677145206574892e+00,2.625999999999476131e+01,-2.511468521223287098e+01,6.817338046109718164e+00
-5.747073789999999572e+05,-4.767964422317033524e+01,3.747130183002193604e+01,4.036330284660994039e+01,8.109947415695316408e+00,3.084050000000206282e+01,2.733222473258501850e+01,8.696451102584619619e+00
-5.747175420000000158e+05,-9.987105737274916351e+01,2.040545742706989429e+01,1.204284106593897441e+01,2.806143251836696351e+01,1.854999999995925464e-01,-9.078665141714736819e-02,-1.337778394269686544e+01
-5.748002689999999711e+05,-3.642137470940006949e+01,-9.721184555590783205e+00,-3.313894269385129832e+01,-6.895888935959892940e+00,5.989999999997960956e+00,-5.807856601837556809e+00,1.780359675374977968e+01
-5.747398529999998864e+05,-8.290300405643715465e+01,-1.905436416154837787e+01,4.411591596256004522e+01,-5.062299857122626179e+01,1.473000000001768228e+00,-9.111932335566962138e+00,-3.239583232010440383e+01
-5.746803140000000130e+05,3.951415403155515094e+01,-3.982928688205323908e+01,-6.324302945772116935e+00,-8.012161881187575219e+00,1.069950000000062929e+01,3.326940449976245873e+01,2.090625109043074659e+01
-5.749081359999999404e+05,3.911244901610179170e+01,4.912769439237119684e+01,1.380083066979737261e+01,6.027714316398583350e+00,2.217500000000659277e+00,5.686105211905669421e+00,1.708796682623430030e+01
-5.746380799999999581e+05,6.946157414885293591e+00,-1.999191369657556550e+01,-5.429170380028437393e+01,2.666873247408436853e+01,2.270199999999749707e+01,-1.426922903707600199e+01,8.334521913244742564e+00
-5.770125329999999376e+05,-6.470490404719380422e+02,6.100151071690901290e+02,1.941889350727960277e+02,7.488831194725625551e+01,7.635800000000017462e+01,4.441344325873069465e+01,3.159876860290795975e+01
-5.745988569999999600e+05,-2.523271808076780687e+01,3.985425395018879158e+01,-1.647800026741019863e+01,-1.470150121199373316e+01,-8.834999999999130438e+00,1.770583571522729471e+01,-2.975057808933447845e-01
-5.748391129999998957e+05,-5.261925783474321605e+01,2.656999422221007379e+01,1.069717028989558827e+01,1.857914331201164160e+01,-2.242700000000149885e+01,3.161455878804554231e+01,7.833301641347141242e+00
-5.749012779999999329e+05,1.161974232560426046e+01,3.558375182187270980e+01,-1.738164593889380072e+01,-2.636111564187503831e+01,-3.039750000000458385e+01,-2.550629529810976237e+00,-2.375099697494736262e+00
-5.746156329999999143e+05,-9.743013031669106283e+01,1.182958393275533737e+01,2.779301380333028426e+00,1.932462639958542638e+01,9.267499999999927240e+00,-1.113522490565082990e+01,1.016897628401812703e+01
-5.746733370000000577e+05,9.063139622845903887e+01,-3.369141568188035762e+01,-5.358121067855728370e+01,7.734433716297687056e+00,2.794999999996441886e+00,9.176554282254073769e+00,-3.347314111346936016e+01
-5.746958750000000000e+05,9.325295900332392307e+01,-3.527642920948110827e+01,-1.617698065357254933e+01,-4.960714548168922988e-01,3.284750000000349246e+01,-7.595150556444423273e+00,2.239735421004689542e+01
-5.745387199999999721e+05,2.937070925500027130e-01,-4.898468473507923449e+01,-2.104462395256794593e+01,3.125176938435370033e+00,-3.834999999908195178e-01,-2.038823732815217227e+01,-6.917704467930269052e-01
-5.748432020000000484e+05,8.641272010286814975e+01,7.991964365725839237e+00,1.011551975385622981e+01,2.502245954318885879e+01,1.289050000000497676e+01,5.504352116462541744e+00,3.189591613960768512e+01
-5.746194540000000270e+05,5.056290458012860256e+01,-3.261266482661260113e+01,-7.728398919941747636e+01,-1.784537410663992318e+01,-4.731999999998148354e+00,-1.188434289878932759e+01,-5.487423034140157974e+00
-5.747192749999999069e+05,-6.054178700134919211e+01,2.842206492522225503e+01,1.502428311318434595e+01,3.610904514268487020e-01,1.977749999999287311e+01,5.363311496446840465e+00,3.613507852157038513e+01
-5.765683140000000130e+05,5.405690532863224007e+02,-4.262287591566889660e+02,-1.388074719862939901e+02,-5.893036567655528302e+01,-3.564249999999447027e+01,-2.947580882353940979e+01,-5.405284374800687175e+01
-5.746161030000000028e+05,-1.184193207339423992e+02,9.993655345372477683e+00,-1.606283239567928689e+01,1.725119492937229992e+00,-5.437000000003536115e+00,-1.404973547486588359e+01,-2.055692922654662169e+01
-5.745899039999999804e+05,1.502853804569824447e+01,-7.999484668679228250e+00,-5.589511613021612391e+01,-1.007581788165537873e+01,3.820000000000436557e+01,3.782698800496291369e+00,8.550142439486947410e+00
-5.746786210000000428e+05,-1.086300769632920264e+02,1.105574312204381826e+01,3.532377207043941070e+01,-1.156127275952979439e+01,2.857050000001253665e+01,3.165441306307911873e+00,-1.707574889880911684e+01
-5.748025200000000186e+05,-7.946497959175536252e+00,-8.483717954395029182e+00,-1.938015916060955490e+01,2.179959396230876578e+01,1.820650000000387081e+01,9.043035001930547878e+00,6.287129438108850721e+00
-5.746441580000000540e+05,-1.411571924699193836e+01,1.775476730653625879e+01,-6.716644592203979691e+00,1.652542463156081354e+01,1.019900000000597906e+01,2.477992719883332029e+01,-1.664898282159908405e+01
-5.747664150000000373e+05,3.699495706246064941e+00,-1.274031721991702959e+01,3.834534231345688937e+01,7.064322294054470319e-02,-6.229499999995824489e+00,1.153460275288671255e+01,2.775668300966024571e+00
-5.746227410000000382e+05,-5.035513155067319246e+01,-1.733217919097134185e+01,-1.282646044661122176e+01,-3.478052146198093908e+01,9.541500000001182258e+00,-1.800409383562509902e+01,-2.953804714750950922e+01
-5.745257119999999413e+05,2.958940745772524394e+01,3.336957238963691452e+01,1.080387506249230256e+01,9.952373067524314720e+00,-4.890999999999622538e+00,9.100591529277153313e+00,2.817777861438015918e+01
-5.743809969999999739e+05,-4.750942581636020634e+01,1.040873348098616979e+01,-3.828149655604204327e+01,-1.622156149039366468e+01,4.589999999992864232e+00,9.493756954587297514e+00,-1.747506454130835962e+01
-5.744087419999999693e+05,-1.301572186482428606e+02,-1.483239064427036524e+01,1.296070766429532917e+01,-1.698846335286849296e+01,7.276499999994484824e+00,9.147446191287599504e+00,7.491587251526053315e+00
-5.766620100000000093e+05,-3.763102629227560101e+02,2.987052891728876602e+02,1.094036315795815568e+02,5.413874017692182861e+01,6.712299999999774514e+01,9.942160619102651253e+00,2.180690216750855015e+01
-5.745422339999999385e+05,-8.968479657142559347e+01,3.853632109116010440e+01,1.398418235360279738e+01,-3.672009658519352371e+01,-9.888000000004470991e+00,-1.220394943692372181e+01,-1.715459376009679815e+01
-5.746832320000000764e+05,7.322174364331033303e+01,-2.932565714066529594e+01,2.166882448679249151e+01,-1.235330951514106346e+01,1.477150000000619912e+01,-1.179806696431478485e+01,8.611362387406693131e+00
-5.742498570000000764e+05,-3.815874749830769019e+01,-1.945797202448635943e+01,-1.041063030382209220e+01,-2.457041396851281334e+01,-2.084749999999621650e+01,7.873522752517601475e+00,-1.238972680720664421e+01
-5.745031620000000112e+05,-1.303189705405252141e+02,3.539170656783496582e+01,-1.413638031403604778e+01,-8.772158524236472132e+00,5.659500000003376385e+00,1.459575074331951328e+01,3.704197990992373946e+01
-5.747751890000000130e+05,-4.490639668724274003e+01,-1.872360710923201665e+00,-2.036632610570272561e+01,1.030657494474757740e+01,1.418599999999969441e+01,-8.956204385583987460e+00,1.243191928625789444e+01
-5.745366639999999898e+05,-1.191949650955765918e+02,7.236874474616497466e+00,-8.105011335397511729e+00,-4.119175965543038842e+01,-2.154950000000281563e+01,1.230472738508251496e+01,-1.421929110873927371e+00
-5.743037469999999739e+05,-1.055104026060112687e+02,5.826544625540296352e+01,-1.209285897922033559e+00,1.483385218442959186e+01,-2.035799999999289156e+01,-6.365135621512308717e+00,1.290025341598575537e+01
-5.745131429999999236e+05,4.704905110367435839e+01,-5.172335068970052419e+01,2.355318320633643125e+01,-1.849963039616298488e+00,1.212749999999869210e+01,6.251295634807320312e+00,6.105960751341525494e+00
-5.744664170000000158e+05,-9.640734396992607813e+00,3.040230403131281633e+01,-1.050423334935386244e+01,-4.442350356109477616e+01,-1.235199999999713505e+01,4.389229195949155837e-01,1.528659661299087702e+01
-5.743832949999999255e+05,-5.050194579714596621e+00,2.722097067544983062e+01,1.765113060428874192e+01,-2.367691939288678071e+01,5.507500000003346052e+00,-1.341536014011944644e+01,-4.640900297731183954e+00
-5.762484909999999218e+05,2.400363211889988122e+02,-2.403395953275489774e+02,-1.096673169775266672e+02,-5.431975974010455843e+01,8.529000000002298520e+00,-1.520125780734815635e+01,-9.963333819600569186e+00
-5.744143050000000512e+05,4.008956061356255418e+01,-4.535829397101299065e+00,-1.641208590927475841e+00,1.938394205091539746e+01,-5.000000002837623470e-03,1.619227691454580054e+01,-9.478921320281289198e+00
-5.744972700000000186e+05,-2.470510514994165163e+01,7.602319923118523448e+00,1.824158357950487641e+01,-8.302255612782769134e+00,1.052400000000306690e+01,5.397352796135237440e+00,-9.952584251843438423e+00
-5.744622609999999404e+05,3.675091380817914199e-01,-1.975604485189543880e+01,-1.641832837122784383e+01,1.970905415224817148e+01,-5.562500000007275958e+00,-1.048165083650383167e+01,-1.837682331711019401e+01
-5.744469189999999944e+05,-1.574477935854818966e+01,-2.334110694547888443e+00,-3.071068150573241784e+00,-4.608343653945861718e+01,-9.017999999994570359e+00,4.004317612972226925e+01,4.513542273228356549e+00
-5.747153599999999860e+05,1.890567458855457073e+00,2.951547395136822161e+01,-2.079417862180094900e+01,-2.287555715711016902e+00,1.389850000000296681e+01,1.465206518498598598e+01,7.581089887161565066e+00
-5.748376940000000177e+05,-7.196445992432814798e+00,-1.480043867907238031e+01,1.094219025767847597e+01,1.589178360792379507e+00,-6.167499999994104698e+00,1.949413386255037040e+01,-1.234280679094996280e+00
-5.747145130000000354e+05,-1.905142604315604871e+01,3.708967236557785441e+01,-4.869870803865866549e+01,2.184068321352234676e+01,-1.148549999999887206e+01,-4.033846601904951967e+01,-3.639826924302634659e+00
-5.744829920000000857e+05,-3.021709145696721777e+01,-3.041423655033669604e+01,1.734169043074350824e+01,-4.675043114035039693e+00,1.039750000000458385e+01,-1.464864956375095062e+01,3.299507129979761366e+00
-5.744140219999999972e+05,9.694726503093129111e+01,7.954016556541976257e+00,-1.133007302292101848e+01,-2.486306762001165538e+01,-4.623500000006963262e+00,-3.973955594672588632e+00,-1.020116460555674820e+01
-5.744587390000000596e+05,1.437162236212245681e+01,-1.852492014812594689e+01,-3.551865059732119789e+01,3.226136607674210666e+01,-7.452499999999421476e+00,-1.863641692674718797e+00,2.419337901620672326e+01
-5.765043859999999404e+05,-1.682818011084433749e+02,1.531330655393794871e+02,8.162321427813293440e+01,6.793723735993113166e+01,-1.309100000000763231e+01,-1.324997219722718000e+01,-7.434677656197016482e+00
-5.745504290000000037e+05,-9.263247603952603981e+01,-3.570624022723485069e+01,-1.124245643478959877e+01,-8.048135915613134017e+00,9.216000000000345693e+00,9.393075481930281967e+00,-2.540639908993042262e+00
-5.744491260000000475e+05,1.980123267172555046e+00,1.019765287415427757e+01,-2.875628548566449538e+01,6.360706029289671548e+00,-1.125050000000919859e+01,1.186077714108978398e+01,-2.188960451732169332e+01
-5.744922139999999199e+05,1.437524391336056517e+01,5.985588078832389414e+01,-4.126223278926858917e+00,-1.552567560307264927e+01,-1.336500000006709321e+00,2.262127594227786176e+01,-2.929474426420964051e+01
-5.743971650000000373e+05,1.710550076234326866e+01,3.568670925870046773e+01,-1.865825662888402547e+01,-1.819633568929688394e+01,-4.232999999996540197e+00,1.888365731516387314e+01,-1.137506752148073907e+01
-5.742325600000000559e+05,-2.800448462344151679e-01,-3.348794692142082852e+01,1.156635794550806784e+00,2.961828435650540570e+01,1.958450000000084401e+01,-2.909649445500690490e-01,-2.059682842408047421e+01
-5.740860190000000875e+05,4.894677603048335612e+01,9.281130078555523966e+00,-1.594017606845685187e+01,9.620232126995858835e+00,3.143999999991141436e+00,-1.528174329237663187e+01,7.295796381331864033e+00
-5.739326459999999497e+05,1.066744984053881922e+02,2.381332056973212374e+00,2.895875674846291048e+01,4.145114721970703187e+00,-9.004499999997275239e+00,-2.799928743799682707e+00,-2.547069275418891721e-01
-5.740282900000000373e+05,-4.180969847108046622e+01,1.570216485567605602e+01,3.390761510923314148e+01,-3.501663314635302271e+01,3.994100000000435102e+01,5.241191456530941650e+00,2.314828562820022384e+01
-5.742899909999999218e+05,5.855351661306693245e+01,2.545761054945804247e+01,-7.189551028791359322e+00,3.498153103693117316e+01,-1.583800000000155705e+01,-1.242058387215365656e+01,-5.172425249984816453e+00
-5.742608500000000931e+05,-8.462718654252881834e+01,-3.796859879329239362e+01,5.832116313455585299e+01,2.804046263335540345e+01,9.450499999997195033e+00,1.240559168969048187e+01,1.210435076668108145e+01
-5.764441569999998901e+05,2.017898454312512690e+00,-2.149811620212435415e+01,-2.628880219700062693e+00,-7.534052922914675321e+00,-4.763500000000931323e+00,3.276305020428844728e+01,6.449848240229735907e+00
-5.742103599999999860e+05,1.864671338845432658e+01,-7.654051015581862316e+01,-2.803876676417449421e-02,1.359167961569679406e+01,-2.495049999999900336e+01,-6.646628030488500372e+00,-5.453802282762686104e+01
-5.741019400000000605e+05,7.578913606392649172e+01,-3.393016503821609575e+01,-3.190599858238341113e+01,-1.280764513127493665e+01,2.246150000000488234e+01,-5.974743712460622191e+00,1.022566983526486339e+01
-5.742805000000000000e+05,-7.934800391461573099e+01,9.659054097409036643e+00,3.490666211359112481e+01,1.280198920044925082e+01,-2.103100000001177250e+01,1.036704973079031333e+01,7.643702790291271754e+00
-5.741391780000000726e+05,-1.699509155518460091e+01,-9.329797487639389431e+00,-5.142483630694663077e-01,7.824916693944770962e+00,-8.776499999994481271e+00,-9.559932496020337567e+00,5.201936703264279593e+00
-5.740321820000000298e+05,2.472720550544003260e+01,-4.517794998697469566e+01,3.235188572603521351e+01,-2.863410098525870495e+01,1.635649999999986903e+01,9.920025977742625400e+00,1.135037845813912938e+01
-5.741758279999999795e+05,-3.806731058225294362e+01,4.349183606033530936e+00,2.000550058050032476e+01,8.522448609217430970e+00,-1.381999999997786333e+00,1.881593404887826182e+01,-1.720696423242483064e+01
-5.740660009999999311e+05,-2.677737303319236872e+01,1.785251265232822959e+01,-1.556674001370025806e+01,-1.768513115120779844e+01,-4.269250000000647560e+01,-1.510756599204614758e+01,-1.350106691240725176e+01
-5.738952800000000279e+05,1.902238192150427665e+01,3.659383277622579556e+01,-1.693385033711935961e+01,-2.684669699960771183e+01,1.984499999996844011e+00,-5.203581553156254813e+00,9.783106223094202747e+00
-5.740967920000000158e+05,-1.355442325080939270e+01,4.499002903761488881e+01,1.482933740805351341e+01,3.859024704368869862e+01,-3.378000000000429281e+01,-1.315640346615691669e+01,-1.992005256946603353e+00
-5.739698939999999711e+05,-2.788667361289643765e+00,-3.818946124842798184e+01,-2.827423317628473143e+01,4.468280652196075664e+01,1.663500000000021828e+01,2.258526371329207905e+01,1.240494025891576158e+01
-5.712863230000000913e+05,8.920292756441154779e+03,-7.248889430127702326e+03,-2.135575395020789983e+03,-1.202235573232825573e+03,-8.445770000000002256e+02,-6.438541627331287600e+02,-5.656894800341269729e+02
-5.764148530000000028e+05,-3.558729226402583379e+01,7.178782926519753005e+01,-2.595658070044231280e+01,1.883628959489669796e+01,-1.621250000000146230e+01,1.539153361605713144e+00,-9.866459519674780410e+00
-5.765145799999999581e+05,7.110899616114818400e+01,-2.698936177991191698e+01,-1.251352509194749274e+01,7.514286215072631059e+00,-7.084000000008014553e+00,2.156214398646261543e+01,1.533788257227956109e+01
-5.763214109999999637e+05,-2.595797446281392951e+01,2.429976778243269919e+01,-4.042164832217066461e+00,4.614722540349686852e+01,-3.491000000000349246e+01,-1.658172312629176304e+01,-2.341060683289052236e+01
-5.763351469999998808e+05,-5.802369048431682330e+01,6.633792044414722966e+01,-1.533152579203364141e+01,1.109635154728140449e+01,3.518399999999928696e+01,9.440281440911348909e-01,2.050740344921575797e+01
-5.761275580000000773e+05,3.305640341096603407e+01,-6.429825273959744436e+01,-1.653272801126538027e+01,2.391996937764236364e+01,1.534649999999965075e+01,2.011402766103856266e+00,-5.130405917210937972e+00
-5.762016559999999590e+05,-9.106655637080153909e+00,6.716816538408376402e+01,5.422092010178538857e+01,2.016608728432443343e+01,1.155249999999796451e+01,4.632538199421833269e+01,-2.055022556597617900e+00
-5.760115019999999786e+05,-1.005100446513478296e+01,-1.806501535471855213e+00,-2.438505728870171652e+01,2.333897087554992922e+00,-2.995100000001002627e+01,-8.330215481837512925e+00,-4.287799347061046262e+00
-5.763795840000000317e+05,-8.511162065760689899e+00,-1.186895768339699764e+01,-7.891216454140816516e+00,-1.546155433815415314e+00,2.187449999999626016e+01,-9.008653916534967721e-01,1.110037722149967720e+01
-5.761463880000000354e+05,5.485942330186392724e+01,-2.208307087397491486e+01,7.091367290647869304e+00,1.190181361798387982e+01,3.510500000003958121e+00,-2.521331122901756316e+00,-4.216399745308524416e+01
-5.760877220000000671e+05,-1.148654262679617801e+02,5.063140511346112760e+01,2.909594058097823677e+01,7.659329698572173939e+00,1.962049999999543815e+01,1.816136818419909105e+01,2.387701997820802546e+01
-5.796488589999999385e+05,-5.817119012439059588e+03,4.949258780298587226e+03,1.437439741625679517e+03,8.332803705603357685e+02,5.742420000000001892e+02,4.649459397594619077e+02,3.962844825739201156e+02
-5.761442060000000056e+05,7.837807461835659240e+01,6.346802428559291442e+00,3.178963337638517217e+01,-3.651861480836716112e+01,2.779850000000078580e+01,-1.973486998403677717e+01,6.973133179852421648e+00
-5.759725820000000531e+05,-2.865591243997437232e+01,-1.951246652635473922e+01,8.881325578684592159e+00,-2.416148331501064916e+01,1.528499999999621650e+01,2.335499998735031113e+01,1.375955979340698221e+01
-5.759578329999999842e+05,7.978789504391932574e+00,-2.854129729072299426e+01,-4.491859427428645191e+00,-4.335952599074474278e+00,-1.943650000000707578e+01,3.924171374330762774e+01,-7.204308142000424908e+00
-5.760230009999999311e+05,-8.754691606843944385e+01,2.905213851580419515e+01,2.445275654419158951e+00,-1.416097847009104171e+01,2.874099999999816646e+01,3.052715568308485672e+00,-5.689707418701914321e+00
-5.760903129999999655e+05,2.393104061688238815e+01,-5.622488110343964252e+01,1.496519207007828989e+01,-2.395168762932155460e+01,1.013150000000678119e+01,1.539381564830546267e+01,-5.851159579283255141e+00
-5.762322939999999944e+05,5.206007901886893308e+01,-1.330502625285869556e+01,-1.641033704148383165e+01,2.267990731625822320e+00,3.065000000024120652e-01,4.492250603332649916e+00,3.055518867883656497e+01
-5.761838500000000931e+05,-7.049908476477818908e+01,-5.248837081772771285e+01,5.356321892573212118e+00,-3.796780601583317605e+01,-1.686949999999888306e+01,-3.740216841164510697e+00,-4.710606342589031215e+00
-5.758993050000000512e+05,-1.696282241801530333e+01,1.458452994714230044e+01,-3.019527466947052119e+01,-1.254457661809293967e+01,-2.369750000000203727e+01,-4.062037094379775226e+00,-1.990462800940605348e+00
-5.759501940000000177e+05,7.688687210199856281e+01,4.076483726235120031e+01,-2.940748092098074196e+01,2.871287421238821835e+01,-1.247950000000127702e+01,-4.096618603976094164e+01,5.462464740827858378e+00
-5.758568910000000615e+05,4.645282301350123788e+01,-9.197231884704939375e+01,1.276583120943465310e+01,-1.631757041287231758e+01,1.927449999999589636e+01,5.416779822905664332e+01,6.591862118425899197e+00
-5.742770470000000205e+05,3.540784139715492529e+03,-3.079194410512793183e+03,-8.941819155128740704e+02,-5.128627321385315554e+02,-3.423050000000000637e+02,-2.959507261892140377e+02,-2.408463877177781569e+02
-5.759709869999999646e+05,-6.154153133448762247e+00,1.004421393590725131e+01,-1.422833915442182295e+00,1.593012612526072402e+01,3.552649999999994179e+01,-1.994670906441751868e+01,-7.271490774845933203e+00
-5.758772280000000028e+05,2.346125544395082585e+01,-3.501726332660709318e+01,-3.520072796379837943e+00,1.471110364819476324e+01,-1.231300000000373807e+01,-1.620015830785268918e+01,1.247954186819635325e+01
-5.757801659999999683e+05,5.333811507375444450e+01,-8.909959129205587303e+00,-2.842022848480105068e+01,-3.878816581848422373e+00,-3.234000000002193786e+00,1.548028747117496096e+01,-3.618436052175712803e+01
-5.755834390000000130e+05,8.305556441704945669e+00,-2.697358035311188118e+01,-1.622413904018729269e+01,-3.676788986584710983e+00,1.530699999999705874e+01,-8.367858867335598916e+00,1.648803048320662157e+00
-5.759219179999999469e+05,1.066648190942539145e+02,-3.256856005728716497e+01,3.722395082446821846e+01,1.814441388195537286e+01,3.151999999996412782e+00,-1.800145990698365495e+01,-3.704103451013884296e+01
-5.757797210000000196e+05,2.137263807166836926e+01,4.000449968507651732e+01,3.242138525249373515e+01,3.238033194217980792e+01,-2.165099999999801739e+01,2.398842644522665069e+01,4.153201039628908120e+01
-5.758404109999999637e+05,2.651998976805905528e+01,1.259748517295892967e+01,1.867734268187151159e+00,1.346954377899855793e+01,1.165650000000460018e+01,-1.360086239303927869e+01,-4.186356452500783476e-01
-5.758003179999999702e+05,3.918968981387739348e+01,-7.015547816776020795e+00,1.365059706864953881e+01,-7.822546086023923984e+00,-3.217000000000545867e+00,4.052933768805814907e+00,-5.489657387947878497e+00
-5.757197040000000270e+05,9.334778274535389642e+01,-5.612525420757302541e+00,-6.293897300657413929e-01,1.640890171186538993e+01,-3.440000000000690505e+01,2.164581486949464306e+01,5.557117921152965323e-02
-5.756319860000000335e+05,-1.458483262341480824e+01,3.893893701074117786e+01,-4.016996197417286396e+01,-1.545956937926283814e+01,-4.086499999993983501e+00,-1.415190044706105255e+01,7.257637110122470148e-01
-5.774787950000000419e+05,-1.787286613266801851e+03,1.644156465767314330e+03,4.530429942411602724e+02,2.638312254395800096e+02,1.650919999999949823e+02,1.647248244945949409e+02,1.382509951819764922e+02
-5.755021339999999618e+05,-6.270682858596407527e+01,1.086704658277614222e+01,1.055184176602108792e+01,2.211070329378705068e+00,5.311499999997977284e+00,-4.969899627409176901e+00,-1.843267974712081525e+01
-5.757939320000000298e+05,1.302476739397838799e+02,-2.723333995744254565e+01,-2.024715844790330976e+01,-3.525628577374185113e+01,2.899999999997824318e+00,1.724416476610349491e+01,-3.458280228610834950e-01
-5.753523310000000056e+05,-1.040045286090859911e+01,6.299274685691988118e+00,1.157722738510806693e+01,-4.882916709163838576e+00,1.185150000000067116e+01,-1.603167318936903030e+01,-1.856323471105582712e+01
-5.753972339999999385e+05,1.361096468784062097e+01,-4.646482465307027354e+00,-1.987541626784311077e+01,-1.625486964227604858e+01,2.150499999996105416e+00,-5.231819993641693145e+00,3.569904676904414487e+00
-5.753318170000000391e+05,-8.051372712302054424e+01,1.747766048329075161e+01,4.034143579028584448e+00,-2.882649478009832222e+01,-6.576499999995590429e+00,-2.070414321246789768e+01,-3.397599526627913491e+01
-5.750537469999999739e+05,5.008747955020037557e-01,-4.246676895683308572e+01,1.399494017354482089e+01,-2.115276051958658599e+01,-1.851350000000275031e+01,3.636850635908194818e+01,1.979950076154823080e+01
-5.754180979999999981e+05,1.064152126147451582e+02,-3.524753432637437811e+01,1.376043970001796701e+01,-1.858929708436214412e+00,-2.727849999999852670e+01,2.145671995356678963e+00,-1.179554715435817158e+01
-5.753821129999998957e+05,-4.830216718739947623e+01,-1.653936924113384777e+01,1.138724467992617662e+01,1.563993681185289031e+00,9.432999999999081453e+00,-1.172598482586909086e+01,-4.952590791421867422e+00
-5.752274939999999478e+05,-1.910404057491633623e+01,-3.033004242879306034e+01,-3.167529089766397377e+01,-9.974606826629244694e+00,-2.918250000000443833e+01,-4.994097727874759585e+00,7.165768318820452620e+00
-5.754082339999999385e+05,2.224409704006038879e+01,-1.161396184747896676e+01,2.281075962753565278e+01,-5.211690483017903830e+00,5.767500000001746230e+00,2.561635307615506463e+01,8.647695502820127444e+00
-5.760404760000000242e+05,4.324572898706138631e+02,-5.093553150801643596e+02,-1.667911093618917562e+02,-6.981763255198495699e+01,-8.294500000000149953e+01,-9.850601367783383466e+01,-6.828733916709195739e+01
-5.753698040000000037e+05,1.729579133797616208e+01,-3.121911359821563181e+01,1.201716025252099485e+01,1.347782492598568282e+01,1.020850000000064206e+01,2.984314581641228870e+00,-5.023641609815364006e+00
-5.755742280000000028e+05,-2.915449799196706238e+01,4.897704121045521930e+01,-3.369640816546096573e+01,-8.172173653554558825e+00,-5.185499999999594323e+00,2.847299747489159927e+01,1.210584472063827022e+01
-5.757648100000000559e+05,-3.874772322133024005e+01,-3.016069412919818404e+01,-4.290935017185044842e+01,1.779476115871248254e+01,-1.063000000000101863e+01,8.679986304719932377e+00,1.262686529455320006e+01
-5.758272320000000764e+05,1.646600565361502078e+01,-1.138174775855749843e+01,2.819708863156933809e+00,4.972679744465700047e+00,9.230500000003303285e+00,1.603710563795175403e+00,2.660214768937224505e+01
-5.756894510000000009e+05,1.212351077847790393e+01,4.193128611359185243e+00,7.295785658730062906e+00,1.744868246231798636e+01,1.260100000000784348e+01,-1.708743682096246630e+01,-2.016849876730747226e+01
-5.754449359999999870e+05,2.592106962374477064e+01,-2.691572838352509223e+01,-2.965417390989604485e+01,2.756811267456401282e+01,1.147649999999339165e+01,4.876726209439220838e+01,1.014600519640477039e+01
-5.754054080000000540e+05,-7.840146871832835984e-01,6.686943499713210315e+01,-3.177351709056533302e+00,-1.347528974728571427e+01,-6.321500000005472408e+00,-2.286044541251612827e+01,-2.841950875459309600e+01
-5.753493730000000214e+05,-5.376308561888271953e+01,-4.683153380805733512e+00,-9.098518773737966470e+00,9.458194789639055244e+00,3.563449999999284046e+01,6.758714755123946816e-01,2.590457157478284955e+01
-5.756430119999999879e+05,-4.834569894331187356e+01,4.630378714729583578e+01,-1.117635701408899962e+01,2.633947417347452102e+01,-5.060850000000391447e+01,1.530595001415349543e+00,-1.945535381999051339e+01
-5.753742449999999953e+05,-3.043413176446040325e+01,-9.325014048684037604e+00,-1.958188893081701210e+01,3.122493705814568443e+01,4.023749999999927240e+01,-1.448405171622289345e+01,4.549671964819534509e+00
-5.761764830000000075e+05,3.500324196006871489e+02,-1.860827699692837882e+02,3.036226483715533497e+00,-2.983091877479819232e+01,-5.187000000000080036e+01,-4.189994703923002817e+01,3.852601675713113849e+00
-5.751171770000000251e+05,-8.020330467762395443e+00,-5.390547425548781035e+01,-1.349933458245919837e+01,1.282117113532325803e+01,2.707149999999637302e+01,-2.775865279673598707e+01,1.608118721219746305e+01
-5.753347430000000168e+05,-1.212318350358973085e+01,3.104595316696755702e+01,-2.516221031681304510e+01,-1.675245722470087628e+00,6.453700000000026193e+01,1.010538472552434541e+01,-7.895777035992708193e-01
-5.752632179999999935e+05,1.834452998955409342e+01,-5.341633787085696383e+01,-2.254660902539286838e+01,-1.735358370284365037e+01,2.208450000000447844e+01,-2.345776184735586867e+01,-1.445199388614709335e+01
-5.752037839999999851e+05,-1.245479628272230315e+02,-1.842563077716589959e+01,6.967814989058034314e+00,-1.142417765734025537e+01,-5.728499999993800884e+00,7.091327370668295771e+00,3.157157383797458472e+00
-5.751167010000000009e+05,-9.440780427062779268e+01,1.451871179369886100e+01,-1.534531432982829458e+01,1.851269001503179013e+01,-1.424250000000029104e+01,-1.806188737801858224e+01,-1.978674709620047167e+01
-5.752693429999999935e+05,8.825786376629136498e+01,5.847945299434301525e+00,-1.374444211335539734e+01,-3.002182275600511474e+01,-4.077450000000498420e+01,3.959251571673667058e+01,3.380502077615682310e+01
-5.750997129999999888e+05,-6.154291963099539942e+01,-3.556528466364059682e+01,3.089339512942577670e+01,1.413772716737114266e+01,1.362149999999564542e+01,-1.002352083451114595e+00,-9.071948128570191727e+00
-5.753140879999999888e+05,1.022636450810138058e+02,8.762980980678911180e+00,-2.022920661806584519e+01,-2.599442373130428763e+01,-2.912899999999171285e+01,-2.047406621856498532e+01,3.290281273480523794e+00
-5.751729890000000596e+05,-1.820723092280035260e+01,-2.170793712604729819e+01,-9.602707511655850681e+00,1.469355899952754108e+01,-4.103400000000328163e+01,1.532912590500200167e+01,5.578638237857674653e+00
-5.753438299999999581e+05,2.577320547396149664e+01,-3.625849495483591056e+01,8.209514535357822496e+00,-1.082393261888159586e+01,6.864999999997980495e-01,-3.135949352872557938e-02,1.069591866182330087e+01
-5.767841469999999972e+05,-1.013585859928032278e+03,5.327168487738076692e+02,2.133301759878802955e+02,1.030192298625948837e+02,4.975149999999842976e+01,3.372551774792373180e+01,3.627932526607484931e+01
-5.752472139999999199e+05,-7.191952252620543717e-01,-7.239959471505230226e+01,4.223489356884442714e+00,-3.014845805265131418e+01,-3.366399999999703141e+01,-7.554569843399804085e+00,1.334675854256150807e+01
-5.752502099999999627e+05,5.279972881870178547e+00,-7.041202044007380323e+01,-3.080082865126362890e+01,7.868675489757357866e+00,1.200800000000162626e+01,2.963613004423677921e+01,-1.079351168905158964e+01
-5.753088549999999814e+05,-3.883156721465314831e+01,-2.054674266966186735e+01,1.064347783755727361e+00,6.261235191629186403e+00,1.847799999999733700e+01,-4.316465105075621977e+00,-7.483191347082897238e+00
-5.754932309999999125e+05,5.695548966364906107e+01,1.772187386378113771e+01,-4.877432769937259138e+01,4.161653960765072213e+01,-9.590000000007421477e-01,-1.553023012093035504e+00,2.404165735102522561e+01
-5.755492269999999553e+05,7.251376319353559552e+01,-1.630040706846139287e+01,-1.817768557881356273e+01,-2.156432584225282056e+00,2.777000000003681635e+00,-1.163926564797293395e+00,-2.455186320591908711e+01
-5.755079790000000503e+05,-1.281337163667412682e+01,2.370826873291098735e+01,-3.397474361328497849e+01,1.400610988833754433e+01,2.078449999999974906e+01,-1.808795288670808077e+00,6.517162279021579963e-01
-5.753463959999999497e+05,4.083140290010173601e+01,6.080942266452319167e+00,3.804391455939725830e+00,-2.137696280836739682e+00,-1.557499999999527063e+01,1.892737224407028407e-01,-6.241655430576790842e+00
-5.752463240000000224e+05,1.929303206235934098e+00,-4.465369309986199653e+01,-4.529696481538015185e+00,9.438140207149222860e+00,1.480049999999755528e+01,-4.021750310697825626e+00,2.511772868193988018e+01
-5.758772939999999944e+05,1.757422114605434729e+02,-6.457865707207472994e+00,-1.005778848432914252e+01,3.935641943000570109e+01,-4.234399999999550346e+01,9.847837181470822543e+00,1.453858700638396328e+01
-5.751450779999999795e+05,1.607102105760472632e+00,9.623510492796103932e+00,-1.399215315550390670e+01,-1.682654357725931860e+01,-8.371499999995645425e+00,3.331017213052837178e+01,7.058643280562828082e+00
-5.757096170000000857e+05,1.057029514344886366e+03,-8.472569909532656993e+02,-2.132282498557346742e+02,-1.127347530803476729e+02,-8.145299999999951979e+01,-6.573651192369288765e+01,-4.127614716578100484e+01
-5.753286949999999488e+05,9.005583602307532942e+01,1.232764749804108462e+01,-7.600217994319841353e+00,4.750741457862398676e+01,-3.045000000000072404e+01,5.032645638420945033e+00,-1.086490616113288965e+01
-5.751749320000000298e+05,-1.033059372605266049e+02,-4.520232913163654942e+00,-3.244816244711409325e+01,1.910308256572912455e+01,4.196900000000640318e+01,-2.944354320643469691e+01,4.903092772450118986e+00
-5.753839899999999907e+05,1.132545699783100801e+01,2.084583529149769277e+01,4.697510676174504241e+00,-4.413603735047159304e+00,-5.160999999998239218e+00,-9.779557927511632442e+00,-7.610445128315071806e+00
-5.755461149999999907e+05,1.054042331066231419e+01,-3.877018633369563361e+01,5.961708318768507553e+01,-2.647294558168498213e+01,3.024399999999513966e+01,1.408574407899868675e+01,1.535134165269536410e+01
-5.756620540000000037e+05,-2.454741350459363503e+01,6.535419181468824945e+01,3.776227562916549374e+01,-7.443266697121885045e+00,-1.178300000000126246e+01,-5.016840007127029821e+00,2.578262924619507146e+01
-5.755752550000000047e+05,9.537576642865248644e+00,-1.934330899140498872e+01,3.238585178005320309e+00,-9.150787200260307230e+00,1.616200000000025483e+01,3.127784999102004804e+01,2.910488576157094087e+01
-5.753355379999999423e+05,-7.499959022448548751e+01,-8.823550137100899349e+01,1.498966189966703766e+01,-1.196552162941408426e+00,-1.975649999999586726e+01,-1.233188215951668099e+01,-2.234570549004727624e+00
-5.754294760000000242e+05,-8.031596104121567237e+01,-5.081488466635444290e+00,3.092694134716489884e+01,1.934276740912353887e+01,1.064500000000407454e+00,2.562503525725333020e+00,6.880072778260113431e+00
-5.753870679999999702e+05,-4.911689309426320449e+01,3.054033130348763336e-01,-2.008025169041281899e+01,9.909692303627666732e+00,-9.428499999996347469e+00,-1.107772837780066766e+01,-2.239461408795896702e+01
-5.755869740000000456e+05,1.961504784638127319e+01,3.766909046337486444e+01,-2.237402297906499271e+01,1.107121844858536441e+01,-2.558000000000904883e+00,3.228501215024152771e+01,1.298255293045863290e+00
