0.0,-5725.6143,-18322.375,-17900.459,-10743.042,-18481.693,-17620.707,-12971.821,-19038.46,-15433.758,-16590.795,-19079.605,-16101.652,-19876.264,-18010.56,-18778.244,-19819.465,-17859.941,-19855.723,-17804.537,-18417.744,-17971.232,-16787.77,-17663.64,-16076.247
-16882.336,-16206.894,-16222.116,-16901.812,-16420.686,-17481.498,-17297.295,-17989.95,-18325.91,-18362.936,-18937.564,-18593.326,-18901.379,-18572.383,-18348.54,-18154.172,-17590.482,-17464.934,-16949.123,-16817.076,-16627.549,-16510.508,-16678.178,-16665.953,-17003.51
-17243.967,-17570.19,-17909.188,-18124.207,-18429.201,-18532.242,-18638.432,-18579.502,-18405.096,-18240.305,-17951.133,-17708.838,-17430.926,-17167.045,-16965.334,-16826.004,-16790.584,-16808.83,-16918.197,-17076.13,-17299.555,-17567.51,-17815.793,-18042.234,-18222.87
-18365.855,-18421.957,-18396.256,-18299.531,-18120.986,-17916.871,-17699.762,-17490.09,-17298.453,-17129.32,-17008.531,-16949.418,-16963.438,-17032.85,-17175.479,-17388.664,-17600.566,-17799.531,-17982.129,-18123.066,-18199.951,-18219.39,-18249.041,-18214.504,-18064.54
-17897.197,-17691.814,-17489.848,-17345.16,-17210.873,-17120.434,-17078.076,-17101.17,-17188.377,-17288.773,-17428.615,-17587.994,-17737.35,-17886.941,-18001.877,-18060.314,-18090.115,-18102.764,-18053.547,-17934.951,-17796.19,-17663.484,-17544.912,-17430.084,-17343.324
-17299.713,-17260.338,-17266.055,-17318.91,-17384.748,-17488.936,-17595.861,-17709.904,-17827.48,-17899.37,-17950.504,-17981.916,-17969.932,-17911.51,-17845.38,-17783.053,-17686.738,-17581.63,-17486.17,-17420.275,-17395.295,-17373.965,-17379.06,-17420.293,-17456.498
-17511.004,-17599.514,-17681.074,-17760.486,-17831.227,-17865.027,-17869.965,-17846.479,-17811.502,-17768.656,-17717.857,-17675.75,-17636.137,-17584.586,-17516.436,-17474.266,-17457.117,-17459.32,-17498.596,-17520.338,-17547.791,-17606.863,-17654.377,-17711.096,-17772.652
-17797.682,-17802.125,-17792.408,-17749.742,-17720.152,-17678.363,-17615.102,-17611.979,-17594.162,-17560.137,-17561.832,-17543.75,-17540.646,-17551.02,-17564.293,-17590.988,-17602.95,-17624.33,-17646.816,-17657.355,-17662.168,-17663.602,-17672.008,-17667.758,-17659.998
-17657.97,-17644.168,-17631.254,-17628.691,-17623.705,-17609.455,-17593.479,-17591.174,-17610.186,-17643.928,-17664.299,-17637.416,-17604.654,-17610.828,-17609.512,-17605.521,-17618.703,-17618.225,-17640.947,-17658.146,-17624.506,-17621.29,-17634.344,-17649.291,-17683.93
-17668.742,-17654.88,-17663.613,-17640.455,-17617.965,-17598.879,-17593.844,-17594.027,-17579.54,-17577.941,-17580.463,-17581.428,-17579.045,-17594.217,-17623.873,-17619.79,-17608.352,-17611.584,-17640.791,-17682.889,-17683.283,-17679.896,-17692.254,-17691.486,-17687.207
-17667.357,-17626.078,-17601.213,-17606.645,-17599.307,-17576.78,-17559.234,-17556.957,-17584.736,-17591.99,-17593.65,-17633.498,-17671.832,-17701.107,-17716.832,-17719.09,-17710.352,-17696.668,-17697.777,-17680.125,-17633.514,-17592.762,-17584.709,-17580.66,-17567.332
-17571.28,-17568.428,-17586.592,-17621.0,-17623.615,-17622.797,-17644.395,-17688.688,-17694.58,-17687.615,-17724.951,-17731.738,-17706.242,-17690.852,-17678.193,-17644.04,-17616.023,-17615.57,-17578.023,-17539.93,-17519.363,-17480.457,-17480.629,-17518.18,-17553.861
-17584.99,-17617.617,-17653.93,-17693.135,-17737.47,-17762.902,-17764.074,-17755.35,-17753.434,-17743.832,-17698.52,-17634.855,-17573.717,-17553.412,-17531.152,-17486.752,-17506.023,-17519.283,-17507.637,-17535.734,-17552.475,-17573.17,-17596.781,-17617.158,-17680.83
-17742.771,-17776.268,-17770.652,-17725.662,-17712.26,-17721.771,-17707.36,-17680.898,-17618.459,-17530.154,-17495.445,-17520.357,-17559.404,-17576.553,-17570.969,-17582.637,-17628.045,-17676.586,-17691.475,-17694.215,-17699.223,-17699.688,-17705.475,-17692.52,-17675.98
-17664.762,-17627.191,-17600.873,-17596.645,-17582.365,-17553.68,-17517.752,-17503.613,-17522.7,-17558.777,-17589.055,-17620.86,-17664.572,-17692.533,-17731.457,-17781.668,-17776.533,-17730.332,-17703.63,-17689.547,-17645.541,-17609.18,-17609.18,-17597.273,-17574.568
-17558.25,-17541.502,-17530.758,-17550.459,-17610.182,-17669.363,-17720.0,-17749.166,-17732.078,-17738.15,-17754.285,-17727.254,-17720.38,-17721.088,-17691.219,-17647.256,-17623.014,-17631.996,-17623.27,-17621.889,-17599.713,-17551.318,-17549.992,-17534.455,-17548.22
-17596.008,-17624.16,-17693.703,-17746.805,-17754.855,-17737.666,-17727.367,-17729.648,-17698.688,-17693.781,-17660.543,-17601.883,-17609.096,-17599.6,-17603.139,-17641.379,-17638.586,-17646.148,-17658.135,-17644.469,-17667.906,-17676.588,-17632.336,-17644.986,-17692.076
-17724.16,-17773.803,-17784.486,-17778.371,-17753.066,-17650.133,-17598.623,-17606.625,-17597.178,-17606.17,-17590.88,-17573.338,-17583.818,-17576.559,-17583.371,-17601.094,-17632.541,-17684.51,-17707.314,-17736.865,-17790.898,-17791.434,-17757.523,-17722.143,-17669.217
-17680.387,-17690.186,-17640.77,-17643.95,-17642.06,-17659.953,-17685.207,-17628.77,-17623.848,-17633.844,-17620.107,-17631.113,-17636.639,-17677.334,-17711.898,-17739.371,-17733.256,-17661.414,-17659.21,-17688.057,-17695.535,-17714.725,-17704.602,-17693.945,-17705.285
-17707.236,-17675.844,-17645.26,-17648.785,-17632.707,-17617.031,-17627.479,-17623.357,-17643.834,-17682.492,-17718.275,-17783.652,-17819.16,-17808.176,-17772.445,-17712.701,-17672.277,-17639.049,-17619.244,-17659.57,-17695.752,-17686.678,-17703.73,-17701.805,-17676.717
-17693.096,-17694.24,-17686.256,-17637.71,-17627.275,-17695.197,-17653.373,-17622.965,-17664.219,-17664.85,-17666.51,-17658.393,-17651.314,-17642.32,-17630.176,-17645.383,-17655.309,-17638.725,-17622.002,-17610.152,-17572.303,-17587.732,-17663.72,-17702.713,-17707.896
-17701.354,-17691.52,-17656.654,-17648.436,-17696.3,-17720.21,-17731.84,-17724.072,-17662.28,-17614.734,-17627.887,-17616.605,-17583.47,-17612.348,-17632.625,-17624.44,-17639.777,-17659.48,-17642.58,-17602.164,-17587.85,-17604.432,-17635.012,-17637.266,-17645.41
-17662.275,-17650.906,-17651.352,-17629.418,-17619.36,-17633.236,-17630.846,-17655.912,-17657.19,-17645.312,-17663.447,-17657.879,-17650.86,-17650.016,-17632.174,-17659.031,-17709.107,-17701.31,-17693.316,-17701.35,-17669.13,-17649.068,-17661.5,-17642.574,-17608.799
-17609.8,-17626.514,-17641.566,-17661.834,-17654.66,-17631.332,-17651.16,-17648.564,-17595.492,-17583.668,-17615.523,-17638.154,-17637.164,-17645.127,-17659.445,-17671.248,-17691.182,-17687.51,-17689.031,-17699.877,-17679.621,-17663.092,-17643.594,-17579.395,-17547.766
-17584.893,-17596.314,-17609.812,-17636.865,-17616.04,-17604.582,-17595.086,-17583.59,-17637.383,-17687.635,-17661.414,-17639.201,-17657.559,-17639.207,-17622.271,-17660.545,-17726.334,-17785.922,-17741.547,-17655.021,-17611.732,-17564.045,-17585.434,-17616.674,-17609.271
-17642.453,-17632.043,-17636.582,-17696.107,-17730.242,-17747.678,-17695.545,-17625.3,-17589.693,-17571.996,-17587.363,-17596.229,-17618.992,-17660.764,-17685.227,-17675.713,-17662.072,-17661.006,-17643.82,-17649.648,-17630.047,-17612.572,-17653.332,-17630.154,-17589.746
-17593.764,-17611.25,-17638.654,-17630.135,-17638.947,-17682.541,-17692.973,-17663.867,-17609.219,-17568.584,-17570.738,-17607.088,-17633.373,-17660.412,-17695.521,-17676.068,-17650.1,-17641.592,-17649.998,-17688.342,-17682.648,-17649.195,-17610.361,-17588.59,-17617.498
-17621.174,-17616.117,-17629.16,-17605.742,-17604.133,-17644.23,-17650.652,-17655.521,-17659.9,-17625.488,-17597.68,-17589.99,-17605.562,-17626.656,-17658.738,-17719.14,-17721.953,-17646.938,-17610.977,-17664.148,-17676.373,-17636.188,-17623.17,-17593.424,-17594.686
-17622.07,-17620.287,-17630.502,-17633.55,-17627.094,-17621.615,-17619.219,-17646.9,-17657.25,-17615.824,-17608.965,-17643.328,-17656.01,-17654.686,-17602.707,-17584.633,-17648.33,-17661.65,-17683.945,-17713.88,-17672.324,-17653.727,-17666.365,-17656.822,-17637.305
-17632.191,-17640.326,-17642.6,-17631.385,-17605.307,-17570.8,-17595.797,-17677.373,-17660.74,-17618.824,-17637.508,-17601.691,-17602.332,-17651.895,-17647.547,-17647.215,-17646.398,-17656.39,-17703.742,-17705.705,-17677.24,-17675.557,-17639.41,-17594.078,-17601.715
-17577.617,-17554.887,-17627.734,-17720.621,-17770.205,-17770.65,-17736.053,-17671.39,-17602.777,-17600.932,-17645.158,-17695.36,-17681.506,-17617.0,-17634.71,-17660.258,-17654.309,-17693.99,-17696.541,-17643.58,-17643.152,-17653.193,-17604.975,-17594.432,-17620.502
-17612.51,-17608.627,-17629.922,-17656.574,-17676.469,-17708.514,-17727.148,-17710.639,-17683.576,-17642.252,-17643.803,-17677.043,-17661.89,-17656.6,-17665.553,-17629.895,-17626.906,-17663.61,-17639.168,-17603.982,-17626.443,-17650.922,-17664.451,-17677.832,-17665.104
-17643.287,-17653.166,-17676.814,-17667.791,-17647.938,-17625.607,-17605.438,-17630.566,-17652.707,-17659.174,-17665.037,-17632.29,-17599.39,-17622.139,-17692.861,-17740.662,-17749.186,-17716.596,-17635.54,-17610.936,-17645.523,-17676.412,-17694.725,-17674.38,-17654.77
-17654.432,-17635.0,-17623.562,-17631.049,-17633.26,-17642.09,-17643.053,-17643.521,-17630.344,-17583.957,-17594.87,-17633.904,-17618.686,-17606.504,-17631.367,-17653.055,-17651.824,-17654.947,-17655.701,-17640.355,-17617.945,-17610.717,-17657.74,-17713.428,-17717.365
-17699.033,-17694.947,-17702.191,-17720.018,-17695.482,-17622.559,-17640.297,-17678.26,-17662.719,-17706.084,-17697.695,-17624.041,-17600.154,-17598.213,-17618.855,-17619.676,-17603.672,-17610.46,-17629.543,-17648.805,-17640.656,-17648.523,-17684.332,-17702.607,-17669.188
-17640.492,-17671.18,-17672.643,-17669.992,-17658.77,-17617.771,-17659.332,-17685.982,-17656.006,-17652.793,-17639.367,-17649.781,-17683.746,-17712.033,-17726.852,-17686.676,-17651.268,-17650.443,-17635.508,-17607.088,-17577.025,-17577.15,-17632.338,-17662.121,-17635.826
-17625.756,-17657.016,-17732.691,-17769.994,-17725.207,-17688.627,-17661.984,-17658.0,-17694.205,-17693.31,-17658.562,-17640.611,-17627.217,-17612.615,-17608.832,-17620.268,-17646.646,-17660.363,-17675.342,-17722.0,-17759.127,-17736.848,-17678.662,-17660.867,-17672.785
-17663.082,-17642.535,-17610.355,-17591.773,-17625.338,-17659.857,-17683.406,-17707.383,-17688.898,-17681.053,-17674.865,-17636.475,-17633.303,-17640.486,-17662.12,-17695.438,-17704.871,-17688.055,-17639.246,-17627.83,-17634.58,-17643.686,-17683.662,-17712.607,-17714.418
-17667.105,-17640.37,-17701.275,-17757.438,-17715.441,-17663.812,-17673.662,-17659.605,-17672.732,-17699.93,-17690.717,-17708.29,-17689.662,-17653.34,-17652.783,-17650.848,-17650.094,-17671.951,-17699.412,-17685.24,-17661.457,-17649.676,-17652.432,-17661.793,-17647.469
-17652.346,-17651.477,-17631.664,-17651.625,-17662.266,-17653.844,-17678.555,-17697.066,-17701.52,-17689.475,-17656.803,-17686.002,-17728.438,-17722.957,-17737.258,-17722.352,-17634.283,-17597.902,-17645.316,-17665.086,-17671.129,-17675.936,-17645.754,-17657.572,-17680.842
-17656.973,-17643.76,-17663.193,-17683.746,-17660.436,-17622.086,-17618.652,-17635.994,-17650.273,-17654.008,-17655.795,-17652.5,-17651.52,-17642.682,-17646.906,-17718.629,-17787.201,-17775.238,-17727.834,-17714.059,-17697.404,-17663.219,-17648.686,-17623.584,-17630.754
-17640.844,-17630.0,-17655.56,-17654.125,-17648.906,-17652.908,-17662.191,-17698.207,-17695.8,-17666.355,-17641.975,-17673.473,-17714.012,-17695.662,-17727.975,-17778.12,-17759.053,-17716.459,-17680.215,-17668.354,-17689.422,-17697.508,-17688.014,-17680.318,-17645.451
-17638.102,-17663.22,-17669.342,-17679.607,-17681.809,-17685.82,-17691.773,-17682.006,-17647.762,-17636.795,-17694.121,-17713.615,-17695.787,-17660.084,-17632.928,-17700.836,-17727.76,-17683.805,-17664.432,-17655.92,-17657.363,-17643.162,-17643.176,-17681.672,-17691.43
-17658.742,-17648.697,-17675.814,-17658.719,-17627.14,-17640.225,-17683.906,-17749.775,-17734.863,-17647.139,-17610.316,-17611.688,-17600.805,-17588.105,-17599.047,-17599.543,-17603.234,-17624.137,-17641.414,-17651.008,-17600.97,-17564.52,-17572.023,-17567.744,-17582.59
-17599.152,-17626.266,-17641.584,-17605.398,-17584.469,-17604.934,-17602.465,-17578.63,-17596.951,-17610.639,-17616.809,-17632.027,-17635.965,-17680.807,-17690.002,-17612.395,-17555.344,-17562.367,-17573.818,-17557.08,-17582.266,-17628.037,-17621.812,-17590.443,-17592.143
-17641.24,-17654.195,-17619.514,-17602.547,-17594.264,-17595.87,-17618.863,-17631.104,-17627.34,-17620.857,-17601.951,-17596.691,-17601.43,-17589.053,-17594.174,-17592.336,-17572.139,-17584.145,-17606.068,-17631.621,-17660.58,-17655.146,-17653.365,-17687.27,-17681.338
-17615.713,-17588.797,-17602.803,-17600.889,-17594.13,-17584.684,-17586.447,-17597.44,-17588.87,-17595.672,-17627.74,-17613.977,-17588.82,-17602.547,-17586.535,-17575.354,-17618.014,-17672.635,-17679.418,-17615.328,-17585.988,-17603.676,-17606.71,-17631.541,-17659.344
-17652.723,-17629.988,-17590.842,-17558.994,-17581.365,-17625.414,-17647.525,-17643.398,-17620.645,-17627.498,-17631.36,-17597.348,-17621.416,-17661.855,-17628.35,-17605.504,-17595.064,-17580.627,-17629.83,-17677.47,-17685.967,-17680.361,-17645.596,-17630.846,-17639.361
-17634.787,-17588.418,-17528.219,-17555.996,-17603.518,-17612.27,-17630.443,-17626.377,-17628.326,-17650.793,-17633.455,-17608.686,-17620.852,-17637.754,-17644.262,-17656.088,-17650.121,-17658.31,-17719.766,-17729.896,-17684.018,-17659.5,-17613.947,-17591.371,-17606.09
-17589.523,-17593.49,-17611.04,-17638.732,-17687.064,-17674.834,-17640.887,-17606.525,-17566.766,-17582.85,-17597.732,-17580.459,-17579.559,-17604.586,-17627.424,-17636.506,-17668.518,-17694.066,-17686.008,-17667.139,-17651.98,-17654.88,-17633.383,-17626.014,-17666.309
-17635.088,-17584.227,-17595.566,-17589.54,-17584.041,-17602.559,-17640.793,-17665.06,-17618.443,-17594.285,-17600.688,-17579.23,-17573.479,-17574.863,-17590.76,-17621.549,-17641.582,-17683.117,-17730.15,-17753.994,-17740.08,-17672.287,-17608.79,-17579.6,-17578.74
-17613.725,-17641.076,-17658.914,-17680.73,-17720.236,-17745.32,-17656.48,-17592.295,-17630.908,-17621.762,-17595.814,-17611.793,-17636.709,-17627.59,-17606.277,-17664.584,-17720.998,-17690.572,-17638.152,-17597.48,-17611.055,-17648.41,-17643.508,-17668.854,-17661.453
-17602.707,-17648.81,-17688.914,-17638.385,-17586.117,-17578.043,-17633.64,-17652.451,-17664.33,-17703.68,-17691.293,-17722.357,-17753.053,-17695.334,-17643.771,-17615.74,-17599.965,-17606.252,-17631.527,-17639.64,-17628.068,-17638.455,-17635.8,-17647.719,-17676.82
-17673.057,-17642.23,-17572.62,-17597.25,-17672.646,-17628.375,-17612.66,-17654.334,-17672.266,-17650.639,-17609.428,-17622.691,-17628.06,-17626.564,-17642.41,-17648.434,-17646.27,-17622.613,-17638.803,-17660.06,-17650.172,-17641.63,-17609.326,-17619.68,-17642.227
-17636.748,-17711.1,-17747.967,-17669.87,-17617.36,-17604.9,-17633.67,-17658.523,-17663.184,-17723.295,-17729.023,-17683.648,-17678.34,-17642.865,-17603.281,-17596.057,-17589.174,-17615.215,-17659.324,-17665.166,-17652.152,-17634.826,-17633.82,-17639.08,-17603.18
-17596.473,-17602.61,-17580.541,-17596.14,-17620.215,-17658.822,-17682.031,-17643.93,-17646.307,-17657.102,-17628.14,-17635.168,-17641.361,-17622.428,-17620.184,-17602.78,-17593.486,-17626.256,-17642.896,-17641.957,-17643.602,-17655.895,-17699.307,-17722.562,-17692.182
-17616.297,-17544.814,-17580.22,-17635.29,-17608.617,-17586.943,-17587.215,-17624.625,-17658.857,-17651.986,-17711.867,-17733.305,-17708.38,-17707.717,-17616.508,-17589.12,-17641.666,-17643.518,-17654.268,-17624.01,-17619.457,-17657.055,-17633.643,-17606.445,-17592.406
-17601.05,-17610.766,-17586.572,-17569.13,-17588.707,-17631.176,-17641.732,-17663.373,-17676.342,-17638.91,-17630.508,-17600.492,-17575.104,-17616.334,-17637.246,-17630.127,-17606.541,-17597.092,-17610.77,-17609.846,-17609.932,-17609.172,-17613.637,-17614.373,-17626.775
-17640.723,-17613.357,-17626.516,-17655.703,-17653.922,-17646.877,-17596.318,-17588.643,-17613.63,-17599.055,-17610.123,-17613.943,-17620.338,-17641.6,-17622.217,-17616.9,-17647.139,-17642.896,-17613.654,-17582.428,-17531.152,-17552.51,-17589.955,-17539.822,-17515.887
-17535.67,-17577.26,-17617.758,-17631.441,-17639.443,-17616.28,-17592.645,-17592.11,-17618.248,-17661.715,-17673.12,-17647.854,-17603.201,-17554.512,-17532.379,-17573.07,-17602.672,-17587.506,-17617.19,-17678.918,-17707.71,-17651.021,-17571.184,-17573.34,-17609.006
-17627.494,-17617.557,-17601.982,-17611.521,-17619.785,-17588.492,-17545.178,-17551.57,-17583.678,-17622.385,-17627.156,-17605.123,-17611.674,-17590.83,-17572.375,-17559.059,-17548.58,-17595.775,-17618.322,-17626.168,-17637.764,-17619.312,-17638.305,-17688.99,-17703.66
-17669.99,-17620.387,-17578.35,-17543.137,-17527.68,-17588.713,-17670.547,-17640.568,-17586.197,-17582.62,-17574.488,-17569.486,-17578.348,-17594.781,-17587.4,-17568.36,-17574.857,-17584.047,-17600.297,-17612.354,-17596.816,-17575.562,-17586.754,-17655.395,-17712.953
-17688.385,-17625.898,-17602.566,-17614.428,-17614.139,-17649.848,-17679.12,-17614.113,-17567.352,-17553.807,-17561.354,-17621.05,-17634.045,-17639.947,-17638.227,-17595.441,-17624.871,-17641.688,-17590.238,-17555.514,-17562.123,-17653.85,-17726.402,-17682.018,-17604.166
-17537.63,-17541.58,-17590.953,-17598.654,-17615.457,-17617.941,-17613.602,-17648.877,-17661.484,-17676.49,-17652.941,-17589.203,-17584.008,-17578.82,-17562.459,-17550.361,-17550.164,-17561.432,-17551.486,-17585.482,-17608.717,-17599.535,-17630.273,-17622.242,-17589.785
-17572.812,-17556.014,-17582.219,-17585.748,-17564.764,-17607.904,-17618.29,-17597.11,-17614.11,-17583.68,-17585.92,-17615.238,-17561.707,-17562.25,-17592.498,-17575.53,-17580.613,-17582.762,-17581.676,-17577.334,-17574.42,-17594.23,-17597.854,-17591.785,-17596.564
-17637.049,-17677.66,-17649.572,-17634.8,-17607.182,-17526.676,-17573.986,-17633.975,-17588.572,-17608.092,-17590.438,-17558.633,-17616.957,-17627.65,-17634.568,-17616.148,-17567.805,-17570.111,-17560.898,-17566.97,-17566.607,-17573.127,-17612.68,-17613.91,-17607.47
-17594.227,-17601.424,-17617.135,-17610.637,-17630.865,-17644.033,-17686.965,-17701.998,-17617.22,-17566.848,-17562.002,-17592.209,-17615.504,-17575.508,-17554.045,-17529.44,-17539.258,-17611.857,-17647.734,-17647.916,-17606.693,-17568.771,-17551.254,-17547.682,-17606.89
-17610.48,-17574.004,-17593.613,-17598.818,-17612.188,-17609.758,-17595.19,-17636.97,-17623.605,-17590.432,-17601.51,-17586.305,-17601.084,-17622.145,-17573.29,-17530.879,-17592.69,-17658.514,-17637.598,-17654.77,-17682.754,-17652.29,-17597.43,-17569.785,-17607.0
-17613.756,-17605.86,-17602.605,-17588.912,-17619.396,-17640.588,-17650.803,-17650.086,-17627.053,-17591.105,-17540.857,-17541.926,-17574.395,-17586.668,-17564.406,-17564.955,-17605.398,-17609.307,-17621.404,-17624.08,-17582.266,-17582.086,-17655.73,-17690.941,-17631.916
-17588.799,-17530.514,-17492.31,-17558.617,-17620.01,-17636.436,-17617.754,-17615.758,-17624.838,-17625.428,-17668.822,-17691.58,-17649.285,-17594.969,-17590.021,-17584.854,-17573.057,-17593.148,-17605.277,-17603.127,-17556.186,-17533.922,-17563.252,-17596.736,-17628.885
-17633.006,-17652.703,-17630.24,-17624.637,-17698.545,-17688.936,-17641.994,-17635.143,-17633.037,-17618.502,-17568.016,-17542.502,-17606.295,-17650.016,-17619.346,-17615.557,-17611.252,-17600.484,-17583.232,-17586.605,-17667.89,-17657.523,-17601.768,-17618.973,-17628.031
-17616.5,-17574.38,-17571.82,-17582.373,-17554.541,-17571.094,-17582.111,-17589.17,-17611.416,-17603.967,-17608.857,-17618.188,-17616.383,-17638.572,-17660.572,-17644.027,-17668.854,-17746.773,-17672.543,-17531.512,-17566.791,-17616.541,-17581.805,-17561.748,-17570.229
-17603.982,-17630.887,-17677.389,-17688.357,-17620.785,-17587.193,-17571.54,-17581.895,-17601.059,-17566.982,-17565.654,-17576.037,-17580.35,-17597.076,-17586.154,-17613.062,-17663.121,-17652.553,-17594.148,-17593.018,-17668.11,-17649.385,-17601.748,-17662.43,-17699.53
-17686.865,-17690.988,-17665.78,-17593.582,-17540.172,-17551.262,-17576.799,-17572.717,-17570.32,-17569.293,-17572.432,-17598.168,-17610.264,-17600.104,-17582.459,-17593.09,-17647.488,-17695.531,-17710.215,-17686.605,-17667.154,-17688.26,-17694.334,-17634.326,-17588.412
-17594.68,-17559.943,-17549.459,-17606.994,-17632.0,-17618.703,-17612.428,-17609.596,-17573.924,-17586.945,-17637.451,-17614.564,-17592.307,-17613.271,-17663.75,-17698.97,-17701.281,-17716.65,-17691.527,-17615.404,-17566.639,-17590.434,-17607.744,-17606.846,-17643.11
-17646.809,-17622.715,-17587.88,-17598.463,-17637.764,-17591.477,-17597.908,-17647.846,-17617.324,-17586.516,-17596.984,-17628.998,-17612.88,-17580.646,-17597.965,-17594.738,-17606.83,-17634.303,-17610.455,-17624.412,-17652.398,-17629.861,-17655.814,-17705.646,-17661.324
-17597.127,-17653.777,-17688.902,-17611.62,-17595.688,-17584.5,-17554.857,-17602.564,-17603.014,-17578.531,-17591.73,-17568.717,-17586.977,-17635.2,-17627.168,-17630.15,-17625.068,-17609.078,-17663.033,-17710.975,-17683.355,-17657.076,-17630.52,-17573.43,-17571.184
-17579.781,-17577.412,-17630.229,-17645.646,-17648.344,-17669.188,-17643.158,-17631.783,-17647.85,-17678.668,-17689.256,-17614.738,-17540.688,-17551.842,-17610.344,-17674.65,-17698.814,-17621.566,-17535.709,-17548.252,-17582.46,-17618.93,-17645.672,-17634.564,-17629.281
-17593.873,-17611.75,-17704.111,-17716.951,-17663.703,-17571.35,-17537.6,-17597.34,-17593.33,-17593.814,-17649.873,-17639.18,-17603.846,-17624.89,-17632.592,-17623.379,-17645.715,-17651.713,-17683.406,-17686.273,-17603.953,-17608.594,-17627.398,-17611.164,-17665.756
-17681.11,-17654.459,-17646.715,-17625.41,-17570.258,-17554.412,-17614.09,-17604.104,-17573.818,-17576.373,-17576.691,-17630.713,-17666.09,-17683.75,-17676.758,-17622.932,-17640.5,-17696.63,-17646.951,-17523.215,-17533.162,-17627.273,-17648.096,-17652.04,-17621.723
-17628.582,-17710.793,-17709.902,-17682.488,-17669.654,-17598.377,-17559.639,-17585.318,-17561.338,-17492.855,-17494.188,-17576.871,-17669.213,-17711.004,-17706.086,-17650.795,-17569.059,-17563.648,-17573.557,-17566.838,-17613.57,-17638.09,-17617.64,-17622.174,-17639.584
-17655.336,-17699.229,-17674.037,-17556.852,-17496.19,-17506.086,-17562.86,-17648.96,-17661.912,-17598.469,-17575.76,-17559.234,-17560.08,-17619.555,-17552.799,-17511.137,-17598.123,-17571.336,-17510.521,-17510.645,-17575.07,-17632.54,-17565.06,-17532.65,-17559.826
-17567.213,-17610.207,-17614.285,-17548.88,-17550.469,-17635.7,-17674.402,-17624.98,-17569.568,-17532.887,-17483.752,-17495.291,-17575.213,-17610.18,-17597.383,-17581.54,-17565.143,-17536.113,-17516.01,-17520.871,-17530.139,-17557.402,-17567.781,-17522.953,-17471.465
-17501.818,-17607.035,-17619.139,-17562.752,-17593.795,-17617.133,-17550.791,-17454.375,-17397.176,-17422.06,-17507.086,-17603.398,-17612.95,-17574.871,-17576.195,-17576.727,-17551.04,-17482.562,-17458.268,-17498.684,-17535.744,-17530.43,-17455.947,-17446.041,-17482.45
-17482.928,-17506.736,-17532.152,-17560.055,-17592.469,-17587.58,-17523.287,-17487.695,-17517.064,-17503.719,-17492.812,-17480.502,-17448.941,-17470.389,-17474.852,-17489.408,-17512.113,-17481.666,-17491.77,-17516.215,-17514.344,-17496.467,-17441.354,-17417.857,-17441.152
-17456.072,-17467.768,-17482.795,-17458.518,-17447.115,-17480.82,-17480.111,-17518.072,-17579.078,-17580.893,-17584.703,-17500.336,-17380.725,-17397.77,-17462.504,-17528.709,-17541.412,-17480.605,-17460.607,-17412.662,-17405.33,-17503.477,-17522.303,-17512.633,-17505.5
-17484.098,-17493.867,-17448.03,-17433.084,-17471.525,-17445.803,-17436.904,-17471.725,-17461.283,-17443.225,-17463.152,-17453.154,-17454.654,-17492.357,-17515.576,-17547.951,-17548.178,-17515.904,-17464.42,-17415.045,-17433.48,-17452.744,-17456.918,-17495.041,-17570.193
-17612.742,-17548.701,-17463.861,-17396.693,-17360.451,-17382.395,-17406.098,-17445.012,-17489.287,-17504.105,-17504.146,-17536.47,-17601.8,-17544.807,-17409.953,-17379.178,-17406.086,-17408.162,-17388.99,-17400.104,-17425.285,-17432.893,-17469.916,-17495.686,-17480.266
-17446.275,-17449.314,-17565.361,-17631.957,-17530.73,-17450.236,-17444.166,-17423.166,-17417.38,-17430.238,-17438.422,-17452.256,-17466.383,-17489.139,-17505.576,-17492.482,-17476.133,-17494.732,-17517.78,-17502.428,-17474.809,-17442.832,-17413.635,-17395.752,-17390.54
-17407.17,-17416.283,-17436.623,-17477.496,-17516.06,-17530.877,-17495.033,-17480.83,-17492.697,-17486.451,-17464.625,-17444.783,-17484.826,-17497.912,-17468.867,-17450.297,-17406.402,-17411.174,-17460.31,-17488.611,-17469.984,-17464.797,-17521.148,-17545.352,-17530.818
-17462.941,-17410.703,-17434.094,-17467.254,-17520.027,-17504.404,-17450.654,-17431.463,-17430.852,-17473.074,-17461.787,-17477.434,-17560.105,-17566.988,-17509.61,-17410.717,-17391.447,-17446.93,-17462.84,-17504.635,-17499.73,-17444.56,-17434.383,-17438.36,-17462.125
-17471.557,-17465.443,-17477.484,-17495.27,-17503.664,-17477.092,-17472.383,-17471.084,-17433.402,-17408.594,-17391.465,-17419.215,-17473.652,-17510.69,-17524.396,-17507.71,-17542.494,-17538.293,-17471.371,-17510.602,-17526.838,-17452.338,-17453.639,-17521.053,-17540.627
-17463.48,-17403.195,-17441.867,-17479.377,-17500.938,-17504.139,-17470.453,-17461.293,-17447.924,-17437.148,-17460.395,-17441.098,-17443.549,-17490.307,-17456.023,-17423.516,-17435.762,-17440.46,-17461.957,-17476.201,-17532.639,-17540.93,-17450.635,-17447.615,-17473.555
-17514.95,-17606.729,-17606.352,-17532.191,-17447.764,-17397.406,-17416.348,-17442.453,-17476.385,-17547.055,-17559.092,-17508.617,-17484.041,-17446.318,-17447.771,-17464.945,-17429.275,-17470.156,-17519.703,-17505.004,-17486.37,-17457.973,-17437.74,-17458.723,-17537.371
-17536.018,-17461.05,-17505.164,-17539.03,-17449.535,-17420.623,-17486.314,-17518.777,-17520.346,-17508.89,-17515.164,-17569.959,-17576.775,-17513.504,-17415.477,-17351.162,-17355.682,-17389.264,-17461.082,-17473.152,-17472.145,-17520.432,-17520.754,-17566.914,-17618.068
-17598.092,-17545.004,-17463.855,-17457.559,-17475.873,-17475.506,-17471.717,-17412.818,-17398.947,-17424.137,-17435.068,-17459.889,-17469.338,-17484.125,-17480.688,-17463.072,-17468.436,-17467.373,-17469.58,-17449.707,-17440.27,-17473.418,-17485.828,-17480.709,-17461.219
-17448.86,-17451.021,-17460.848,-17524.748,-17543.316,-17466.023,-17429.55,-17465.293,-17503.746,-17464.25,-17399.465,-17415.791,-17430.66,-17444.307,-17483.656,-17507.537,-17545.652,-17537.158,-17525.705,-17539.252,-17502.111,-17489.078,-17463.996,-17433.951,-17460.797
-17457.459,-17447.69,-17495.32,-17544.34,-17506.451,-17474.137,-17491.473,-17451.92,-17437.379,-17441.602,-17389.723,-17378.967,-17419.828,-17437.217,-17455.53,-17494.95,-17475.975,-17462.502,-17518.273,-17538.738,-17535.723,-17517.982,-17457.21,-17436.807,-17458.969
-17454.492,-17451.566,-17480.938,-17510.002,-17512.934,-17478.664,-17474.402,-17488.172,-17460.887,-17513.873,-17569.137,-17528.541,-17535.633,-17558.295,-17530.525,-17460.592,-17377.084,-17361.062,-17413.396,-17463.766,-17452.084,-17443.041,-17451.809,-17424.64,-17417.688
-17431.146,-17440.885,-17426.395,-17413.133,-17461.857,-17495.178,-17514.785,-17519.223,-17465.904,-17462.25,-17491.176,-17505.64,-17520.0,-17509.568,-17516.957,-17503.518,-17452.846,-17425.521,-17432.064,-17466.35,-17454.584,-17441.186,-17441.293,-17398.254,-17417.752
-17422.113,-17391.076,-17472.084,-17545.004,-17550.293,-17526.34,-17457.746,-17463.064,-17526.951,-17490.316,-17433.48,-17464.295,-17508.105,-17531.035,-17502.986,-17435.514,-17420.006,-17419.594,-17428.969,-17450.795,-17441.234,-17473.814,-17487.67,-17442.018,-17472.197
-17521.146,-17506.121,-17488.793,-17512.457,-17555.174,-17517.82,-17441.592,-17452.273,-17456.61,-17430.45,-17459.773,-17459.559,-17426.064,-17425.61,-17430.148,-17446.654,-17477.543,-17520.896,-17542.322,-17503.57,-17448.898,-17402.398,-17405.053,-17423.207,-17401.709
-17440.293,-17504.768,-17508.307,-17504.125,-17514.066,-17515.639,-17523.453,-17580.824,-17585.605,-17498.686,-17446.293,-17404.975,-17345.31,-17342.77,-17396.324,-17414.39,-17409.92,-17416.547,-17420.322,-17456.97,-17456.576,-17438.22,-17488.21,-17546.13,-17546.07
-17476.639,-17435.053,-17449.26,-17468.41,-17513.52,-17543.77,-17504.082,-17438.59,-17411.578,-17449.023,-17519.104,-17547.006,-17532.316,-17466.826,-17397.434,-17413.594,-17414.154,-17429.959,-17489.668,-17496.523,-17508.338,-17465.469,-17379.613,-17374.5,-17404.33
-17419.123,-17401.871,-17407.55,-17469.701,-17545.955,-17569.15,-17511.58,-17475.256,-17481.838,-17508.8,-17529.857,-17511.387,-17487.291,-17433.182,-17401.76,-17432.943,-17466.047,-17453.72,-17398.88,-17416.182,-17437.71,-17404.686,-17404.254,-17439.893,-17508.443
-17518.857,-17519.723,-17538.135,-17490.25,-17469.992,-17441.613,-17422.773,-17465.041,-17463.48,-17453.28,-17472.428,-17477.77,-17480.836,-17527.393,-17523.72,-17440.229,-17435.87,-17460.879,-17462.951,-17452.596,-17410.693,-17430.479,-17433.943,-17426.396,-17469.768
-17455.275,-17467.598,-17475.371,-17444.115,-17490.32,-17501.752,-17471.107,-17469.506,-17474.664,-17514.535,-17545.14,-17502.414,-17455.855,-17469.664,-17441.008,-17396.137,-17461.48,-17525.406,-17484.332,-17471.002,-17550.23,-17552.648,-17494.646,-17451.365,-17389.877
-17392.729,-17414.02,-17436.273,-17491.879,-17526.463,-17524.123,-17463.184,-17422.844,-17432.188,-17459.883,-17488.613,-17504.61,-17539.75,-17510.246,-17457.129,-17459.748,-17451.697,-17474.592,-17468.336,-17422.557,-17446.732,-17459.232,-17490.455,-17519.955,-17480.695
-17512.34,-17549.05,-17515.15,-17450.564,-17401.406,-17442.312,-17468.262,-17463.305,-17483.738,-17482.578,-17494.762,-17513.73,-17482.424,-17449.12,-17455.172,-17460.13,-17474.758,-17488.762,-17467.078,-17452.834,-17442.52,-17458.84,-17503.76,-17490.973,-17446.324
-17430.477,-17441.287,-17467.117,-17496.152,-17538.166,-17570.299,-17543.295,-17552.314,-17574.064,-17444.293,-17375.973,-17455.441,-17460.314,-17441.115,-17451.906,-17460.158,-17466.834,-17441.48,-17405.582,-17429.04,-17484.654,-17462.705,-17437.133,-17422.816,-17400.072
-17445.725,-17463.32,-17474.924,-17509.041,-17533.996,-17580.514,-17526.746,-17471.297,-17527.287,-17515.334,-17463.281,-17465.467,-17445.473,-17466.602,-17548.086,-17538.652,-17498.53,-17459.574,-17395.07,-17413.139,-17440.281,-17458.021,-17490.55,-17448.88,-17420.354
-17414.94,-17401.955,-17474.617,-17563.127,-17556.404,-17512.87,-17515.01,-17491.463,-17436.592,-17436.25,-17434.229,-17447.004,-17472.418,-17470.912,-17498.945,-17489.467,-17430.81,-17411.25,-17447.883,-17465.617,-17445.018,-17472.271,-17478.848,-17464.553,-17501.197
-17527.246,-17518.826,-17480.28,-17450.916,-17439.012,-17437.371,-17467.043,-17487.854,-17487.861,-17504.396,-17534.232,-17539.984,-17560.328,-17530.55,-17412.477,-17354.363,-17341.928,-17406.129,-17485.318,-17456.734,-17452.223,-17445.855,-17465.803,-17492.523,-17445.002
-17468.186,-17507.99,-17511.316,-17476.387,-17430.746,-17456.416,-17466.701,-17479.473,-17526.77,-17567.52,-17556.52,-17521.541,-17560.32,-17574.016,-17504.541,-17424.752,-17397.16,-17403.012,-17390.303,-17410.334,-17450.164,-17469.355,-17465.086,-17470.533,-17481.078
-17460.549,-17470.459,-17488.893,-17491.498,-17482.543,-17477.096,-17510.578,-17488.908,-17423.047,-17416.432,-17452.676,-17472.527,-17485.576,-17499.83,-17474.264,-17456.752,-17471.994,-17505.45,-17554.986,-17558.465,-17497.838,-17418.793,-17379.111,-17386.102,-17392.23
-17390.611,-17409.07,-17429.186,-17433.184,-17456.162,-17470.355,-17470.646,-17473.89,-17438.904,-17417.994,-17448.111,-17489.332,-17519.24,-17541.562,-17555.838,-17515.73,-17472.76,-17497.775,-17494.385,-17409.207,-17348.96,-17369.98,-17434.36,-17483.705,-17487.385
-17513.582,-17533.715,-17480.393,-17462.012,-17487.406,-17477.652,-17438.027,-17385.182,-17377.404,-17390.324,-17386.105,-17418.963,-17437.729,-17431.56,-17466.904,-17522.7,-17538.69,-17503.64,-17482.297,-17477.715,-17487.637,-17512.168,-17529.287,-17546.219,-17505.861
-17478.367,-17494.018,-17439.094,-17375.129,-17378.693,-17408.188,-17422.275,-17474.988,-17506.123,-17458.04,-17467.36,-17479.293,-17451.188,-17457.379,-17462.664,-17452.246,-17454.977,-17457.861,-17447.314,-17464.541,-17454.965,-17432.35,-17439.42,-17422.426,-17416.273
-17399.365,-17399.172,-17451.92,-17506.281,-17544.227,-17543.541,-17528.89,-17495.8,-17439.348,-17385.756,-17426.178,-17514.629,-17514.781,-17544.184,-17529.387,-17464.18,-17475.193,-17396.049,-17338.096,-17401.256,-17414.73,-17411.39,-17449.36,-17463.764,-17439.43
-17440.523,-17435.826,-17410.867,-17415.607,-17429.227,-17442.57,-17442.201,-17443.686,-17448.404,-17463.092,-17495.44,-17484.53,-17484.088,-17492.428,-17471.953,-17482.887,-17475.764,-17432.5,-17416.191,-17444.926,-17460.148,-17420.209,-17425.965,-17500.697,-17528.736
-17485.406,-17464.24,-17468.916,-17444.908,-17440.797,-17424.656,-17395.854,-17441.47,-17473.541,-17455.434,-17427.432,-17409.41,-17445.963,-17456.984,-17437.389,-17430.049,-17424.855,-17475.592,-17499.617,-17491.656,-17513.926,-17455.898,-17377.14,-17384.275,-17414.7
-17420.805,-17419.719,-17447.867,-17517.455,-17578.217,-17522.7,-17425.85,-17449.443,-17534.07,-17536.111,-17450.766,-17411.584,-17393.664,-17363.172,-17423.436,-17482.05,-17486.135,-17478.19,-17437.338,-17425.273,-17448.623,-17459.836,-17461.764,-17437.035,-17408.303
-17465.514,-17533.854,-17486.28,-17422.86,-17413.715,-17442.146,-17458.65,-17444.283,-17476.688,-17481.047,-17461.406,-17511.14,-17548.604,-17534.605,-17503.428,-17469.557,-17432.32,-17420.418,-17422.81,-17425.947,-17457.82,-17450.977,-17439.402,-17455.56,-17417.13
-17390.004,-17418.797,-17457.84,-17484.484,-17466.527,-17433.463,-17426.781,-17422.844,-17427.773,-17468.926,-17490.469,-17451.752,-17432.176,-17446.94,-17419.387,-17396.082,-17456.217,-17516.42,-17492.752,-17488.97,-17521.408,-17473.818,-17429.705,-17431.658,-17413.893
-17438.627,-17489.525,-17503.748,-17490.068,-17464.688,-17447.848,-17443.293,-17500.48,-17573.078,-17527.734,-17456.494,-17466.25,-17487.262,-17503.436,-17501.043,-17451.94,-17440.379,-17496.867,-17554.242,-17562.268,-17547.102,-17553.463,-17487.113,-17367.088,-17362.607
-17425.445,-17467.5,-17471.69,-17405.633,-17378.908,-17425.332,-17444.662,-17467.646,-17465.127,-17417.568,-17435.426,-17492.805,-17518.611,-17483.256,-17446.652,-17421.246,-17343.232,-17375.049,-17444.11,-17425.574,-17471.75,-17513.377,-17570.033,-17624.756,-17563.506
-17503.057,-17433.568,-17402.389,-17437.23,-17455.818,-17466.977,-17447.826,-17457.463,-17457.912,-17437.205,-17458.717,-17446.559,-17445.72,-17456.492,-17426.85,-17421.371,-17472.459,-17515.492,-17492.701,-17494.688,-17512.31,-17473.26,-17444.082,-17456.469,-17482.062
-17506.455,-17528.754,-17531.346,-17502.74,-17434.531,-17423.045,-17482.404,-17448.238,-17427.209,-17461.594,-17446.729,-17480.805,-17527.842,-17505.307,-17477.191,-17517.754,-17535.994,-17470.537,-17448.73,-17424.201,-17423.494,-17484.74,-17477.387,-17477.512,-17476.285
-17440.598,-17477.562,-17524.068,-17550.604,-17559.385,-17475.613,-17387.236,-17404.912,-17455.016,-17448.145,-17437.69,-17461.139,-17460.941,-17480.84,-17493.715,-17436.617,-17428.338,-17474.787,-17513.336,-17503.031,-17456.152,-17447.578,-17426.184,-17442.969,-17494.195
-17481.672,-17470.805,-17478.873,-17491.55,-17460.125,-17429.945,-17479.078,-17510.043,-17510.318,-17501.232,-17482.365,-17466.744,-17497.701,-17528.072,-17465.096,-17467.912,-17524.236,-17511.57,-17491.822,-17468.398,-17472.648,-17509.518,-17539.4,-17551.61,-17562.207
-17556.947,-17518.598,-17519.14,-17462.916,-17382.602,-17383.959,-17386.225,-17456.023,-17484.727,-17475.46,-17550.408,-17522.312,-17480.414,-17499.178,-17511.732,-17545.117,-17493.287,-17410.46,-17375.809,-17405.488,-17502.924,-17510.787,-17447.162,-17423.676,-17437.043
-17491.543,-17544.166,-17548.186,-17536.775,-17525.031,-17479.865,-17446.191,-17430.938,-17364.678,-17363.277,-17475.496,-17520.625,-17502.377,-17524.512,-17553.33,-17571.41,-17529.05,-17422.465,-17423.795,-17516.373,-17550.512,-17554.178,-17526.303,-17452.312,-17383.42
-17362.225,-17438.57,-17499.883,-17485.822,-17503.09,-17516.076,-17553.334,-17599.049,-17515.164,-17419.723,-17401.02,-17433.506,-17489.766,-17472.12,-17431.822,-17457.828,-17513.537,-17541.654,-17540.803,-17535.41,-17537.572,-17564.123,-17572.23,-17547.605,-17502.336
-17450.975,-17450.123,-17452.008,-17428.07,-17408.516,-17392.143,-17417.586,-17455.473,-17478.918,-17513.62,-17506.344,-17464.947,-17441.877,-17434.318,-17452.74,-17470.713,-17473.232,-17498.127,-17544.543,-17537.9,-17463.666,-17469.32,-17534.705,-17518.416,-17496.938
-17511.576,-17496.252,-17451.742,-17413.252,-17420.44,-17458.506,-17446.273,-17381.518,-17377.572,-17429.025,-17461.3,-17489.592,-17498.518,-17486.932,-17470.38,-17464.455,-17489.951,-17491.398,-17483.643,-17486.457,-17454.205,-17435.615,-17451.072,-17482.436,-17511.049
-17486.656,-17462.766,-17499.77,-17530.262,-17497.621,-17455.77,-17420.06,-17409.518,-17476.732,-17497.734,-17492.178,-17537.021,-17493.32,-17435.15,-17440.256,-17448.79,-17473.967,-17494.777,-17536.684,-17558.69,-17519.14,-17486.15,-17443.805,-17402.107,-17386.57
-17384.049,-17409.637,-17442.68,-17452.982,-17442.604,-17447.742,-17493.475,-17534.896,-17532.951,-17509.555,-17508.91,-17533.467,-17519.578,-17468.623,-17451.303,-17439.947,-17402.396,-17359.605,-17349.297,-17457.564,-17579.1,-17554.049,-17487.219,-17449.63,-17401.283
-17405.594,-17490.578,-17506.928,-17421.361,-17370.598,-17375.512,-17424.371,-17464.385,-17471.715,-17491.01,-17483.168,-17480.63,-17453.5,-17439.963,-17554.52,-17593.514,-17522.197,-17512.54,-17506.418,-17425.533,-17345.32,-17351.727,-17356.477,-17349.426,-17383.682
-17424.422,-17498.79,-17528.172,-17518.117,-17540.951,-17539.434,-17529.016,-17482.805,-17423.525,-17392.55,-17365.088,-17363.475,-17364.111,-17389.959,-17412.412,-17412.785,-17448.781,-17482.328,-17503.143,-17498.492,-17486.295,-17501.14,-17528.355,-17527.857,-17496.791
-17527.457,-17522.404,-17454.504,-17418.883,-17387.969,-17409.143,-17410.182,-17417.992,-17475.918,-17440.21,-17398.994,-17394.53,-17415.727,-17460.988,-17456.213,-17434.11,-17406.945,-17412.758,-17404.89,-17378.088,-17452.656,-17540.33,-17550.074,-17483.621,-17443.246
-17513.305,-17577.248,-17555.959,-17465.477,-17421.031,-17475.844,-17536.299,-17527.066,-17422.941,-17374.377,-17431.975,-17399.475,-17342.383,-17403.23,-17434.285,-17429.2,-17447.979,-17441.213,-17494.146,-17552.664,-17556.066,-17554.662,-17490.71,-17426.344,-17410.582
-17443.95,-17494.596,-17471.812,-17463.67,-17447.129,-17381.484,-17388.596,-17421.9,-17425.307,-17425.88,-17425.053,-17411.549,-17393.953,-17411.637,-17423.188,-17404.016,-17397.271,-17406.725,-17395.088,-17387.154,-17473.393,-17575.203,-17584.75,-17549.342,-17503.637
-17502.793,-17547.873,-17527.08,-17473.605,-17436.223,-17365.324,-17367.672,-17451.336,-17470.984,-17470.693,-17450.865,-17379.305,-17354.082,-17387.11,-17430.75,-17459.76,-17466.758,-17467.574,-17472.059,-17468.45,-17454.377,-17465.906,-17463.428,-17443.518,-17473.34
-17482.443,-17467.893,-17449.078,-17429.965,-17490.312,-17478.486,-17392.467,-17387.383,-17389.053,-17422.531,-17477.197,-17521.49,-17543.725,-17465.076,-17403.67,-17376.129,-17367.46,-17435.72,-17483.748,-17495.895,-17466.207,-17445.672,-17489.635,-17507.246,-17529.674
-17521.799,-17444.488,-17414.783,-17430.475,-17474.016,-17545.543,-17539.783,-17459.635,-17403.684,-17372.17,-17396.402,-17434.293,-17446.094,-17491.785,-17456.93,-17413.623,-17464.299,-17473.96,-17437.664,-17363.959,-17373.967,-17502.182,-17556.31,-17541.092,-17503.334
-17448.736,-17416.785,-17437.73,-17483.705,-17502.707,-17499.697,-17493.791,-17543.232,-17585.166,-17539.451,-17459.75,-17382.578,-17362.336,-17386.055,-17427.129,-17479.277,-17515.2,-17533.096,-17467.07,-17406.988,-17434.414,-17459.91,-17495.092,-17499.51,-17473.488
-17465.557,-17445.672,-17425.902,-17396.752,-17417.541,-17482.67,-17475.547,-17429.977,-17411.488,-17405.506,-17422.975,-17478.104,-17506.139,-17496.258,-17451.28,-17390.96,-17407.416,-17441.05,-17446.945,-17457.418,-17451.348,-17432.117,-17423.553,-17456.857,-17470.182
-17431.258,-17438.586,-17491.033,-17489.2,-17466.244,-17492.63,-17511.271,-17521.264,-17498.16,-17431.184,-17407.393,-17408.162,-17443.625,-17490.51,-17492.572,-17453.941,-17383.07,-17390.678,-17454.898,-17483.098,-17498.43,-17500.836,-17491.217,-17466.041,-17451.771
-17446.59,-17424.914,-17406.756,-17405.85,-17410.166,-17407.04,-17449.871,-17474.867,-17454.762,-17457.98,-17434.244,-17453.88,-17508.107,-17490.053,-17467.725,-17485.543,-17541.904,-17597.271,-17581.162,-17516.133,-17485.19,-17474.725,-17456.064,-17466.79,-17447.146
-17431.545,-17476.64,-17472.582,-17460.201,-17467.498,-17424.078,-17400.46,-17425.377,-17443.297,-17442.916,-17453.254,-17459.625,-17462.326,-17506.877,-17564.379,-17600.49,-17544.727,-17440.422,-17440.143,-17458.213,-17434.691,-17452.53,-17488.812,-17478.744,-17447.9
-17442.727,-17434.754,-17461.143,-17500.803,-17454.074,-17416.309,-17448.61,-17477.703,-17471.06,-17420.363,-17398.66,-17440.928,-17433.398,-17395.264,-17406.553,-17411.703,-17430.66,-17468.7,-17483.508,-17510.396,-17539.207,-17553.332,-17527.232,-17470.936,-17441.041
-17410.95,-17363.479,-17355.367,-17462.283,-17551.326,-17492.297,-17473.117,-17494.932,-17438.74,-17422.053,-17471.354,-17523.88,-17543.678,-17510.111,-17470.037,-17446.508,-17460.365,-17481.39,-17433.637,-17417.17,-17473.488,-17454.809,-17417.656,-17473.857,-17491.924
-17424.502,-17408.045,-17455.559,-17491.242,-17496.22,-17471.293,-17455.344,-17452.418,-17464.65,-17488.299,-17484.096,-17535.643,-17581.69,-17526.258,-17471.4,-17421.232,-17408.604,-17429.096,-17431.066,-17435.48,-17407.451,-17415.324,-17440.605,-17454.492,-17516.64
-17542.87,-17550.48,-17515.748,-17425.662,-17398.383,-17398.287,-17428.295,-17462.414,-17460.332,-17488.34,-17471.432,-17439.725,-17501.826,-17538.164,-17506.9,-17483.719,-17443.12,-17419.492,-17455.137,-17462.906,-17434.725,-17408.105,-17389.426,-17415.861,-17469.676
-17517.967,-17557.54,-17588.902,-17551.47,-17459.059,-17451.314,-17460.865,-17452.416,-17481.736,-17458.611,-17445.018,-17479.545,-17500.88,-17543.715,-17554.54,-17497.527,-17451.518,-17449.613,-17440.09,-17425.494,-17441.582,-17450.396,-17455.16,-17469.21,-17481.426
-17491.316,-17476.766,-17446.389,-17442.87,-17463.387,-17455.7,-17426.021,-17432.604,-17481.014,-17536.379,-17565.99,-17517.223,-17448.2,-17496.287,-17554.26,-17533.066,-17528.281,-17510.137,-17476.977,-17457.781,-17423.107,-17419.254,-17442.486,-17456.072,-17469.986
-17474.379,-17469.525,-17473.256,-17472.557,-17461.182,-17458.816,-17464.55,-17474.656,-17469.826,-17469.256,-17478.94,-17446.816,-17432.428,-17448.416,-17458.592,-17470.791,-17439.93,-17434.973,-17456.062,-17434.645,-17476.412,-17562.586,-17592.148,-17570.812,-17556.715
-17556.291,-17467.773,-17375.484,-17371.922,-17357.568,-17366.955,-17408.783,-17428.22,-17456.535,-17466.732,-17465.256,-17473.957,-17488.494,-17521.611,-17510.826,-17457.395,-17455.629,-17494.477,-17476.395,-17399.86,-17362.203,-17373.332,-17403.398,-17474.953,-17520.422
-17477.086,-17450.512,-17479.07,-17490.705,-17483.795,-17493.617,-17527.484,-17514.732,-17494.844,-17548.268,-17557.164,-17523.549,-17470.117,-17386.314,-17403.154,-17437.215,-17427.125,-17466.111,-17488.627,-17477.084,-17461.648,-17433.982,-17432.385,-17464.42,-17485.729
-17451.188,-17398.766,-17413.96,-17446.828,-17420.99,-17401.607,-17422.77,-17451.293,-17464.54,-17449.5,-17468.25,-17525.072,-17533.008,-17521.045,-17547.545,-17566.504,-17536.824,-17470.54,-17413.393,-17439.797,-17510.572,-17507.967,-17471.918,-17446.328,-17419.652
-17433.258,-17431.846,-17416.633,-17430.707,-17422.387,-17425.092,-17436.984,-17440.682,-17460.47,-17473.934,-17485.678,-17497.266,-17521.914,-17528.904,-17488.709,-17447.469,-17436.955,-17444.936,-17416.117,-17406.75,-17440.697,-17469.016,-17502.146,-17486.498,-17452.832
-17431.713,-17418.934,-17456.656,-17493.293,-17545.078,-17545.062,-17424.357,-17403.492,-17467.35,-17472.672,-17482.996,-17457.26,-17437.193,-17429.328,-17385.652,-17425.512,-17450.08,-17443.1,-17478.895,-17464.39,-17449.734,-17439.18,-17392.578,-17359.828,-17398.742
-17475.549,-17494.979,-17502.129,-17505.879,-17473.855,-17457.469,-17466.588,-17470.924,-17474.414,-17477.625,-17500.82,-17533.072,-17479.945,-17452.164,-17468.662,-17407.383,-17410.545,-17454.666,-17452.145,-17450.334,-17450.014,-17477.52,-17464.805,-17438.494,-17463.904
-17472.475,-17470.389,-17485.77,-17501.191,-17479.844,-17462.025,-17488.537,-17510.967,-17512.912,-17515.559,-17530.309,-17506.303,-17464.074,-17461.697,-17454.469,-17410.666,-17372.818,-17402.455,-17429.574,-17434.205,-17465.125,-17467.344,-17454.922,-17428.588,-17411.814
-17432.709,-17437.174,-17436.092,-17409.35,-17396.34,-17447.006,-17491.508,-17497.453,-17455.748,-17412.363,-17451.139,-17551.074,-17556.633,-17458.1,-17456.838,-17528.639,-17547.803,-17505.672,-17445.162,-17450.463,-17450.748,-17427.89,-17444.473,-17452.51,-17469.508
-17462.078,-17430.36,-17437.7,-17436.24,-17435.236,-17435.645,-17426.14,-17435.57,-17454.193,-17475.303,-17439.963,-17407.285,-17470.758,-17470.607,-17425.783,-17444.324,-17433.014,-17472.271,-17556.592,-17565.152,-17562.543,-17566.125,-17544.885,-17513.092,-17547.908
-17555.39,-17431.174,-17391.135,-17440.281,-17444.156,-17442.393,-17444.48,-17439.254,-17418.738,-17422.625,-17440.312,-17439.445,-17442.338,-17454.127,-17482.36,-17476.334,-17436.516,-17403.184,-17428.229,-17499.47,-17508.889,-17528.209,-17527.16,-17447.79,-17418.65
-17399.387,-17402.549,-17472.385,-17502.938,-17498.93,-17507.2,-17524.033,-17513.322,-17494.709,-17510.684,-17490.97,-17459.738,-17468.031,-17470.803,-17478.371,-17475.016,-17454.096,-17444.059,-17429.447,-17427.18,-17444.31,-17468.648,-17464.113,-17428.143,-17456.479
-17527.713,-17562.447,-17549.027,-17489.953,-17468.102,-17505.432,-17487.865,-17442.748,-17479.822,-17483.926,-17419.244,-17419.012,-17437.281,-17453.357,-17491.746,-17516.865,-17522.893,-17514.96,-17522.16,-17506.598,-17506.824,-17517.467,-17462.83,-17479.096,-17527.188
-17509.307,-17487.76,-17446.3,-17406.842,-17393.088,-17413.049,-17433.602,-17430.127,-17445.545,-17460.547,-17494.98,-17493.484,-17443.336,-17463.273,-17506.783,-17544.64,-17544.25,-17455.406,-17411.25,-17410.03,-17366.303,-17376.854,-17461.26,-17524.574,-17506.834
-17452.129,-17469.18,-17524.01,-17587.61,-17620.494,-17533.668,-17449.248,-17446.947,-17470.607,-17471.9,-17450.531,-17471.305,-17491.357,-17493.291,-17482.51,-17458.348,-17496.762,-17517.082,-17472.025,-17454.947,-17467.664,-17490.268,-17495.12,-17455.992,-17435.268
-17465.973,-17504.375,-17519.736,-17481.814,-17483.78,-17550.887,-17501.607,-17424.318,-17417.527,-17404.82,-17442.19,-17472.566,-17484.328,-17521.215,-17490.324,-17475.883,-17511.016,-17480.521,-17438.299,-17448.549,-17481.28,-17490.855,-17474.473,-17476.34,-17493.13
-17533.396,-17533.482,-17446.402,-17430.361,-17484.586,-17482.232,-17437.348,-17435.193,-17493.193,-17476.566,-17425.686,-17453.62,-17479.898,-17504.576,-17569.096,-17578.973,-17483.0,-17435.133,-17447.25,-17413.473,-17448.87,-17498.22,-17446.531,-17413.7,-17422.76
-17452.293,-17471.182,-17449.332,-17468.469,-17506.518,-17509.188,-17491.836,-17477.54,-17502.771,-17526.17,-17520.809,-17474.691,-17389.412,-17359.582,-17377.312,-17405.404,-17453.123,-17474.652,-17486.26,-17501.264,-17498.01,-17485.203,-17472.791,-17491.105,-17483.893
-17444.59,-17452.922,-17457.701,-17448.756,-17441.629,-17432.436,-17451.162,-17456.326,-17457.578,-17432.494,-17380.87,-17435.348,-17532.66,-17593.305,-17647.146,-17595.549,-17465.61,-17421.482,-17440.281,-17431.078,-17422.672,-17441.367,-17439.61,-17440.955,-17478.676
-17476.26,-17462.621,-17479.824,-17449.764,-17434.4,-17469.84,-17464.305,-17442.918,-17460.975,-17483.316,-17474.691,-17456.291,-17436.48,-17430.754,-17425.678,-17409.08,-17434.098,-17471.139,-17496.371,-17485.375,-17458.084,-17481.562,-17493.219,-17520.863,-17550.363
-17506.395,-17441.352,-17398.434,-17445.1,-17518.074,-17514.785,-17480.055,-17442.883,-17428.098,-17435.365,-17434.686,-17419.055,-17411.88,-17443.42,-17504.379,-17525.537,-17488.787,-17510.164,-17537.51,-17481.121,-17466.12,-17477.008,-17452.727,-17477.172,-17519.324
-17498.89,-17475.521,-17470.967,-17426.207,-17401.078,-17434.164,-17492.018,-17555.445,-17568.0,-17552.834,-17501.873,-17433.986,-17447.373,-17451.098,-17424.271,-17428.15,-17454.717,-17489.746,-17472.338,-17469.385,-17484.879,-17481.328,-17529.537,-17529.934,-17467.285
-17451.475,-17474.1,-17508.605,-17529.654,-17520.998,-17470.26,-17428.639,-17428.22,-17430.117,-17431.762,-17409.672,-17421.84,-17465.248,-17467.455,-17484.002,-17501.467,-17543.932,-17576.957,-17501.062,-17435.166,-17419.818,-17396.807,-17390.518,-17452.162,-17531.018
-17539.55,-17540.783,-17495.305,-17429.611,-17471.355,-17480.3,-17459.102,-17495.465,-17512.383,-17503.354,-17476.95,-17477.121,-17461.916,-17419.09,-17432.467,-17448.398,-17466.742,-17459.93,-17447.902,-17479.627,-17449.316,-17423.918,-17457.465,-17473.375,-17478.004
-17476.37,-17473.666,-17509.904,-17561.82,-17523.96,-17438.725,-17424.896,-17442.586,-17421.678,-17414.111,-17457.178,-17488.89,-17534.797,-17539.838,-17465.984,-17452.172,-17476.861,-17487.441,-17439.312,-17397.23,-17476.11,-17516.71,-17489.646,-17458.883,-17425.021
-17437.627,-17475.053,-17508.326,-17496.527,-17491.18,-17526.264,-17516.422,-17485.82,-17440.787,-17409.037,-17470.729,-17545.275,-17544.08,-17521.062,-17498.326,-17461.906,-17493.48,-17512.799,-17440.824,-17423.17,-17434.17,-17432.863,-17450.193,-17459.182,-17481.916
-17475.04,-17453.14,-17468.104,-17483.19,-17476.13,-17445.398,-17413.96,-17392.246,-17415.445,-17490.346,-17531.121,-17513.938,-17510.3,-17534.908,-17513.043,-17455.914,-17450.607,-17481.91,-17459.43,-17426.912,-17471.709,-17520.424,-17547.39,-17561.951,-17528.963
-17496.188,-17465.54,-17438.936,-17418.443,-17366.578,-17354.844,-17382.797,-17421.3,-17477.795,-17486.912,-17484.098,-17488.186,-17482.105,-17480.941,-17464.77,-17476.45,-17488.033,-17475.3,-17463.414,-17463.059,-17524.803,-17519.01,-17426.45,-17413.434,-17452.256
-17523.215,-17568.89,-17522.865,-17488.178,-17447.535,-17403.033,-17443.129,-17491.338,-17505.35,-17508.225,-17492.584,-17479.77,-17469.742,-17466.672,-17475.738,-17466.752,-17435.48,-17431.998,-17452.766,-17444.717,-17438.857,-17447.29,-17453.518,-17468.084,-17484.297
-17517.76,-17538.178,-17543.229,-17565.402,-17530.74,-17458.336,-17451.533,-17472.041,-17442.912,-17410.916,-17427.521,-17439.742,-17448.084,-17463.455,-17455.496,-17455.67,-17458.434,-17452.592,-17457.154,-17456.742,-17458.156,-17468.549,-17490.791,-17529.959,-17545.424
-17513.08,-17472.002,-17463.213,-17489.322,-17504.145,-17490.229,-17499.139,-17493.125,-17457.361,-17467.426,-17477.857,-17472.812,-17468.445,-17443.762,-17455.314,-17498.1,-17522.367,-17479.105,-17407.205,-17431.297,-17461.305,-17446.096,-17470.465,-17475.898,-17506.654
-17584.443,-17581.064,-17552.834,-17508.867,-17428.164,-17430.43,-17489.576,-17556.29,-17597.281,-17535.842,-17444.195,-17431.984,-17478.555,-17476.068,-17438.848,-17432.395,-17417.572,-17424.031,-17428.684,-17420.766,-17463.44,-17476.635,-17478.209,-17492.621,-17471.877
-17475.629,-17480.537,-17461.766,-17462.016,-17482.98,-17510.516,-17516.658,-17501.625,-17490.756,-17488.035,-17478.8,-17473.514,-17517.55,-17558.977,-17515.584,-17486.697,-17487.592,-17443.936,-17421.943,-17407.354,-17400.592,-17436.07,-17481.51,-17494.543,-17441.271
-17466.855,-17546.623,-17495.639,-17423.695,-17447.955,-17486.104,-17442.166,-17406.768,-17456.768,-17475.4,-17459.21,-17495.686,-17561.842,-17594.688,-17627.928,-17636.854,-17530.656,-17441.672,-17444.88,-17457.936,-17477.283,-17460.44,-17415.168,-17406.537,-17422.959
-17431.059,-17423.129,-17453.39,-17504.334,-17532.607,-17516.002,-17448.5,-17445.033,-17487.352,-17479.83,-17441.73,-17442.219,-17499.34,-17518.371,-17539.365,-17590.959,-17613.861,-17617.914,-17565.602,-17491.99,-17424.62,-17402.75,-17494.445,-17538.83,-17495.049
-17468.395,-17468.988,-17536.146,-17549.006,-17473.738,-17444.018,-17426.271,-17448.807,-17457.336,-17422.367,-17453.283,-17481.469,-17485.936,-17450.166,-17432.709,-17478.617,-17484.537,-17512.723,-17503.773,-17447.82,-17472.889,-17500.889,-17486.426,-17474.326,-17507.398
-17505.314,-17438.049,-17431.309,-17477.527,-17502.861,-17453.727,-17385.893,-17392.291,-17451.379,-17499.918,-17484.434,-17485.424,-17529.453,-17539.787,-17546.223,-17537.322,-17494.498,-17467.486,-17454.568,-17436.094,-17424.559,-17462.916,-17534.768,-17550.271,-17528.232
-17514.873,-17477.002,-17454.025,-17449.889,-17428.459,-17438.021,-17455.457,-17480.674,-17486.24,-17428.08,-17475.838,-17570.695,-17552.037,-17500.713,-17462.729,-17488.783,-17492.875,-17455.334,-17472.314,-17448.67,-17444.842,-17465.336,-17455.635,-17480.559,-17483.143
-17476.2,-17460.986,-17473.564,-17537.717,-17547.105,-17542.371,-17523.883,-17478.188,-17454.54,-17452.475,-17459.838,-17442.113,-17450.738,-17472.777,-17468.379,-17488.201,-17501.426,-17502.473,-17485.809,-17437.65,-17452.39,-17519.066,-17519.107,-17489.377,-17463.24
-17422.635,-17480.803,-17550.572,-17480.887,-17422.713,-17443.887,-17461.842,-17478.783,-17492.623,-17457.205,-17430.465,-17451.736,-17471.238,-17500.303,-17486.629,-17487.393,-17555.223,-17532.88,-17469.834,-17458.262,-17472.166,-17486.639,-17492.137,-17498.889,-17442.738
-17416.031,-17472.441,-17484.248,-17481.076,-17475.607,-17458.793,-17469.15,-17461.502,-17443.447,-17452.0,-17463.662,-17453.387,-17438.658,-17434.443,-17432.402,-17446.8,-17442.625,-17417.262,-17424.898,-17441.87,-17449.926,-17467.385,-17493.451,-17481.371,-17446.693
-17457.375,-17478.186,-17499.402,-17517.34,-17521.611,-17521.969,-17477.61,-17468.049,-17493.691,-17460.129,-17455.111,-17451.023,-17431.73,-17499.906,-17547.58,-17534.57,-17519.266,-17481.617,-17445.7,-17419.656,-17422.326,-17434.771,-17452.092,-17497.635,-17475.44
-17457.977,-17502.402,-17471.754,-17433.875,-17420.568,-17385.076,-17408.525,-17427.266,-17424.043,-17453.953,-17450.611,-17467.459,-17499.389,-17467.967,-17459.295,-17505.207,-17532.703,-17493.611,-17478.928,-17542.445,-17527.922,-17453.703,-17448.22,-17440.53,-17392.469
-17411.338,-17484.1,-17476.64,-17457.717,-17469.129,-17444.332,-17443.143,-17446.73,-17474.986,-17538.396,-17531.123,-17493.582,-17486.357,-17491.105,-17458.586,-17411.84,-17414.113,-17438.172,-17458.59,-17452.498,-17447.662,-17463.605,-17441.97,-17412.52,-17427.703
-17446.92,-17455.465,-17460.154,-17442.096,-17474.365,-17525.045,-17489.605,-17463.668,-17464.793,-17471.84,-17504.57,-17492.455,-17475.412,-17506.78,-17555.781,-17549.555,-17485.473,-17501.484,-17528.398,-17466.393,-17424.637,-17403.84,-17397.98,-17432.596,-17439.205
-17450.98,-17467.41,-17460.783,-17484.889,-17477.473,-17466.992,-17494.363,-17480.838,-17474.639,-17473.568,-17444.24,-17446.094,-17471.936,-17485.1,-17489.9,-17489.684,-17496.42,-17515.648,-17526.324,-17532.66,-17533.078,-17562.44,-17597.203,-17561.488,-17531.408
-17494.19,-17426.846,-17425.0,-17414.2,-17364.229,-17384.074,-17424.305,-17427.627,-17452.205,-17477.053,-17480.475,-17479.72,-17468.65,-17458.488,-17452.691,-17488.29,-17543.504,-17540.99,-17498.18,-17452.135,-17413.32,-17400.305,-17422.756,-17441.527,-17456.373
-17472.28,-17467.11,-17486.045,-17501.877,-17502.46,-17494.473,-17470.305,-17510.904,-17517.81,-17454.76,-17431.998,-17407.02,-17393.203,-17379.139,-17387.457,-17475.74,-17523.305,-17543.777,-17556.744,-17532.574,-17546.4,-17533.775,-17503.104,-17498.402,-17455.68
-17428.176,-17432.277,-17451.646,-17474.404,-17475.715,-17458.264,-17429.451,-17462.908,-17498.396,-17505.195,-17541.525,-17547.506,-17531.318,-17470.488,-17429.898,-17456.023,-17454.166,-17488.152,-17490.754,-17443.215,-17438.076,-17441.5,-17479.268,-17486.355,-17494.447
-17557.01,-17560.162,-17502.656,-17426.277,-17401.58,-17420.04,-17446.361,-17493.016,-17495.674,-17475.979,-17455.273,-17460.4,-17503.805,-17513.9,-17530.072,-17561.63,-17540.7,-17455.803,-17402.871,-17430.64,-17424.902,-17408.734,-17425.973,-17422.848,-17423.512
-17420.69,-17419.443,-17434.076,-17450.893,-17489.83,-17541.18,-17570.1,-17563.564,-17559.498,-17525.693,-17451.125,-17436.594,-17450.945,-17461.63,-17473.912,-17458.615,-17467.15,-17486.04,-17505.182,-17519.488,-17467.309,-17439.402,-17487.396,-17541.357,-17574.488
-17549.947,-17488.195,-17455.916,-17445.078,-17453.98,-17489.14,-17506.39,-17500.152,-17471.348,-17422.826,-17397.998,-17401.031,-17435.914,-17457.883,-17431.293,-17426.902,-17452.56,-17510.416,-17581.969,-17570.578,-17512.307,-17475.578,-17427.213,-17403.635,-17437.826
-17457.023,-17470.541,-17491.49,-17493.543,-17506.156,-17516.672,-17529.764,-17530.346,-17502.674,-17487.99,-17471.525,-17445.19,-17446.986,-17495.182,-17496.668,-17457.531,-17475.625,-17506.66,-17539.043,-17517.646,-17451.871,-17454.398,-17467.95,-17478.271,-17490.87
-17465.836,-17444.615,-17429.53,-17414.81,-17430.242,-17454.893,-17464.066,-17470.035,-17474.477,-17470.521,-17450.588,-17435.44,-17461.373,-17489.906,-17492.576,-17502.799,-17507.662,-17497.143,-17496.709,-17518.355,-17569.592,-17595.951,-17562.074,-17485.547,-17357.87
-17309.697,-17414.215,-17519.53,-17567.576,-17520.521,-17436.645,-17450.162,-17437.871,-17421.17,-17482.63,-17492.768,-17473.828,-17467.053,-17460.082,-17461.068,-17463.74,-17494.799,-17524.076,-17516.158,-17464.094,-17400.012,-17390.598,-17427.627,-17463.303,-17507.008
-17551.607,-17552.387,-17552.977,-17562.527,-17542.72,-17470.393,-17392.148,-17415.28,-17428.777,-17397.19,-17426.074,-17447.582,-17453.71,-17468.795,-17477.518,-17507.33,-17537.355,-17536.086,-17504.943,-17459.771,-17419.102,-17394.03,-17430.414,-17525.168,-17544.58
-17480.83,-17441.426,-17430.818,-17426.658,-17411.656,-17429.307,-17471.248,-17454.6,-17433.092,-17424.69,-17410.068,-17438.906,-17479.408,-17480.113,-17466.55,-17478.244,-17487.715,-17456.639,-17414.701,-17389.465,-17384.578,-17411.955,-17477.377,-17511.258,-17485.418
-17507.596,-17538.086,-17494.525,-17459.125,-17441.168,-17421.283,-17406.662,-17393.773,-17414.268,-17427.793,-17414.2,-17435.73,-17468.824,-17471.33,-17481.518,-17490.355,-17495.14,-17503.078,-17477.363,-17491.34,-17510.992,-17459.564,-17452.469,-17456.014,-17418.105
-17417.266,-17443.598,-17470.508,-17467.9,-17448.475,-17446.504,-17438.38,-17435.6,-17478.234,-17550.734,-17554.885,-17495.727,-17415.648,-17350.557,-17408.61,-17480.916,-17492.97,-17509.637,-17515.586,-17521.922,-17456.734,-17386.322,-17412.484,-17419.828,-17415.2
-17422.016,-17421.062,-17437.656,-17452.95,-17454.059,-17441.969,-17441.709,-17439.402,-17426.754,-17444.682,-17466.846,-17472.701,-17498.324,-17573.299,-17627.578,-17579.479,-17501.709,-17432.025,-17382.643,-17391.553,-17375.713,-17396.18,-17524.277,-17573.502,-17531.229
-17484.201,-17395.314,-17347.896,-17388.291,-17437.531,-17468.738,-17476.057,-17501.46,-17544.477,-17505.68,-17443.418,-17464.031,-17521.363,-17550.11,-17514.535,-17459.531,-17447.703,-17459.762,-17446.992,-17412.322,-17423.191,-17448.225,-17473.248,-17478.316,-17409.004
-17407.068,-17455.629,-17460.13,-17461.85,-17419.861,-17403.783,-17424.383,-17425.902,-17488.773,-17559.818,-17552.385,-17500.436,-17457.04,-17428.873,-17409.887,-17417.238,-17458.89,-17513.084,-17476.182,-17399.709,-17423.254,-17466.314,-17478.457,-17479.707,-17482.97
-17500.1,-17493.285,-17476.01,-17424.979,-17398.89,-17496.914,-17573.852,-17548.996,-17495.135,-17466.756,-17495.115,-17527.406,-17531.71,-17488.215,-17417.078,-17407.158,-17398.822,-17373.967,-17399.871,-17418.922,-17437.066,-17465.33,-17445.742,-17406.367,-17377.533
-17369.578,-17408.04,-17483.795,-17543.146,-17556.338,-17544.9,-17504.703,-17458.36,-17444.09,-17437.516,-17445.08,-17469.521,-17486.383,-17503.178,-17499.775,-17487.383,-17493.094,-17465.705,-17399.064,-17367.012,-17395.469,-17427.299,-17441.387,-17471.781,-17473.998
-17433.695,-17407.94,-17389.87,-17405.834,-17460.018,-17489.438,-17486.707,-17462.965,-17445.53,-17409.86,-17382.912,-17443.81,-17503.45,-17533.098,-17542.549,-17547.162,-17570.742,-17494.605,-17406.293,-17348.326,-17314.56,-17417.707,-17447.637,-17409.059,-17421.959
-17429.992,-17501.895,-17516.51,-17464.76,-17460.5,-17473.838,-17457.7,-17410.893,-17405.486,-17366.105,-17362.225,-17415.605,-17410.516,-17454.572,-17458.611,-17420.768,-17450.156,-17495.36,-17552.867,-17529.39,-17482.01,-17491.148,-17476.666,-17441.23,-17419.129
-17435.611,-17446.57,-17455.492,-17441.807,-17415.33,-17440.355,-17415.352,-17419.223,-17457.668,-17417.094,-17397.28,-17384.178,-17407.7,-17463.191,-17464.2,-17472.04,-17472.207,-17497.04,-17537.32,-17506.379,-17474.096,-17447.951,-17413.842,-17388.463,-17371.656
-17399.414,-17421.62,-17443.506,-17473.719,-17464.281,-17470.826,-17475.746,-17450.404,-17418.062,-17442.598,-17498.822,-17475.854,-17516.377,-17549.957,-17434.207,-17363.152,-17378.838,-17463.715,-17526.24,-17482.55,-17457.324,-17465.582,-17491.957,-17486.303,-17424.37
-17419.66,-17456.36,-17462.936,-17452.87,-17441.68,-17438.465,-17451.346,-17470.652,-17486.195,-17466.568,-17463.832,-17506.887,-17457.357,-17391.293,-17404.832,-17396.576,-17392.994,-17419.896,-17486.375,-17561.2,-17556.906,-17488.871,-17388.68,-17362.629,-17433.28
-17488.312,-17524.342,-17513.86,-17443.213,-17430.191,-17488.031,-17488.594,-17430.998,-17424.422,-17447.102,-17439.143,-17427.662,-17422.996,-17447.588,-17483.232,-17459.848,-17452.844,-17495.934,-17534.025,-17548.387,-17469.176,-17369.861,-17351.666,-17377.021,-17476.373
-17593.273,-17585.215,-17510.904,-17498.723,-17517.768,-17489.508,-17432.824,-17410.326,-17420.58,-17433.13,-17438.47,-17420.807,-17411.062,-17417.873,-17427.7,-17440.932,-17429.643,-17421.332,-17422.254,-17455.035,-17505.184,-17488.062,-17493.457,-17511.541,-17458.957
-17437.322,-17455.066,-17476.45,-17504.043,-17485.863,-17446.773,-17456.018,-17523.477,-17590.266,-17552.004,-17506.35,-17517.938,-17419.318,-17361.111,-17412.818,-17403.207,-17428.557,-17445.45,-17419.975,-17428.996,-17427.389,-17439.889,-17449.72,-17465.754,-17491.469
-17499.277,-17511.604,-17523.707,-17539.896,-17516.764,-17487.926,-17477.498,-17448.584,-17447.69,-17468.11,-17489.117,-17499.197,-17545.691,-17565.273,-17443.828,-17374.1,-17395.639,-17379.11,-17351.5,-17377.324,-17469.346,-17511.578,-17503.549,-17474.852,-17404.38
-17391.842,-17455.629,-17511.521,-17475.877,-17421.111,-17425.506,-17449.346,-17509.398,-17556.045,-17558.115,-17501.22,-17431.732,-17427.152,-17412.338,-17428.42,-17450.19,-17439.246,-17490.215,-17533.666,-17559.236,-17526.832,-17407.984,-17369.041,-17386.24,-17409.137
-17479.043,-17532.914,-17524.662,-17470.094,-17438.107,-17440.4,-17451.705,-17471.082,-17439.494,-17401.223,-17398.666,-17403.867,-17451.553,-17511.625,-17530.342,-17484.48,-17418.986,-17391.086,-17405.479,-17453.92,-17462.95,-17473.98,-17496.824,-17471.568,-17479.068
-17494.78,-17493.22,-17517.46,-17556.422,-17553.297,-17476.506,-17438.924,-17423.361,-17384.648,-17362.6,-17344.07,-17390.56,-17445.162,-17448.86,-17442.97,-17414.139,-17441.639,-17515.303,-17543.07,-17545.363,-17507.475,-17471.768,-17486.799,-17463.65,-17438.549
-17433.92,-17438.615,-17521.496,-17538.477,-17512.496,-17525.354,-17441.205,-17369.836,-17362.562,-17388.041,-17461.562,-17492.04,-17493.258,-17448.486,-17399.781,-17431.041,-17453.098,-17440.395,-17421.277,-17430.1,-17466.89,-17437.588,-17380.633,-17392.531,-17442.225
-17483.398,-17478.332,-17459.87,-17483.838,-17487.488,-17445.121,-17402.422,-17415.139,-17488.588,-17547.883,-17521.113,-17412.88,-17367.074,-17448.223,-17554.227,-17575.58,-17515.67,-17479.707,-17428.26,-17350.88,-17362.15,-17425.617,-17452.328,-17426.965,-17420.078
-17444.447,-17438.027,-17441.428,-17454.414,-17481.824,-17500.928,-17440.316,-17420.236,-17447.014,-17432.756,-17425.441,-17409.117,-17410.924,-17435.14,-17423.535,-17431.29,-17432.447,-17408.754,-17424.97,-17433.945,-17414.025,-17410.36,-17445.19,-17461.3,-17431.62
-17465.035,-17515.703,-17533.213,-17576.207,-17558.76,-17493.023,-17448.188,-17398.24,-17364.303,-17365.367,-17401.71,-17421.465,-17409.977,-17405.076,-17391.799,-17404.36,-17444.549,-17448.379,-17409.836,-17359.412,-17342.404,-17387.756,-17432.928,-17422.467,-17420.328
-17459.549,-17515.512,-17570.209,-17554.416,-17464.783,-17426.31,-17439.05,-17409.791,-17396.795,-17410.969,-17419.295,-17473.012,-17529.082,-17533.22,-17475.006,-17411.027,-17422.572,-17453.904,-17435.568,-17345.229,-17307.951,-17388.621,-17407.824,-17403.275,-17446.17
-17435.975,-17417.617,-17430.488,-17429.08,-17409.008,-17402.754,-17423.373,-17440.076,-17429.992,-17408.549,-17403.621,-17398.773,-17400.416,-17432.742,-17447.883,-17425.914,-17437.01,-17462.215,-17443.285,-17454.941,-17474.406,-17454.434,-17446.475,-17437.21,-17464.566
-17513.162,-17505.299,-17472.639,-17451.35,-17435.697,-17390.697,-17379.305,-17417.734,-17390.805,-17378.184,-17445.434,-17460.605,-17438.4,-17468.248,-17457.945,-17432.703,-17481.014,-17470.23,-17425.406,-17412.695,-17375.217,-17386.23,-17431.496,-17468.918,-17513.469
