0.0,-358.4249,-4473.011,-14032.02,-19057.705,-16386.43,-16646.682,-17206.594,-15952.632,-17351.902,-17033.87,-17430.795,-18501.549,-18172.629,-19392.81,-19320.416,-19655.861,-20052.676,-19531.21,-19880.885,-19165.508,-18975.002,-18550.426,-17879.863,-17760.8
-17089.295,-17080.564,-16861.29,-16871.28,-17153.584,-17264.342,-17809.793,-18076.537,-18573.355,-18973.3,-19230.217,-19541.137,-19532.668,-19586.932,-19394.559,-19146.541,-18847.479,-18416.438,-18092.732,-17687.61,-17415.332,-17212.822,-17111.828,-17161.312,-17254.9
-17511.002,-17795.877,-18135.514,-18489.61,-18799.086,-19087.145,-19258.451,-19355.523,-19334.59,-19208.916,-19010.148,-18733.076,-18443.346,-18127.982,-17833.477,-17593.543,-17427.41,-17358.941,-17368.18,-17472.62,-17655.04,-17898.598,-18172.129,-18441.496,-18699.855
-18907.9,-19056.75,-19130.447,-19116.686,-19026.84,-18858.34,-18650.729,-18420.057,-18168.8,-17939.191,-17749.777,-17621.94,-17569.062,-17579.373,-17662.633,-17810.387,-17989.504,-18194.734,-18412.238,-18607.434,-18772.691,-18891.5,-18940.121,-18928.963,-18862.559
-18738.562,-18574.643,-18389.75,-18192.846,-18009.625,-17874.969,-17785.18,-17739.842,-17751.928,-17808.62,-17909.916,-18043.594,-18191.926,-18356.283,-18502.656,-18619.84,-18710.578,-18748.914,-18743.018,-18695.898,-18606.877,-18495.844,-18366.48,-18232.021,-18105.05
-17993.207,-17915.635,-17880.414,-17886.2,-17926.787,-17998.541,-18096.916,-18208.19,-18322.49,-18425.832,-18514.514,-18587.377,-18619.125,-18614.693,-18583.215,-18514.93,-18436.143,-18350.318,-18254.5,-18174.955,-18104.992,-18047.324,-18019.166,-18016.309,-18043.502
-18097.594,-18162.0,-18233.344,-18311.082,-18385.846,-18448.602,-18494.727,-18512.285,-18504.666,-18484.479,-18439.756,-18385.92,-18336.676,-18274.178,-18216.783,-18170.68,-18135.117,-18126.49,-18126.367,-18133.412,-18161.361,-18204.178,-18255.248,-18300.463,-18335.004
-18365.738,-18388.613,-18398.299,-18399.672,-18387.75,-18362.797,-18335.924,-18306.258,-18283.71,-18264.965,-18240.254,-18216.676,-18198.746,-18203.732,-18222.2,-18234.613,-18245.543,-18259.293,-18281.973,-18299.764,-18313.23,-18324.477,-18322.736,-18321.143,-18318.203
-18317.092,-18315.674,-18305.783,-18297.846,-18287.078,-18275.031,-18266.426,-18262.98,-18258.951,-18256.55,-18267.895,-18269.967,-18260.877,-18255.166,-18253.32,-18261.943,-18267.646,-18266.215,-18268.879,-18273.654,-18279.287,-18294.062,-18313.23,-18321.184,-18330.26
-18336.783,-18330.588,-18332.062,-18331.71,-18323.223,-18312.066,-18290.92,-18273.799,-18259.885,-18244.809,-18238.99,-18233.193,-18227.527,-18234.467,-18246.959,-18254.758,-18267.057,-18289.215,-18306.953,-18320.436,-18339.215,-18352.598,-18357.73,-18359.455,-18350.04
-18331.99,-18305.514,-18273.492,-18248.324,-18222.5,-18204.594,-18201.336,-18194.812,-18194.203,-18208.064,-18231.74,-18261.744,-18290.904,-18318.346,-18338.111,-18354.527,-18369.703,-18377.387,-18382.797,-18373.373,-18353.828,-18336.871,-18303.537,-18265.402,-18237.457
-18211.242,-18191.54,-18178.766,-18178.918,-18193.545,-18212.828,-18243.68,-18281.236,-18313.518,-18345.768,-18370.322,-18383.637,-18398.23,-18399.756,-18385.113,-18370.287,-18342.443,-18299.057,-18257.496,-18223.89,-18194.852,-18175.738,-18173.547,-18178.516,-18189.854
-18208.738,-18233.936,-18275.611,-18322.875,-18354.625,-18372.652,-18388.607,-18407.008,-18412.357,-18396.123,-18376.994,-18346.201,-18301.553,-18268.191,-18231.4,-18199.955,-18186.113,-18170.57,-18174.795,-18189.443,-18205.072,-18243.008,-18278.947,-18313.643,-18358.252
-18392.883,-18409.23,-18413.852,-18410.959,-18392.465,-18366.783,-18337.621,-18307.383,-18277.94,-18236.25,-18204.5,-18184.674,-18169.52,-18176.264,-18186.938,-18202.756,-18234.117,-18268.379,-18307.604,-18344.945,-18372.955,-18395.566,-18414.148,-18414.266,-18389.992
-18366.754,-18335.578,-18294.918,-18266.152,-18231.582,-18202.105,-18183.39,-18167.084,-18169.537,-18183.281,-18214.625,-18250.498,-18274.592,-18307.367,-18338.78,-18365.518,-18386.32,-18394.227,-18393.604,-18380.191,-18360.637,-18335.541,-18309.043,-18282.791,-18247.867
-18218.193,-18204.1,-18199.184,-18192.822,-18199.049,-18229.795,-18256.03,-18280.32,-18312.531,-18335.94,-18359.48,-18375.969,-18379.283,-18384.92,-18381.1,-18370.334,-18352.791,-18316.908,-18280.965,-18249.258,-18225.377,-18209.422,-18193.242,-18197.904,-18212.135
-18223.646,-18251.2,-18281.852,-18307.701,-18329.18,-18344.969,-18362.518,-18373.71,-18374.896,-18365.322,-18348.875,-18331.021,-18302.492,-18270.375,-18245.951,-18225.738,-18207.998,-18199.738,-18201.87,-18207.72,-18220.246,-18239.855,-18265.56,-18289.56,-18315.67
-18350.664,-18364.78,-18366.072,-18370.75,-18358.203,-18339.785,-18317.422,-18293.025,-18286.443,-18274.863,-18244.578,-18222.258,-18216.701,-18216.268,-18221.072,-18231.348,-18247.799,-18274.69,-18300.178,-18320.992,-18335.012,-18337.387,-18342.46,-18346.855,-18340.48
-18322.842,-18308.332,-18310.037,-18290.74,-18255.125,-18241.682,-18234.451,-18229.033,-18224.926,-18224.701,-18240.727,-18258.365,-18279.037,-18302.078,-18316.352,-18321.902,-18324.232,-18331.861,-18334.25,-18334.252,-18330.906,-18311.908,-18293.623,-18275.156,-18256.543
-18246.914,-18232.56,-18220.936,-18221.385,-18225.533,-18235.717,-18250.023,-18265.842,-18281.568,-18293.55,-18303.57,-18310.068,-18321.31,-18330.469,-18317.143,-18304.016,-18299.41,-18280.652,-18264.76,-18257.768,-18246.14,-18240.707,-18239.043,-18239.96,-18243.906
-18245.037,-18256.977,-18278.469,-18295.768,-18305.504,-18309.256,-18311.195,-18310.832,-18306.938,-18306.684,-18307.992,-18298.582,-18287.316,-18270.463,-18249.088,-18243.273,-18240.645,-18241.645,-18244.541,-18240.633,-18243.613,-18255.74,-18276.28,-18288.459,-18291.605
-18292.771,-18287.145,-18299.457,-18313.639,-18308.965,-18310.912,-18310.588,-18299.957,-18294.506,-18288.102,-18281.926,-18277.674,-18267.697,-18263.383,-18267.0,-18272.043,-18272.818,-18274.844,-18289.303,-18295.562,-18291.93,-18291.783,-18292.53,-18293.611,-18289.422
-18287.762,-18287.875,-18281.44,-18278.762,-18278.89,-18271.9,-18262.393,-18263.846,-18266.092,-18259.684,-18257.986,-18259.305,-18261.725,-18267.824,-18272.709,-18278.258,-18282.148,-18280.936,-18277.57,-18273.521,-18274.996,-18278.713,-18272.406,-18267.512,-18272.14
-18275.596,-18274.045,-18265.334,-18261.51,-18265.752,-18265.057,-18269.041,-18273.184,-18272.62,-18279.566,-18285.398,-18287.553,-18287.031,-18281.404,-18282.262,-18292.758,-18294.887,-18282.957,-18277.59,-18277.707,-18276.84,-18278.713,-18273.639,-18267.95,-18269.107
-18271.926,-18270.451,-18267.318,-18273.188,-18277.104,-18277.773,-18281.262,-18280.857,-18283.416,-18286.33,-18287.496,-18290.658,-18288.395,-18287.588,-18289.998,-18289.117,-18287.572,-18285.354,-18284.736,-18283.326,-18279.584,-18283.227,-18294.775,-18298.797,-18293.61
-18291.105,-18287.428,-18285.807,-18285.89,-18284.818,-18294.918,-18297.738,-18289.87,-18292.365,-18299.518,-18305.846,-18301.777,-18291.266,-18286.88,-18281.45,-18278.107,-18279.393,-18283.795,-18288.47,-18287.021,-18284.512,-18281.77,-18276.26,-18273.113,-18279.602
-18287.428,-18282.377,-18278.357,-18283.645,-18284.7,-18284.076,-18287.338,-18289.91,-18290.162,-18287.387,-18287.338,-18290.395,-18286.885,-18284.412,-18285.977,-18282.975,-18282.533,-18285.658,-18290.56,-18295.908,-18293.951,-18290.383,-18285.121,-18282.562,-18288.133
-18290.318,-18296.936,-18302.34,-18292.844,-18288.346,-18290.375,-18286.387,-18284.707,-18284.938,-18281.037,-18279.227,-18277.48,-18279.078,-18285.195,-18285.457,-18290.361,-18295.11,-18292.5,-18295.67,-18296.988,-18296.822,-18299.588,-18297.836,-18296.377,-18295.637
-18293.082,-18295.986,-18304.215,-18303.668,-18292.627,-18283.738,-18278.396,-18277.8,-18281.57,-18283.408,-18286.734,-18289.514,-18288.523,-18289.387,-18297.098,-18308.238,-18308.629,-18301.088,-18297.41,-18294.252,-18289.576,-18287.268,-18287.887,-18288.178,-18286.688
-18285.537,-18289.07,-18289.826,-18286.191,-18290.861,-18290.092,-18282.213,-18284.873,-18290.613,-18295.879,-18298.928,-18296.283,-18293.137,-18292.99,-18294.67,-18290.97,-18286.994,-18289.38,-18291.807,-18287.906,-18279.518,-18274.426,-18274.902,-18279.846,-18284.969
-18287.387,-18290.508,-18299.793,-18304.877,-18297.52,-18298.617,-18302.828,-18301.094,-18304.793,-18301.938,-18298.613,-18302.715,-18304.646,-18303.107,-18296.465,-18296.584,-18296.963,-18293.762,-18303.846,-18307.42,-18299.682,-18294.373,-18286.398,-18283.062,-18282.92
-18284.615,-18292.078,-18296.598,-18301.94,-18302.434,-18293.752,-18294.318,-18300.068,-18298.49,-18296.006,-18294.617,-18294.938,-18298.541,-18298.969,-18301.97,-18307.014,-18300.84,-18291.732,-18288.555,-18294.988,-18310.396,-18318.934,-18313.883,-18305.834,-18305.22
-18300.674,-18291.426,-18292.258,-18294.61,-18298.2,-18304.496,-18304.934,-18303.021,-18298.943,-18300.975,-18309.969,-18306.076,-18296.512,-18298.467,-18305.63,-18309.215,-18303.771,-18291.771,-18287.9,-18297.146,-18302.623,-18295.97,-18293.87,-18295.908,-18293.277
-18293.484,-18292.887,-18291.588,-18291.518,-18286.732,-18288.402,-18296.004,-18297.771,-18297.129,-18296.99,-18298.707,-18296.754,-18293.244,-18297.764,-18297.637,-18291.217,-18288.45,-18284.88,-18286.477,-18292.736,-18290.168,-18287.111,-18290.41,-18290.6,-18288.352
-18290.197,-18292.094,-18285.793,-18279.34,-18280.457,-18285.01,-18292.611,-18292.719,-18288.395,-18289.389,-18283.455,-18282.652,-18292.047,-18295.959,-18297.168,-18287.076,-18275.117,-18280.559,-18283.258,-18276.76,-18283.934,-18294.967,-18282.578,-18276.953,-18292.748
-18300.467,-18304.475,-18301.547,-18295.744,-18296.703,-18295.58,-18306.5,-18316.574,-18311.234,-18304.629,-18297.037,-18294.879,-18297.15,-18291.373,-18282.79,-18284.58,-18294.236,-18297.355,-18289.621,-18278.941,-18281.44,-18290.652,-18286.04,-18279.777,-18281.465
-18283.105,-18284.895,-18284.977,-18278.98,-18272.928,-18276.49,-18284.8,-18295.375,-18300.604,-18289.293,-18286.31,-18291.154,-18285.738,-18291.832,-18296.186,-18292.316,-18301.193,-18295.287,-18285.873,-18290.05,-18283.363,-18286.012,-18296.807,-18296.178,-18288.332
-18277.193,-18276.299,-18279.693,-18285.857,-18287.78,-18281.072,-18291.092,-18300.086,-18293.781,-18290.11,-18288.303,-18289.184,-18298.713,-18307.77,-18299.662,-18288.799,-18293.758,-18300.438,-18303.244,-18302.926,-18295.586,-18289.965,-18287.432,-18285.053,-18286.025
-18287.91,-18287.459,-18286.396,-18293.844,-18292.86,-18279.205,-18287.24,-18300.902,-18310.318,-18316.227,-18293.824,-18283.426,-18297.18,-18297.557,-18289.828,-18278.2,-18274.52,-18281.78,-18285.887,-18286.258,-18282.793,-18288.451,-18290.33,-18281.006,-18284.3
-18287.186,-18286.527,-18289.328,-18282.117,-18279.37,-18286.455,-18285.305,-18279.62,-18280.215,-18290.14,-18295.8,-18287.5,-18281.03,-18283.812,-18290.584,-18290.02,-18282.496,-18286.219,-18295.604,-18297.328,-18300.668,-18299.355,-18283.275,-18280.947,-18285.871
-18274.088,-18271.305,-18278.709,-18294.58,-18309.72,-18293.348,-18281.152,-18288.098,-18285.58,-18280.164,-18276.576,-18280.34,-18285.994,-18282.137,-18281.406,-18284.904,-18287.586,-18287.994,-18295.55,-18306.23,-18291.441,-18277.395,-18290.545,-18294.625,-18284.148
-18283.549,-18284.428,-18278.617,-18270.27,-18265.965,-18284.215,-18303.334,-18294.498,-18283.424,-18278.59,-18275.223,-18277.44,-18277.303,-18282.014,-18285.363,-18285.832,-18295.004,-18291.072,-18287.72,-18300.137,-18292.73,-18278.18,-18285.697,-18293.064,-18286.766
-18284.092,-18287.676,-18284.857,-18280.559,-18288.87,-18299.68,-18299.15,-18303.549,-18307.967,-18296.357,-18285.303,-18278.584,-18275.773,-18277.33,-18276.764,-18281.297,-18284.54,-18278.885,-18270.984,-18265.0,-18271.97,-18289.924,-18293.549,-18281.041,-18273.81
-18277.5,-18283.586,-18275.697,-18265.305,-18271.871,-18275.184,-18277.418,-18288.932,-18296.12,-18297.318,-18293.785,-18286.924,-18283.256,-18288.594,-18288.045,-18282.598,-18287.73,-18284.453,-18277.371,-18276.348,-18273.824,-18279.412,-18287.584,-18289.611,-18287.184
-18277.375,-18267.887,-18274.691,-18283.875,-18278.18,-18268.922,-18260.643,-18265.506,-18277.504,-18280.307,-18288.729,-18287.904,-18281.691,-18285.33,-18279.352,-18278.512,-18278.895,-18274.451,-18276.861,-18272.21,-18273.998,-18283.312,-18289.844,-18291.65,-18286.434
-18287.896,-18285.346,-18284.377,-18283.89,-18273.262,-18279.033,-18283.559,-18274.594,-18272.197,-18277.365,-18287.785,-18284.727,-18272.809,-18273.568,-18283.752,-18287.27,-18279.148,-18282.951,-18285.049,-18273.979,-18279.395,-18285.816,-18289.438,-18294.63,-18281.07
-18273.41,-18276.494,-18275.848,-18277.363,-18274.09,-18271.553,-18274.11,-18281.09,-18285.281,-18283.582,-18289.912,-18289.803,-18286.81,-18291.566,-18288.016,-18293.39,-18301.416,-18292.342,-18290.422,-18289.723,-18287.258,-18294.615,-18293.299,-18287.586,-18282.395
-18274.783,-18273.693,-18279.432,-18289.37,-18292.246,-18287.61,-18282.64,-18285.56,-18296.73,-18289.361,-18272.523,-18271.525,-18277.14,-18279.37,-18278.55,-18282.52,-18281.43,-18271.627,-18272.629,-18274.293,-18263.648,-18261.844,-18276.492,-18279.016,-18270.639
-18269.256,-18266.986,-18270.244,-18274.04,-18275.266,-18282.447,-18281.145,-18276.975,-18275.79,-18274.02,-18277.906,-18281.197,-18278.639,-18271.604,-18270.6,-18274.758,-18276.312,-18280.893,-18279.16,-18277.008,-18276.758,-18267.37,-18270.621,-18285.166,-18292.541
-18287.887,-18278.793,-18280.947,-18281.045,-18282.078,-18288.965,-18285.32,-18276.033,-18269.049,-18276.322,-18287.916,-18286.215,-18283.984,-18286.61,-18290.404,-18284.379,-18275.205,-18278.176,-18277.076,-18275.559,-18285.986,-18289.209,-18284.643,-18286.576,-18288.49
-18291.457,-18296.412,-18296.242,-18296.705,-18294.854,-18290.959,-18292.785,-18293.254,-18290.342,-18288.117,-18284.186,-18281.244,-18284.809,-18284.463,-18281.787,-18288.926,-18287.232,-18283.04,-18292.404,-18295.016,-18298.389,-18295.555,-18282.246,-18288.486,-18290.3
-18287.773,-18292.318,-18285.338,-18284.83,-18280.96,-18276.549,-18284.193,-18282.91,-18279.738,-18277.85,-18280.658,-18277.326,-18266.46,-18274.494,-18284.436,-18287.643,-18284.965,-18276.488,-18277.305,-18281.176,-18282.723,-18286.826,-18298.56,-18306.81,-18300.59
-18289.227,-18282.018,-18284.693,-18286.883,-18284.303,-18285.184,-18282.463,-18277.564,-18279.83,-18281.193,-18280.22,-18280.4,-18278.248,-18282.883,-18283.926,-18280.637,-18294.893,-18302.975,-18298.59,-18297.658,-18289.363,-18282.047,-18283.322,-18282.71,-18278.568
-18279.982,-18281.277,-18279.473,-18289.758,-18293.135,-18287.824,-18294.002,-18297.498,-18301.27,-18303.613,-18295.486,-18290.256,-18287.709,-18287.842,-18289.666,-18287.645,-18288.611,-18291.738,-18293.15,-18296.438,-18298.377,-18297.828,-18301.924,-18303.428,-18296.988
-18294.24,-18292.902,-18294.992,-18301.346,-18296.041,-18297.334,-18305.84,-18298.975,-18295.229,-18294.477,-18292.965,-18301.098,-18310.688,-18320.963,-18321.271,-18308.354,-18298.107,-18294.094,-18296.992,-18299.084,-18297.639,-18298.105,-18293.365,-18289.627,-18293.111
-18288.494,-18281.545,-18282.816,-18282.299,-18278.094,-18271.486,-18274.78,-18286.93,-18282.908,-18279.781,-18291.1,-18290.627,-18283.137,-18287.984,-18291.547,-18288.031,-18290.318,-18289.838,-18284.986,-18284.924,-18285.135,-18288.797,-18294.174,-18292.662,-18287.553
-18288.854,-18293.934,-18294.863,-18302.477,-18309.4,-18300.479,-18291.889,-18291.896,-18289.02,-18288.123,-18296.932,-18293.846,-18283.344,-18285.053,-18283.525,-18279.762,-18276.213,-18272.115,-18275.6,-18276.82,-18277.57,-18283.258,-18291.389,-18298.945,-18299.502
-18297.521,-18296.873,-18295.809,-18295.178,-18294.533,-18298.398,-18309.277,-18307.564,-18296.78,-18300.646,-18300.395,-18292.553,-18294.752,-18297.893,-18297.309,-18294.447,-18293.584,-18290.814,-18283.684,-18286.723,-18296.04,-18296.32,-18287.455,-18286.809,-18295.803
-18298.613,-18300.826,-18300.523,-18294.273,-18297.238,-18300.498,-18293.092,-18288.219,-18287.803,-18287.055,-18289.018,-18291.96,-18296.074,-18298.672,-18294.254,-18294.678,-18295.58,-18287.5,-18288.867,-18292.027,-18287.494,-18288.4,-18290.725,-18295.37,-18294.346
-18285.873,-18292.896,-18299.48,-18294.021,-18295.613,-18293.207,-18283.586,-18283.412,-18286.45,-18288.4,-18288.262,-18286.516,-18294.5,-18298.44,-18294.336,-18298.744,-18301.42,-18301.615,-18301.688,-18297.494,-18294.836,-18293.889,-18302.455,-18305.916,-18298.63
-18297.438,-18291.793,-18290.814,-18296.188,-18296.348,-18294.465,-18285.35,-18280.781,-18282.18,-18284.059,-18293.152,-18296.793,-18290.945,-18291.79,-18298.469,-18298.941,-18299.04,-18300.668,-18297.0,-18293.59,-18290.963,-18293.324,-18305.777,-18301.893,-18283.922
-18283.455,-18284.826,-18283.088,-18285.156,-18279.97,-18279.242,-18282.17,-18284.86,-18287.838,-18284.188,-18285.613,-18292.746,-18294.996,-18293.72,-18295.74,-18296.03,-18290.064,-18292.24,-18299.475,-18301.152,-18299.771,-18296.045,-18298.09,-18301.148,-18296.168
-18296.604,-18295.715,-18289.71,-18293.834,-18293.283,-18286.502,-18286.152,-18284.293,-18285.02,-18289.654,-18289.57,-18288.832,-18291.752,-18294.432,-18295.025,-18291.467,-18284.268,-18287.87,-18296.633,-18295.293,-18292.154,-18287.553,-18282.549,-18283.314,-18283.613
-18282.355,-18288.49,-18293.656,-18282.047,-18276.428,-18279.432,-18274.771,-18283.174,-18295.83,-18296.7,-18290.361,-18277.252,-18273.98,-18278.129,-18278.35,-18281.768,-18287.775,-18286.832,-18281.564,-18284.564,-18289.215,-18295.318,-18296.863,-18283.355,-18276.592
-18277.06,-18280.916,-18284.281,-18284.066,-18296.803,-18295.57,-18281.518,-18285.215,-18287.54,-18288.6,-18292.229,-18289.799,-18287.604,-18282.445,-18282.434,-18287.244,-18290.705,-18297.488,-18298.434,-18304.465,-18305.951,-18287.527,-18285.387,-18289.055,-18278.723
-18285.559,-18297.861,-18294.906,-18292.746,-18291.557,-18289.99,-18294.139,-18299.889,-18301.39,-18301.002,-18307.145,-18310.094,-18302.922,-18290.406,-18282.44,-18287.484,-18284.064,-18284.605,-18300.818,-18296.318,-18285.297,-18288.162,-18289.066,-18287.006,-18288.545
-18289.08,-18283.934,-18281.852,-18279.537,-18280.418,-18282.334,-18276.66,-18280.428,-18278.7,-18273.28,-18280.713,-18279.936,-18281.627,-18289.316,-18289.125,-18289.33,-18289.588,-18286.895,-18285.562,-18285.152,-18284.217,-18288.383,-18287.965,-18284.408,-18291.43
-18300.904,-18312.408,-18309.643,-18294.66,-18298.334,-18304.344,-18298.627,-18291.78,-18292.11,-18291.102,-18282.553,-18284.896,-18287.34,-18285.48,-18288.766,-18288.693,-18289.36,-18285.648,-18282.475,-18289.768,-18295.227,-18295.328,-18295.94,-18301.018,-18300.973
-18294.707,-18292.451,-18293.803,-18295.635,-18297.36,-18301.145,-18294.121,-18286.213,-18295.012,-18299.172,-18302.215,-18307.055,-18300.727,-18295.674,-18294.469,-18292.225,-18292.445,-18296.363,-18296.549,-18297.021,-18298.959,-18289.262,-18288.277,-18300.37,-18300.955
-18295.23,-18291.975,-18296.256,-18306.637,-18304.48,-18292.67,-18290.174,-18292.39,-18290.94,-18290.473,-18290.129,-18289.543,-18291.49,-18292.266,-18290.352,-18290.174,-18287.367,-18285.693,-18295.672,-18299.822,-18292.383,-18282.268,-18275.775,-18283.686,-18291.154
-18297.662,-18301.95,-18293.863,-18291.977,-18289.23,-18286.525,-18294.143,-18297.906,-18295.203,-18289.375,-18291.73,-18298.02,-18299.16,-18299.031,-18295.293,-18295.113,-18296.465,-18299.244,-18300.273,-18289.293,-18286.54,-18292.924,-18296.568,-18299.076,-18301.055
-18311.291,-18320.303,-18320.709,-18312.885,-18305.422,-18307.049,-18299.607,-18300.795,-18315.75,-18312.021,-18299.203,-18294.67,-18295.238,-18293.371,-18290.043,-18285.941,-18283.256,-18282.766,-18275.229,-18272.648,-18277.078,-18282.65,-18294.316,-18299.469,-18296.502
-18293.896,-18291.975,-18292.441,-18294.252,-18298.219,-18304.973,-18302.037,-18292.229,-18295.2,-18302.93,-18305.867,-18307.72,-18310.2,-18311.605,-18305.238,-18299.354,-18298.205,-18301.434,-18311.725,-18314.57,-18303.373,-18293.299,-18292.105,-18287.389,-18280.87
-18284.006,-18289.367,-18290.797,-18289.982,-18289.918,-18294.842,-18301.94,-18300.412,-18294.102,-18289.654,-18284.742,-18289.705,-18295.66,-18291.027,-18289.232,-18289.701,-18291.172,-18296.367,-18299.992,-18302.9,-18305.438,-18304.447,-18305.61,-18311.307,-18311.79
-18311.414,-18314.66,-18314.047,-18311.537,-18307.396,-18302.904,-18306.105,-18312.771,-18314.23,-18313.092,-18308.174,-18302.207,-18304.78,-18308.494,-18315.191,-18325.19,-18324.355,-18319.445,-18315.81,-18315.914,-18318.658,-18313.773,-18305.451,-18298.594,-18301.418
-18303.295,-18295.979,-18299.48,-18301.092,-18298.205,-18295.818,-18288.045,-18295.25,-18301.08,-18298.266,-18306.09,-18307.738,-18304.088,-18302.54,-18298.588,-18301.879,-18310.656,-18311.172,-18304.662,-18301.838,-18299.027,-18290.87,-18284.143,-18286.104,-18294.531
-18294.578,-18290.691,-18300.492,-18307.996,-18304.25,-18300.95,-18294.191,-18297.158,-18308.035,-18300.443,-18297.406,-18305.883,-18302.275,-18302.139,-18305.535,-18306.824,-18311.45,-18306.137,-18299.475,-18300.238,-18303.268,-18305.75,-18310.648,-18322.193,-18318.693
-18306.664,-18303.408,-18297.834,-18297.727,-18299.967,-18298.207,-18298.352,-18300.22,-18310.064,-18314.006,-18309.203,-18312.867,-18314.307,-18308.629,-18303.918,-18305.252,-18310.26,-18312.17,-18313.7,-18305.023,-18295.938,-18297.613,-18296.77,-18301.826,-18299.377
-18292.084,-18299.338,-18299.555,-18300.258,-18302.85,-18303.463,-18311.598,-18312.186,-18314.957,-18318.049,-18313.922,-18312.252,-18309.771,-18318.842,-18324.932,-18313.41,-18304.762,-18302.836,-18309.236,-18316.11,-18316.412,-18317.223,-18316.074,-18314.0,-18316.502
-18322.027,-18321.773,-18313.506,-18301.793,-18301.156,-18315.05,-18317.377,-18309.77,-18308.408,-18310.08,-18309.668,-18306.078,-18308.258,-18313.379,-18317.36,-18319.514,-18315.22,-18315.217,-18314.889,-18305.416,-18303.998,-18315.547,-18320.488,-18313.945,-18310.498
-18310.9,-18306.463,-18300.547,-18300.615,-18304.758,-18314.133,-18318.967,-18314.273,-18322.127,-18322.045,-18303.926,-18302.838,-18302.287,-18298.168,-18311.85,-18322.633,-18325.344,-18320.4,-18311.014,-18309.818,-18306.572,-18304.188,-18299.107,-18302.404,-18317.557
-18316.44,-18321.174,-18327.205,-18324.35,-18327.31,-18316.48,-18311.799,-18320.064,-18317.158,-18314.373,-18312.299,-18307.82,-18306.889,-18303.652,-18301.78,-18302.53,-18302.076,-18312.783,-18317.596,-18307.963,-18313.168,-18323.79,-18324.203,-18314.117,-18300.38
-18301.596,-18306.963,-18305.072,-18301.246,-18302.129,-18310.29,-18310.867,-18308.684,-18312.406,-18310.352,-18312.162,-18314.81,-18311.68,-18317.818,-18316.527,-18308.072,-18308.955,-18308.521,-18311.424,-18311.959,-18305.686,-18308.637,-18305.926,-18297.027,-18303.95
-18310.857,-18311.635,-18316.934,-18318.93,-18322.04,-18323.705,-18314.326,-18310.146,-18312.729,-18311.72,-18315.504,-18320.553,-18325.014,-18333.16,-18329.0,-18318.87,-18320.238,-18320.65,-18317.76,-18319.834,-18320.383,-18323.504,-18327.646,-18323.432,-18325.27
-18330.361,-18325.693,-18321.13,-18320.133,-18319.752,-18319.98,-18320.363,-18318.46,-18319.38,-18328.809,-18330.363,-18325.281,-18328.145,-18323.625,-18318.107,-18322.0,-18319.803,-18323.777,-18327.639,-18319.775,-18319.379,-18318.734,-18316.244,-18319.807,-18323.605
-18326.871,-18326.121,-18321.447,-18314.4,-18311.428,-18315.781,-18318.799,-18318.684,-18317.121,-18317.49,-18320.598,-18321.445,-18317.31,-18310.893,-18309.945,-18310.88,-18306.754,-18307.684,-18314.574,-18317.027,-18318.818,-18320.36,-18320.355,-18322.451,-18320.658
-18319.178,-18324.848,-18329.158,-18329.496,-18329.994,-18330.262,-18327.453,-18324.877,-18324.426,-18322.822,-18323.281,-18324.86,-18325.453,-18325.467,-18322.953,-18319.469,-18318.11,-18322.365,-18326.88,-18330.668,-18335.271,-18338.38,-18346.482,-18347.488,-18338.465
-18334.588,-18334.07,-18335.393,-18334.393,-18331.598,-18329.824,-18328.168,-18327.018,-18324.656,-18326.062,-18325.742,-18325.13,-18326.525,-18324.973,-18328.121,-18326.605,-18322.412,-18321.883,-18316.572,-18316.377,-18316.83,-18313.496,-18315.377,-18318.271,-18323.594
-18328.059,-18326.729,-18328.998,-18331.164,-18327.318,-18326.098,-18323.857,-18320.375,-18322.357,-18319.469,-18318.074,-18323.695,-18325.762,-18327.586,-18325.459,-18327.262,-18336.436,-18335.805,-18333.346,-18333.91,-18333.668,-18329.322,-18323.932,-18328.588,-18331.6
-18332.18,-18335.498,-18337.781,-18340.738,-18339.09,-18337.314,-18337.158,-18334.771,-18332.04,-18330.248,-18332.205,-18331.123,-18328.014,-18325.057,-18318.762,-18318.338,-18322.205,-18326.826,-18331.102,-18329.156,-18328.854,-18330.705,-18330.434,-18330.537,-18328.963
-18327.355,-18326.834,-18325.693,-18326.574,-18333.496,-18334.705,-18327.824,-18330.322,-18332.096,-18330.389,-18332.518,-18328.484,-18329.27,-18337.16,-18341.35,-18345.348,-18347.068,-18342.438,-18335.104,-18334.771,-18335.553,-18335.254,-18340.531,-18336.387,-18335.596
-18345.076,-18344.314,-18345.654,-18349.61,-18349.814,-18350.398,-18347.373,-18347.217,-18346.703,-18341.373,-18336.83,-18334.477,-18334.646,-18335.85,-18335.586,-18330.104,-18324.896,-18325.05,-18328.791,-18330.143,-18323.703,-18326.32,-18335.562,-18333.717,-18327.693
-18325.143,-18328.254,-18324.406,-18318.74,-18325.426,-18324.47,-18316.7,-18315.467,-18319.14,-18317.979,-18308.709,-18317.748,-18336.389,-18335.033,-18331.58,-18336.111,-18336.094,-18334.977,-18333.021,-18328.688,-18327.953,-18325.943,-18328.967,-18337.457,-18334.734
-18331.479,-18331.453,-18328.379,-18330.527,-18332.229,-18328.54,-18327.594,-18329.29,-18327.389,-18325.004,-18322.883,-18324.756,-18333.482,-18335.016,-18331.291,-18330.223,-18330.033,-18331.451,-18338.172,-18348.732,-18344.674,-18331.299,-18329.84,-18335.316,-18335.242
-18329.617,-18328.906,-18327.15,-18325.6,-18335.752,-18340.277,-18336.773,-18337.973,-18340.264,-18338.357,-18333.178,-18333.71,-18336.969,-18339.938,-18340.459,-18334.463,-18336.672,-18333.953,-18325.64,-18336.002,-18340.656,-18335.324,-18336.287,-18342.264,-18349.336
-18344.957,-18347.521,-18355.83,-18346.646,-18336.45,-18334.598,-18337.826,-18339.26,-18338.545,-18342.35,-18340.889,-18335.818,-18335.172,-18342.018,-18344.35,-18333.225,-18333.562,-18335.764,-18330.295,-18335.156,-18333.145,-18332.01,-18336.887,-18329.111,-18324.984
-18327.06,-18332.783,-18338.14,-18331.99,-18328.807,-18322.512,-18310.996,-18314.11,-18325.709,-18337.738,-18341.082,-18343.502,-18351.38,-18341.898,-18334.26,-18333.027,-18322.049,-18318.875,-18322.139,-18330.904,-18338.484,-18339.832,-18341.268,-18342.322,-18346.242
-18338.934,-18331.795,-18335.273,-18336.205,-18337.426,-18340.219,-18341.672,-18329.64,-18321.576,-18325.053,-18326.047,-18338.541,-18349.684,-18353.875,-18354.664,-18345.162,-18334.537,-18333.441,-18348.035,-18349.674,-18334.893,-18329.076,-18332.793,-18337.648,-18327.432
-18327.533,-18336.082,-18334.0,-18339.578,-18330.0,-18324.723,-18331.021,-18323.611,-18330.004,-18333.701,-18330.87,-18334.598,-18331.322,-18324.607,-18318.238,-18326.84,-18332.217,-18329.988,-18345.846,-18344.598,-18323.502,-18320.094,-18326.73,-18328.732,-18323.988
-18316.545,-18313.562,-18323.695,-18337.834,-18333.543,-18325.98,-18330.836,-18333.0,-18334.725,-18343.982,-18342.502,-18332.525,-18336.43,-18341.504,-18340.264,-18338.555,-18337.105,-18339.387,-18332.473,-18328.043,-18332.941,-18333.98,-18344.426,-18344.465,-18327.02
-18320.816,-18323.346,-18337.834,-18349.986,-18339.521,-18325.332,-18322.656,-18328.568,-18321.486,-18312.494,-18325.918,-18335.479,-18331.432,-18324.193,-18322.04,-18329.04,-18328.812,-18327.242,-18329.215,-18325.393,-18322.514,-18325.295,-18331.885,-18333.299,-18336.066
-18337.342,-18325.625,-18322.176,-18322.666,-18330.646,-18341.207,-18329.018,-18328.148,-18324.65,-18314.922,-18327.998,-18325.7,-18327.69,-18338.52,-18332.936,-18335.514,-18333.928,-18334.23,-18339.445,-18337.223,-18341.44,-18336.18,-18328.996,-18335.428,-18334.98
-18326.0,-18328.781,-18338.47,-18328.264,-18315.883,-18317.357,-18320.748,-18328.744,-18324.25,-18313.63,-18318.889,-18322.252,-18322.81,-18322.531,-18320.842,-18328.549,-18329.97,-18325.594,-18329.291,-18329.746,-18327.463,-18331.566,-18336.85,-18335.041,-18330.31
-18333.455,-18337.742,-18337.914,-18338.465,-18330.586,-18321.785,-18322.28,-18323.637,-18329.066,-18331.965,-18330.564,-18333.611,-18332.75,-18331.31,-18337.957,-18342.445,-18339.795,-18342.795,-18343.178,-18339.037,-18345.115,-18346.105,-18338.162,-18329.982,-18335.64
-18349.688,-18339.973,-18328.785,-18333.014,-18337.76,-18338.35,-18336.5,-18344.559,-18344.523,-18338.996,-18347.713,-18352.932,-18356.19,-18356.557,-18352.809,-18356.037,-18353.275,-18345.998,-18339.646,-18327.87,-18329.77,-18337.994,-18329.807,-18332.191,-18338.559
-18331.39,-18332.568,-18334.057,-18334.797,-18334.95,-18326.469,-18326.848,-18330.184,-18325.453,-18324.04,-18331.182,-18339.863,-18342.742,-18335.62,-18328.682,-18335.584,-18335.94,-18329.115,-18333.39,-18333.248,-18330.432,-18333.531,-18333.07,-18332.969,-18333.18
-18328.842,-18330.525,-18332.582,-18325.62,-18325.69,-18326.037,-18322.459,-18328.268,-18329.143,-18328.182,-18330.756,-18326.527,-18331.664,-18336.936,-18324.646,-18322.348,-18330.17,-18324.855,-18322.172,-18330.062,-18334.322,-18336.398,-18335.877,-18331.174,-18329.82
-18331.562,-18329.219,-18325.152,-18329.98,-18333.174,-18329.5,-18329.648,-18329.291,-18333.066,-18336.105,-18330.525,-18330.607,-18334.613,-18339.85,-18344.188,-18337.986,-18330.875,-18331.824,-18336.553,-18336.89,-18332.324,-18329.785,-18326.814,-18325.973,-18325.863
-18322.29,-18321.457,-18319.701,-18324.754,-18333.969,-18330.691,-18323.594,-18319.836,-18329.922,-18338.996,-18331.035,-18333.414,-18335.16,-18328.902,-18332.37,-18337.062,-18338.486,-18337.387,-18339.105,-18334.79,-18328.78,-18330.291,-18323.201,-18325.709,-18333.67
-18330.74,-18332.916,-18333.586,-18329.19,-18323.184,-18322.977,-18329.512,-18332.746,-18332.219,-18319.627,-18313.662,-18321.7,-18319.45,-18318.637,-18322.953,-18324.467,-18327.89,-18331.176,-18333.53,-18329.93,-18328.885,-18333.67,-18328.842,-18324.95,-18329.371
-18328.371,-18325.787,-18327.201,-18323.89,-18321.62,-18327.531,-18329.63,-18325.457,-18323.797,-18327.182,-18332.732,-18337.432,-18341.916,-18341.184,-18333.088,-18326.521,-18321.068,-18318.49,-18322.47,-18323.229,-18325.057,-18326.78,-18323.055,-18321.057,-18315.428
-18319.262,-18328.504,-18324.174,-18323.344,-18325.287,-18330.24,-18334.47,-18325.746,-18322.193,-18322.02,-18320.627,-18324.672,-18324.781,-18320.99,-18321.045,-18321.3,-18320.328,-18325.36,-18324.145,-18317.375,-18320.285,-18320.7,-18323.549,-18330.244,-18326.383
-18324.967,-18328.744,-18327.568,-18326.398,-18330.14,-18330.283,-18322.605,-18316.365,-18319.1,-18327.125,-18327.775,-18327.73,-18334.59,-18337.328,-18335.037,-18328.957,-18325.129,-18329.17,-18331.516,-18330.65,-18328.064,-18323.062,-18325.523,-18334.445,-18336.818
-18332.814,-18325.773,-18322.494,-18328.7,-18334.172,-18335.666,-18334.396,-18333.764,-18332.922,-18325.695,-18327.92,-18333.371,-18332.75,-18338.846,-18336.268,-18329.582,-18328.92,-18325.607,-18332.965,-18338.078,-18330.562,-18328.904,-18325.357,-18322.246,-18327.992
-18330.852,-18338.281,-18347.834,-18343.463,-18337.666,-18340.057,-18342.701,-18343.303,-18343.955,-18342.512,-18340.408,-18337.936,-18330.701,-18330.107,-18336.422,-18338.78,-18340.342,-18334.436,-18331.195,-18337.842,-18334.865,-18333.795,-18336.295,-18330.24,-18328.266
-18325.074,-18321.62,-18326.998,-18329.139,-18328.795,-18329.52,-18326.809,-18329.486,-18336.523,-18334.076,-18335.172,-18341.893,-18337.55,-18339.908,-18342.486,-18335.594,-18342.455,-18342.197,-18331.66,-18332.926,-18338.734,-18349.062,-18349.049,-18333.346,-18327.244
-18334.338,-18331.465,-18323.658,-18332.604,-18329.734,-18317.361,-18321.543,-18322.453,-18322.447,-18326.658,-18330.395,-18333.213,-18331.07,-18330.393,-18328.648,-18327.525,-18324.754,-18317.963,-18316.148,-18316.082,-18321.416,-18325.434,-18323.164,-18330.041,-18337.477
-18337.139,-18336.424,-18333.951,-18329.875,-18330.947,-18331.062,-18324.79,-18329.994,-18337.299,-18328.191,-18325.486,-18334.986,-18340.863,-18343.479,-18343.646,-18338.977,-18332.611,-18327.459,-18328.89,-18335.969,-18340.441,-18344.906,-18340.316,-18329.879,-18329.326
-18328.242,-18333.258,-18340.135,-18334.852,-18333.32,-18332.154,-18332.125,-18343.746,-18349.5,-18344.025,-18343.293,-18340.52,-18329.896,-18330.139,-18336.52,-18336.195,-18328.912,-18319.592,-18323.934,-18333.588,-18332.021,-18327.79,-18332.438,-18335.945,-18329.96
-18326.14,-18320.146,-18316.508,-18322.992,-18324.295,-18328.836,-18337.598,-18333.512,-18325.615,-18327.766,-18331.81,-18331.09,-18333.143,-18335.209,-18338.258,-18336.773,-18332.479,-18339.057,-18337.182,-18334.059,-18338.945,-18337.191,-18339.387,-18336.531,-18331.05
-18336.271,-18336.723,-18338.51,-18346.932,-18349.338,-18344.803,-18338.135,-18332.846,-18330.041,-18331.758,-18333.688,-18331.684,-18331.49,-18331.006,-18328.771,-18330.537,-18333.773,-18335.541,-18335.568,-18332.09,-18330.666,-18331.346,-18328.447,-18328.89,-18331.95
-18330.87,-18329.988,-18329.443,-18329.59,-18328.826,-18325.158,-18328.25,-18329.219,-18326.006,-18332.547,-18332.725,-18327.018,-18330.203,-18330.06,-18325.383,-18327.453,-18329.746,-18326.238,-18329.096,-18335.275,-18334.66,-18333.156,-18336.371,-18338.855,-18334.176
-18333.2,-18334.643,-18334.518,-18336.15,-18332.928,-18332.414,-18330.676,-18327.28,-18330.883,-18330.053,-18328.426,-18330.062,-18333.752,-18337.94,-18337.229,-18335.523,-18333.783,-18334.37,-18334.535,-18334.059,-18333.303,-18329.463,-18329.445,-18331.684,-18334.379
-18333.066,-18333.773,-18340.236,-18335.46,-18331.307,-18334.23,-18332.291,-18328.016,-18327.639,-18333.832,-18333.303,-18327.822,-18328.018,-18328.846,-18331.516,-18333.695,-18336.275,-18339.111,-18338.082,-18339.65,-18340.936,-18339.102,-18339.545,-18342.844,-18346.268
-18346.658,-18344.111,-18343.426,-18347.094,-18349.602,-18346.654,-18342.023,-18340.455,-18338.418,-18336.945,-18338.807,-18338.193,-18340.45,-18343.191,-18340.998,-18342.451,-18341.16,-18338.676,-18339.969,-18339.256,-18344.53,-18348.084,-18345.617,-18349.566,-18350.967
-18346.96,-18345.238,-18345.225,-18345.414,-18345.18,-18342.23,-18339.207,-18345.168,-18347.89,-18342.477,-18341.94,-18340.492,-18340.334,-18339.979,-18334.408,-18335.29,-18337.312,-18334.727,-18334.53,-18337.686,-18336.15,-18332.178,-18333.303,-18331.248,-18330.438
-18333.701,-18335.03,-18335.557,-18329.752,-18325.62,-18329.559,-18333.035,-18337.074,-18338.139,-18330.217,-18325.709,-18331.12,-18334.979,-18338.693,-18342.727,-18337.656,-18333.785,-18336.17,-18339.45,-18344.66,-18344.736,-18346.02,-18350.588,-18343.326,-18338.326
-18340.662,-18333.416,-18327.418,-18331.27,-18338.39,-18343.918,-18339.898,-18333.363,-18333.242,-18336.525,-18341.207,-18340.617,-18336.166,-18335.291,-18335.092,-18336.05,-18342.475,-18347.928,-18340.977,-18328.898,-18329.688,-18341.027,-18347.172,-18344.521,-18342.182
-18338.17,-18330.84,-18331.322,-18334.19,-18333.107,-18332.94,-18331.256,-18325.445,-18323.24,-18329.5,-18334.227,-18340.684,-18344.182,-18336.34,-18337.16,-18338.557,-18337.053,-18343.727,-18342.256,-18344.965,-18350.672,-18340.047,-18335.709,-18340.877,-18343.406
-18343.25,-18338.56,-18332.934,-18329.502,-18334.691,-18336.486,-18327.15,-18326.82,-18333.299,-18330.623,-18326.654,-18333.723,-18334.285,-18328.773,-18331.787,-18329.014,-18330.486,-18339.82,-18343.512,-18344.246,-18342.373,-18344.064,-18342.984,-18337.941,-18335.258
-18334.266,-18339.293,-18343.266,-18344.283,-18343.941,-18347.07,-18347.543,-18340.438,-18341.877,-18343.654,-18345.533,-18343.39,-18338.416,-18347.598,-18344.676,-18337.01,-18342.934,-18341.723,-18337.854,-18343.64,-18348.432,-18344.924,-18346.582,-18344.775,-18338.191
-18339.357,-18337.37,-18337.941,-18336.262,-18336.07,-18343.635,-18337.191,-18329.408,-18330.633,-18335.291,-18339.09,-18336.285,-18330.25,-18323.63,-18325.139,-18325.527,-18327.574,-18337.162,-18334.684,-18330.79,-18331.81,-18332.457,-18333.87,-18330.074,-18325.404
-18325.219,-18329.406,-18329.21,-18329.004,-18336.64,-18339.176,-18335.201,-18331.867,-18335.268,-18340.406,-18337.83,-18336.568,-18338.887,-18338.502,-18333.277,-18329.738,-18337.422,-18346.746,-18348.38,-18345.031,-18342.635,-18344.389,-18347.625,-18352.385,-18349.174
-18343.646,-18346.111,-18340.016,-18336.736,-18340.754,-18335.027,-18333.941,-18334.697,-18330.344,-18332.49,-18332.26,-18325.938,-18328.412,-18337.463,-18336.307,-18336.83,-18341.68,-18334.512,-18334.13,-18334.371,-18329.129,-18334.715,-18329.562,-18323.178,-18328.598
-18331.72,-18335.281,-18333.22,-18328.752,-18324.418,-18318.953,-18317.344,-18319.32,-18323.225,-18321.654,-18321.477,-18320.361,-18316.8,-18318.346,-18316.615,-18318.102,-18323.02,-18323.742,-18321.578,-18322.79,-18328.004,-18327.176,-18328.682,-18328.393,-18329.057
-18337.48,-18329.299,-18323.188,-18330.996,-18326.404,-18322.18,-18322.174,-18317.008,-18318.041,-18321.5,-18324.367,-18328.244,-18326.031,-18325.482,-18329.766,-18327.828,-18324.475,-18325.912,-18327.895,-18328.064,-18323.066,-18321.115,-18325.453,-18326.95,-18329.615
-18328.03,-18322.64,-18325.074,-18326.61,-18326.234,-18326.934,-18326.346,-18324.928,-18320.746,-18324.574,-18331.877,-18331.672,-18335.035,-18333.662,-18327.549,-18330.389,-18331.895,-18332.596,-18335.477,-18335.479,-18334.924,-18334.111,-18334.63,-18336.057,-18335.838
-18330.775,-18327.48,-18332.701,-18333.191,-18333.453,-18340.557,-18344.445,-18345.17,-18338.795,-18335.482,-18338.617,-18332.2,-18331.236,-18331.64,-18322.584,-18324.135,-18326.318,-18323.268,-18326.83,-18328.762,-18330.342,-18329.326,-18321.875,-18322.748,-18327.654
-18328.332,-18332.791,-18337.639,-18339.418,-18342.25,-18344.312,-18344.041,-18343.207,-18343.732,-18340.316,-18333.404,-18329.605,-18327.238,-18337.459,-18352.467,-18348.43,-18338.246,-18330.818,-18324.885,-18323.207,-18319.666,-18319.303,-18323.453,-18325.762,-18326.357
-18324.512,-18325.498,-18329.672,-18329.504,-18325.092,-18323.521,-18326.629,-18324.97,-18325.002,-18327.188,-18320.273,-18322.047,-18324.83,-18316.406,-18320.121,-18326.896,-18326.549,-18328.576,-18327.23,-18321.807,-18319.088,-18319.975,-18320.734,-18323.072,-18324.316
-18322.404,-18323.418,-18324.777,-18328.191,-18331.877,-18331.057,-18330.967,-18329.38,-18326.596,-18325.244,-18323.156,-18322.836,-18323.193,-18322.986,-18323.246,-18321.645,-18322.115,-18327.016,-18329.025,-18326.016,-18327.771,-18334.193,-18334.559,-18335.398,-18336.31
-18335.967,-18342.04,-18338.39,-18330.762,-18333.047,-18333.443,-18334.61,-18335.281,-18332.129,-18331.617,-18336.053,-18337.574,-18330.527,-18329.537,-18329.713,-18325.166,-18324.303,-18326.994,-18336.982,-18335.068,-18324.02,-18324.65,-18319.943,-18316.873,-18321.828
-18321.662,-18322.559,-18318.81,-18309.023,-18308.738,-18317.605,-18321.76,-18324.209,-18326.436,-18317.072,-18315.13,-18316.012,-18306.135,-18311.791,-18320.322,-18321.033,-18321.613,-18315.24,-18314.348,-18317.102,-18318.707,-18322.336,-18321.666,-18315.36,-18310.262
-18315.617,-18315.863,-18311.053,-18317.799,-18320.785,-18313.217,-18302.842,-18305.2,-18318.035,-18317.51,-18318.824,-18323.428,-18316.355,-18316.42,-18321.615,-18320.97,-18320.584,-18321.812,-18324.113,-18325.85,-18327.705,-18330.86,-18338.61,-18341.02,-18325.957
-18318.611,-18324.041,-18321.215,-18321.943,-18325.1,-18323.13,-18328.793,-18327.896,-18318.227,-18317.646,-18319.445,-18322.465,-18324.004,-18323.531,-18329.875,-18332.752,-18330.537,-18331.795,-18335.65,-18333.428,-18324.785,-18319.752,-18317.713,-18317.705,-18315.152
-18316.783,-18323.36,-18318.678,-18318.824,-18318.475,-18309.69,-18317.309,-18323.52,-18316.863,-18313.031,-18313.445,-18317.2,-18315.9,-18308.74,-18303.12,-18305.973,-18311.283,-18309.182,-18315.365,-18326.537,-18325.502,-18321.098,-18316.166,-18309.338,-18310.193
-18313.838,-18314.855,-18317.838,-18319.062,-18319.604,-18321.17,-18317.992,-18311.031,-18309.682,-18312.191,-18306.12,-18300.062,-18305.773,-18313.857,-18317.168,-18319.414,-18318.834,-18315.541,-18318.117,-18322.684,-18324.047,-18323.627,-18320.2,-18316.805,-18315.117
-18316.904,-18322.19,-18326.697,-18327.68,-18321.928,-18316.496,-18314.662,-18311.428,-18316.408,-18327.826,-18329.676,-18321.125,-18315.695,-18324.059,-18331.68,-18330.275,-18326.998,-18322.953,-18324.73,-18324.533,-18321.197,-18321.041,-18318.746,-18320.477,-18320.055
-18312.527,-18309.652,-18317.598,-18321.55,-18316.117,-18323.547,-18332.44,-18330.357,-18324.857,-18318.605,-18317.443,-18311.363,-18309.049,-18314.566,-18309.346,-18309.33,-18322.674,-18330.023,-18325.79,-18321.074,-18321.3,-18316.797,-18307.377,-18308.867,-18318.783
-18316.166,-18314.465,-18316.998,-18304.633,-18298.738,-18297.041,-18297.35,-18309.592,-18302.592,-18294.549,-18302.025,-18301.467,-18303.762,-18298.545,-18289.92,-18299.521,-18301.86,-18300.885,-18306.496,-18305.295,-18304.713,-18305.129,-18301.102,-18296.25,-18298.035
-18299.143,-18300.506,-18310.816,-18310.594,-18307.705,-18308.666,-18302.701,-18308.008,-18319.441,-18321.953,-18318.135,-18318.82,-18327.738,-18328.121,-18325.98,-18323.568,-18313.389,-18309.848,-18315.809,-18321.89,-18319.72,-18315.398,-18316.006,-18316.092,-18318.078
-18317.826,-18314.389,-18318.193,-18323.613,-18318.305,-18313.809,-18320.672,-18319.84,-18315.89,-18322.555,-18322.42,-18319.123,-18318.508,-18310.688,-18305.855,-18311.836,-18324.086,-18329.201,-18320.42,-18315.615,-18315.99,-18312.162,-18318.338,-18325.365,-18316.982
-18310.523,-18307.025,-18307.518,-18315.213,-18313.732,-18311.666,-18315.955,-18317.406,-18316.648,-18311.922,-18305.96,-18309.555,-18314.793,-18310.936,-18311.645,-18317.215,-18316.22,-18308.82,-18303.38,-18301.256,-18297.941,-18306.113,-18309.08,-18304.707,-18312.36
-18312.752,-18317.986,-18321.492,-18309.812,-18310.441,-18313.084,-18312.191,-18313.516,-18317.094,-18321.193,-18317.873,-18311.645,-18304.646,-18304.996,-18305.602,-18311.65,-18328.607,-18327.387,-18322.262,-18324.834,-18327.898,-18329.28,-18317.445,-18312.988,-18314.197
-18310.92,-18315.291,-18315.902,-18311.99,-18309.295,-18310.842,-18315.695,-18318.018,-18318.463,-18313.445,-18318.166,-18322.48,-18309.85,-18310.713,-18320.193,-18323.902,-18325.889,-18318.29,-18310.83,-18307.139,-18312.107,-18325.652,-18327.045,-18320.299,-18318.92
-18326.406,-18327.44,-18320.576,-18326.916,-18326.285,-18315.824,-18315.725,-18311.465,-18309.854,-18316.033,-18312.666,-18307.266,-18306.662,-18314.133,-18323.887,-18316.857,-18310.584,-18320.482,-18324.174,-18316.666,-18315.252,-18324.12,-18329.63,-18324.062,-18318.477
-18317.965,-18319.748,-18322.21,-18323.203,-18327.95,-18329.895,-18324.361,-18322.87,-18325.205,-18327.938,-18327.37,-18327.469,-18330.36,-18319.682,-18307.436,-18308.666,-18311.707,-18317.322,-18321.705,-18322.828,-18323.135,-18317.066,-18315.127,-18315.457,-18313.984
-18317.264,-18314.312,-18309.357,-18316.387,-18319.016,-18308.598,-18310.557,-18320.203,-18319.355,-18319.03,-18310.205,-18298.938,-18305.605,-18309.719,-18307.98,-18308.525,-18301.984,-18301.469,-18306.035,-18300.154,-18300.37,-18308.445,-18310.117,-18308.441,-18308.96
-18313.854,-18308.543,-18296.639,-18300.629,-18307.883,-18309.613,-18309.537,-18308.758,-18313.176,-18312.32,-18306.4,-18307.773,-18311.83,-18308.055,-18301.312,-18302.412,-18304.146,-18305.975,-18306.936,-18306.299,-18309.725,-18304.074,-18301.045,-18308.926,-18307.652
-18303.027,-18303.71,-18309.48,-18314.078,-18311.352,-18308.254,-18303.867,-18299.162,-18303.49,-18313.523,-18317.428,-18313.137,-18307.188,-18307.889,-18309.771,-18305.998,-18307.363,-18311.822,-18310.875,-18307.162,-18308.338,-18311.188,-18311.152,-18316.898,-18314.232
-18308.88,-18311.822,-18300.305,-18295.258,-18304.354,-18304.658,-18303.082,-18303.803,-18309.47,-18310.055,-18305.217,-18304.422,-18302.682,-18310.576,-18320.955,-18319.95,-18312.082,-18308.477,-18308.88,-18307.691,-18314.111,-18309.611,-18302.473,-18310.8,-18309.098
-18306.504,-18311.451,-18311.188,-18301.39,-18297.03,-18305.969,-18306.164,-18309.094,-18307.822,-18298.205,-18302.967,-18299.314,-18293.97,-18293.23,-18296.768,-18317.535,-18316.846,-18307.44,-18316.281,-18315.111,-18312.57,-18312.201,-18311.47,-18321.85,-18323.615
-18319.602,-18317.896,-18311.906,-18314.582,-18316.639,-18312.354,-18304.467,-18295.236,-18304.428,-18314.1,-18313.266,-18321.68,-18330.447,-18327.828,-18325.107,-18327.39,-18320.875,-18317.729,-18325.22,-18325.182,-18324.068,-18319.713,-18314.37,-18318.602,-18316.6
-18307.848,-18302.025,-18301.873,-18311.76,-18321.27,-18317.785,-18309.148,-18301.861,-18294.229,-18298.512,-18313.059,-18311.95,-18299.947,-18294.57,-18290.38,-18294.773,-18303.746,-18305.773,-18313.363,-18317.969,-18307.51,-18298.146,-18305.104,-18307.598,-18295.568
-18295.578,-18298.402,-18297.727,-18304.602,-18308.176,-18305.38,-18299.607,-18299.98,-18301.322,-18295.588,-18291.373,-18290.37,-18299.34,-18309.434,-18312.418,-18315.426,-18310.332,-18304.557,-18306.584,-18309.566,-18308.93,-18302.393,-18304.482,-18309.39,-18297.389
-18285.54,-18287.121,-18297.584,-18305.783,-18302.84,-18299.135,-18291.104,-18287.441,-18293.533,-18285.012,-18276.81,-18281.525,-18296.426,-18310.146,-18299.182,-18291.621,-18295.217,-18291.2,-18288.324,-18287.38,-18292.803,-18296.9,-18292.01,-18290.406,-18295.959
-18303.498,-18300.7,-18298.94,-18304.334,-18300.18,-18299.363,-18299.168,-18293.648,-18299.127,-18301.633,-18300.707,-18301.777,-18297.166,-18301.314,-18305.213,-18300.115,-18299.604,-18295.637,-18288.844,-18293.057,-18297.254,-18289.217,-18291.873,-18310.545,-18312.215
-18297.55,-18291.916,-18293.395,-18293.744,-18295.336,-18291.215,-18288.205,-18294.717,-18298.65,-18299.32,-18293.672,-18291.154,-18298.045,-18298.709,-18296.682,-18297.383,-18304.354,-18309.527,-18309.268,-18309.996,-18308.23,-18308.43,-18299.516,-18290.324,-18291.436
-18293.617,-18301.385,-18295.176,-18292.467,-18306.049,-18302.912,-18301.92,-18306.605,-18304.6,-18307.219,-18305.559,-18304.594,-18310.158,-18308.217,-18302.465,-18303.436,-18303.104,-18299.73,-18302.22,-18302.898,-18297.984,-18297.13,-18300.729,-18300.404,-18296.375
-18293.922,-18293.564,-18295.873,-18293.19,-18290.346,-18294.732,-18293.29,-18297.162,-18303.744,-18292.586,-18287.29,-18294.85,-18299.992,-18304.225,-18304.838,-18307.959,-18311.576,-18301.123,-18288.223,-18284.729,-18290.484,-18301.41,-18300.207,-18293.291,-18294.78
-18294.545,-18290.326,-18286.64,-18289.914,-18290.424,-18284.217,-18290.08,-18292.064,-18288.951,-18291.723,-18293.945,-18300.96,-18297.145,-18293.354,-18296.947,-18296.598,-18304.67,-18298.297,-18286.846,-18289.387,-18288.4,-18294.908,-18299.426,-18290.45,-18286.49
-18289.88,-18294.371,-18303.69,-18310.498,-18307.277,-18304.361,-18302.713,-18306.05,-18312.436,-18310.271,-18304.293,-18303.152,-18311.219,-18313.295,-18304.639,-18302.898,-18303.928,-18304.64,-18311.545,-18314.902,-18309.895,-18309.854,-18313.654,-18309.902,-18306.297
-18305.182,-18306.396,-18311.838,-18307.625,-18300.393,-18304.879,-18311.84,-18315.129,-18312.86,-18306.977,-18304.236,-18299.705,-18299.197,-18308.168,-18311.6,-18311.215,-18310.025,-18303.994,-18298.377,-18293.666,-18291.441,-18290.902,-18299.412,-18315.166,-18319.2
-18317.98,-18314.129,-18306.428,-18305.07,-18305.303,-18305.8,-18307.746,-18311.611,-18315.117,-18311.322,-18311.059,-18310.297,-18300.041,-18299.07,-18308.045,-18312.764,-18308.363,-18303.74,-18308.068,-18304.11,-18297.352,-18296.842,-18284.203,-18275.29,-18280.531
-18284.152,-18286.129,-18293.363,-18304.162,-18301.248,-18292.303,-18286.875,-18278.576,-18287.441,-18295.94,-18285.826,-18288.531,-18299.697,-18303.2,-18300.842,-18299.305,-18301.748,-18299.543,-18299.47,-18297.438,-18296.043,-18307.836,-18312.303,-18303.578,-18298.201
-18301.244,-18302.879,-18301.008,-18301.307,-18299.549,-18302.21,-18304.652,-18298.736,-18300.73,-18307.059,-18306.752,-18306.729,-18304.697,-18302.4,-18309.5,-18317.686,-18313.975,-18308.404,-18309.127,-18308.598,-18315.455,-18326.318,-18329.19,-18328.877,-18323.45
-18319.178,-18316.074,-18309.719,-18307.668,-18309.918,-18317.008,-18324.576,-18326.764,-18323.14,-18323.154,-18323.896,-18312.85,-18311.877,-18318.15,-18312.998,-18307.893,-18303.791,-18303.346,-18308.479,-18314.955,-18321.467,-18316.701,-18307.04,-18308.63,-18311.65
-18312.504,-18316.963,-18319.975,-18324.342,-18325.863,-18316.855,-18308.695,-18310.797,-18312.312,-18312.736,-18321.273,-18319.31,-18307.312,-18307.404,-18311.035,-18307.684,-18311.771,-18321.482,-18320.371,-18320.178,-18317.771,-18308.982,-18309.73,-18310.332,-18307.21
-18304.965,-18304.021,-18307.553,-18308.303,-18303.156,-18300.018,-18302.303,-18305.07,-18310.088,-18311.86,-18308.9,-18310.742,-18311.395,-18314.63,-18318.51,-18318.734,-18320.664,-18316.025,-18314.777,-18318.969,-18317.768,-18319.082,-18327.861,-18332.96,-18322.088
-18318.338,-18324.742,-18323.053,-18327.217,-18326.826,-18322.832,-18330.28,-18326.217,-18318.9,-18324.523,-18326.852,-18328.393,-18329.988,-18322.414,-18320.115,-18326.375,-18326.266,-18326.414,-18327.992,-18320.113,-18317.475,-18325.514,-18323.213,-18316.012,-18317.676
-18315.908,-18311.56,-18313.639,-18318.174,-18319.178,-18314.225,-18312.396,-18312.33,-18310.035,-18316.348,-18327.482,-18328.637,-18321.975,-18318.928,-18317.297,-18315.373,-18315.062,-18315.736,-18322.074,-18326.41,-18320.025,-18313.47,-18315.676,-18320.316,-18322.521
-18322.059,-18316.438,-18312.406,-18313.389,-18318.857,-18325.523,-18322.973,-18321.191,-18319.809,-18312.883,-18314.336,-18316.23,-18317.105,-18320.15,-18316.174,-18314.592,-18315.857,-18313.43,-18313.582,-18319.963,-18325.68,-18322.371,-18315.375,-18313.836,-18315.535
-18313.77,-18309.092,-18309.184,-18315.914,-18318.328,-18317.525,-18318.562,-18315.168,-18315.678,-18319.154,-18318.111,-18321.006,-18324.297,-18326.414,-18327.273,-18318.117,-18309.314,-18311.41,-18315.422,-18317.346,-18319.0,-18318.613,-18323.89,-18331.906,-18333.676
-18339.58,-18337.262,-18324.045,-18326.152,-18329.492,-18321.617,-18317.475,-18317.129,-18322.502,-18330.627,-18328.752,-18327.715,-18328.432,-18324.637,-18329.217,-18327.602,-18318.482,-18321.574,-18329.312,-18335.904,-18338.63,-18340.838,-18340.61,-18337.068,-18336.379
-18335.012,-18340.924,-18340.467,-18332.266,-18335.234,-18336.527,-18333.18,-18326.922,-18325.998,-18332.39,-18328.033,-18321.162,-18326.828,-18338.828,-18342.217,-18338.295,-18336.271,-18338.008,-18337.89,-18337.375,-18347.13,-18352.936,-18348.87,-18348.938,-18353.64
-18350.92,-18341.5,-18341.373,-18341.88,-18338.791,-18338.252,-18338.416,-18342.035,-18334.637,-18321.791,-18326.496,-18335.727,-18336.148,-18337.906,-18341.018,-18332.465,-18324.133,-18327.639,-18333.045,-18336.521,-18331.951,-18328.098,-18329.98,-18327.93,-18329.664
-18326.752,-18320.332,-18327.67,-18336.45,-18334.02,-18322.84,-18316.377,-18320.373,-18324.102,-18323.445,-18321.494,-18318.281,-18312.943,-18323.174,-18343.518,-18339.82,-18325.32,-18319.906,-18314.875,-18315.197,-18322.463,-18329.768,-18334.129,-18328.197,-18318.074
-18312.305,-18306.031,-18303.805,-18306.527,-18307.07,-18306.07,-18306.256,-18304.975,-18301.975,-18307.406,-18316.807,-18320.596,-18318.578,-18315.027,-18320.771,-18326.281,-18325.885,-18329.564,-18331.291,-18328.87,-18329.361,-18333.453,-18333.57,-18329.01,-18329.674
-18331.643,-18328.611,-18327.55,-18328.217,-18323.637,-18320.66,-18325.494,-18327.223,-18323.879,-18325.979,-18327.855,-18327.375,-18334.115,-18335.934,-18331.809,-18334.498,-18336.438,-18337.342,-18341.057,-18344.424,-18340.271,-18335.459,-18335.826,-18327.594,-18327.15
-18333.143,-18328.068,-18324.06,-18321.588,-18326.127,-18327.463,-18319.576,-18325.416,-18329.555,-18320.588,-18321.96,-18329.617,-18325.512,-18324.068,-18327.154,-18324.736,-18330.607,-18336.338,-18335.102,-18336.064,-18335.895,-18337.096,-18338.205,-18338.49,-18339.41
-18336.238,-18332.807,-18335.348,-18338.479,-18331.707,-18323.645,-18325.34,-18328.135,-18327.354,-18326.57,-18327.309,-18327.164,-18322.373,-18321.72,-18328.613,-18331.08,-18328.527,-18325.58,-18324.168,-18323.496,-18323.41,-18328.855,-18335.912,-18336.709,-18326.78
-18316.78,-18315.578,-18316.6,-18323.393,-18328.627,-18324.797,-18322.176,-18322.744,-18325.764,-18327.42,-18327.488,-18329.053,-18331.932,-18337.53,-18339.285,-18339.781,-18343.133,-18345.812,-18346.45,-18341.89,-18340.637,-18340.486,-18334.857,-18330.871,-18327.16
-18326.104,-18325.523,-18327.1,-18337.951,-18337.342,-18323.773,-18323.312,-18329.91,-18325.314,-18323.74,-18337.943,-18349.406,-18350.82,-18345.182,-18335.223,-18333.42,-18331.85,-18326.998,-18331.182,-18334.035,-18327.283,-18324.158,-18326.463,-18327.57,-18331.186
-18332.047,-18328.455,-18326.057,-18326.195,-18334.432,-18340.615,-18334.182,-18329.256,-18331.078,-18325.465,-18321.434,-18327.686,-18328.225,-18334.947,-18344.264,-18334.592,-18332.271,-18341.732,-18340.693,-18336.951,-18334.543,-18327.938,-18323.197,-18329.322,-18339.166
-18338.607,-18331.18,-18330.322,-18338.213,-18343.248,-18339.736,-18336.797,-18338.193,-18336.809,-18337.68,-18340.168,-18336.254,-18332.277,-18329.998,-18333.969,-18337.998,-18333.771,-18326.47,-18320.719,-18329.52,-18333.91,-18330.303,-18337.49,-18335.717,-18330.271
-18329.355,-18330.367,-18336.309,-18337.297,-18337.28,-18338.541,-18345.086,-18345.135,-18338.682,-18348.764,-18351.451,-18346.617,-18346.447,-18335.906,-18331.625,-18337.086,-18337.045,-18337.18,-18342.86,-18345.568,-18343.453,-18343.613,-18349.035,-18356.25,-18353.227
-18346.338,-18343.596,-18339.904,-18339.797,-18337.125,-18330.527,-18325.877,-18325.72,-18336.867,-18343.393,-18341.547,-18347.064,-18346.332,-18331.418,-18322.719,-18328.068,-18334.36,-18334.02,-18337.129,-18346.498,-18347.107,-18344.836,-18344.29,-18340.459,-18340.875
-18338.229,-18336.855,-18337.107,-18335.145,-18336.127,-18328.72,-18326.502,-18330.678,-18334.293,-18337.832,-18331.451,-18333.129,-18334.852,-18332.44,-18334.22,-18322.13,-18312.947,-18316.596,-18326.064,-18338.895,-18342.879,-18341.332,-18338.322,-18336.068,-18336.717
-18338.096,-18341.42,-18343.684,-18340.67,-18335.812,-18335.623,-18335.771,-18334.486,-18335.262,-18333.25,-18329.852,-18333.422,-18338.016,-18332.654,-18327.121,-18334.582,-18344.734,-18342.285,-18336.264,-18333.607,-18326.24,-18318.275,-18318.17,-18323.008,-18325.592
-18333.977,-18339.639,-18335.838,-18341.025,-18340.527,-18336.934,-18341.217,-18337.021,-18334.742,-18340.5,-18344.008,-18338.658,-18337.232,-18340.371,-18330.37,-18329.664,-18336.695,-18333.777,-18335.686,-18337.68,-18333.951,-18333.129,-18339.746,-18350.555,-18352.91
-18340.303,-18329.227,-18331.383,-18335.396,-18344.217,-18352.2,-18345.188,-18339.771,-18338.0,-18328.457,-18328.324,-18336.428,-18333.428,-18333.781,-18334.754,-18322.615,-18312.844,-18309.852,-18316.867,-18327.72,-18330.396,-18334.184,-18332.646,-18327.04,-18333.338
-18338.156,-18333.037,-18327.951,-18326.371,-18328.092,-18328.822,-18327.281,-18326.63,-18324.912,-18321.191,-18319.68,-18324.379,-18332.467,-18334.188,-18332.334,-18335.44,-18336.365,-18334.568,-18332.27,-18327.734,-18325.453,-18323.799,-18325.088,-18326.096,-18326.848
-18339.188,-18347.693,-18343.1,-18336.928,-18329.523,-18324.564,-18324.387,-18326.178,-18331.455,-18338.643,-18344.016,-18345.182,-18340.508,-18332.533,-18328.518,-18330.34,-18331.379,-18330.654,-18333.4,-18338.31,-18344.71,-18344.947,-18341.338,-18345.191,-18336.906
-18329.373,-18335.234,-18335.244,-18341.162,-18334.068,-18325.74,-18336.008,-18325.203,-18320.791,-18335.467,-18343.482,-18347.47,-18339.625,-18331.773,-18329.459,-18329.482,-18328.98,-18325.69,-18328.045,-18325.414,-18324.713,-18327.434,-18323.213,-18319.947,-18316.648
-18321.604,-18327.879,-18321.756,-18317.135,-18318.943,-18325.412,-18331.387,-18323.557,-18304.654,-18303.418,-18320.488,-18323.18,-18324.088,-18329.613,-18324.312,-18324.951,-18323.133,-18317.164,-18320.588,-18321.57,-18323.967,-18323.809,-18319.605,-18320.924,-18323.438
-18327.156,-18328.08,-18329.578,-18334.553,-18336.145,-18336.729,-18338.004,-18338.264,-18337.305,-18336.178,-18336.262,-18340.008,-18339.986,-18334.348,-18336.824,-18341.553,-18339.127,-18335.01,-18333.143,-18335.545,-18336.805,-18331.404,-18326.19,-18323.922,-18322.703
-18328.002,-18337.217,-18339.389,-18334.924,-18333.922,-18336.664,-18337.389,-18335.84,-18334.297,-18335.342,-18335.523,-18338.287,-18340.473,-18334.604,-18333.127,-18332.562,-18331.59,-18333.562,-18326.096,-18321.07,-18325.104,-18333.098,-18343.023,-18337.46,-18326.955
-18330.047,-18335.666,-18338.11,-18336.482,-18330.34,-18325.85,-18323.426,-18319.164,-18320.852,-18326.041,-18322.494,-18325.695,-18335.19,-18331.572,-18327.453,-18332.111,-18331.414,-18330.137,-18332.447,-18325.38,-18324.32,-18328.8,-18324.572,-18326.785,-18331.77
-18331.473,-18329.316,-18331.7,-18335.295,-18332.027,-18335.98,-18341.084,-18338.895,-18338.51,-18337.219,-18335.777,-18331.996,-18325.166,-18327.613,-18335.953,-18338.582,-18343.367,-18347.312,-18343.125,-18336.455,-18328.355,-18334.33,-18341.719,-18333.96,-18333.957
-18332.67,-18329.98,-18336.078,-18336.219,-18336.703,-18336.848,-18334.602,-18334.02,-18332.197,-18336.26,-18336.945,-18331.945,-18334.729,-18340.945,-18343.016,-18337.408,-18337.566,-18343.428,-18336.086,-18333.664,-18343.309,-18345.055,-18342.576,-18344.088,-18343.578
-18339.396,-18336.469,-18337.28,-18341.12,-18337.521,-18330.766,-18330.922,-18329.67,-18332.44,-18342.082,-18346.021,-18339.03,-18329.084,-18329.98,-18334.412,-18332.275,-18332.83,-18334.543,-18330.912,-18332.215,-18342.941,-18349.787,-18348.629,-18351.336,-18348.781
-18333.46,-18326.934,-18328.197,-18328.771,-18327.396,-18318.014,-18320.432,-18330.736,-18327.545,-18326.77,-18331.434,-18331.705,-18328.248,-18324.969,-18325.3,-18321.475,-18314.98,-18310.26,-18306.857,-18308.023,-18312.418,-18321.193,-18327.146,-18327.04,-18330.346
-18328.75,-18324.684,-18325.451,-18318.686,-18318.652,-18326.549,-18325.176,-18328.957,-18326.928,-18316.291,-18318.115,-18326.693,-18342.598,-18344.1,-18327.06,-18330.068,-18341.027,-18342.428,-18340.826,-18333.205,-18326.48,-18326.057,-18326.8,-18328.695,-18338.205
-18342.338,-18333.379,-18329.787,-18325.742,-18322.082,-18326.81,-18325.879,-18328.543,-18333.58,-18328.06,-18325.143,-18333.51,-18344.35,-18342.46,-18336.379,-18338.428,-18335.89,-18327.035,-18321.879,-18324.436,-18333.62,-18339.88,-18340.238,-18344.578,-18351.406
-18351.643,-18345.316,-18337.781,-18336.787,-18336.719,-18333.68,-18337.885,-18336.291,-18327.951,-18330.375,-18327.258,-18321.406,-18322.404,-18318.76,-18322.879,-18327.031,-18321.436,-18321.418,-18321.64,-18319.053,-18319.736,-18323.14,-18323.96,-18322.654,-18323.357
-18319.514,-18314.893,-18317.486,-18322.514,-18325.416,-18324.959,-18322.975,-18323.492,-18325.453,-18330.64,-18338.78,-18339.023,-18332.934,-18325.72,-18322.748,-18326.674,-18326.418,-18327.447,-18334.434,-18338.768,-18340.592,-18341.299,-18341.738,-18343.61,-18343.12
-18336.514,-18333.398,-18336.262,-18335.896,-18336.955,-18338.24,-18328.486,-18319.764,-18321.291,-18321.957,-18322.443,-18322.102,-18324.105,-18327.773,-18319.303,-18312.512,-18312.826,-18312.562,-18315.66,-18315.605,-18317.006,-18324.504,-18324.008,-18316.043,-18313.635
-18318.916,-18326.803,-18328.783,-18321.705,-18321.035,-18327.861,-18321.908,-18316.16,-18320.973,-18316.602,-18311.645,-18309.008,-18306.365,-18314.695,-18314.918,-18305.234,-18301.857,-18304.945,-18309.332,-18310.998,-18317.096,-18316.205,-18307.234,-18310.861,-18317.254
-18316.875,-18314.49,-18315.238,-18319.312,-18313.025,-18309.855,-18319.67,-18319.572,-18318.43,-18323.473,-18325.07,-18327.234,-18323.902,-18320.625,-18319.719,-18313.201,-18314.83,-18325.344,-18323.188,-18313.568,-18314.861,-18312.867,-18312.887,-18324.633,-18325.004
-18323.768,-18327.988,-18327.965,-18330.621,-18330.277,-18328.47,-18332.29,-18332.465,-18329.982,-18335.238,-18341.934,-18341.291,-18337.91,-18332.11,-18329.31,-18339.457,-18342.67,-18333.04,-18337.604,-18340.566,-18327.422,-18322.271,-18324.006,-18327.232,-18330.975
-18333.898,-18340.857,-18340.305,-18336.643,-18339.402,-18335.324,-18328.75,-18327.816,-18323.588,-18320.156,-18325.766,-18330.684,-18328.81,-18329.176,-18328.93,-18325.424,-18326.777,-18326.375,-18328.287,-18332.938,-18330.076,-18332.633,-18336.352,-18332.227,-18327.82
-18326.092,-18326.256,-18326.84,-18333.79,-18335.268,-18328.896,-18331.455,-18333.447,-18330.238,-18326.361,-18324.912,-18327.59,-18328.564,-18327.855,-18326.055,-18329.273,-18333.45,-18329.846,-18326.0,-18325.012,-18326.69,-18324.78,-18323.025,-18325.475,-18324.715
-18332.623,-18340.951,-18339.43,-18336.809,-18330.195,-18332.844,-18339.654,-18335.092,-18332.232,-18333.504,-18334.877,-18332.137,-18331.857,-18339.953,-18340.477,-18340.264,-18347.145,-18347.953,-18340.084,-18331.643,-18331.326,-18334.754,-18339.531,-18342.836,-18340.307
-18343.541,-18347.44,-18344.812,-18346.762,-18350.475,-18354.785,-18362.44,-18355.215,-18338.135,-18337.838,-18345.436,-18348.39,-18347.0,-18337.773,-18328.783,-18333.72,-18350.2,-18352.457,-18342.102,-18342.719,-18338.021,-18331.264,-18342.795,-18348.748,-18347.281
-18352.33,-18353.678,-18347.762,-18337.836,-18340.037,-18349.22,-18345.438,-18343.303,-18342.965,-18342.273,-18352.777,-18360.668,-18362.053,-18356.432,-18345.479,-18346.025,-18342.625,-18332.791,-18332.713,-18330.697,-18335.945,-18343.957,-18333.154,-18327.135,-18330.754
-18330.531,-18336.133,-18342.432,-18339.857,-18336.71,-18340.78,-18343.002,-18339.854,-18338.482,-18334.02,-18335.312,-18342.676,-18338.918,-18341.936,-18351.004,-18344.717,-18343.674,-18348.25,-18344.15,-18347.896,-18352.914,-18349.98,-18345.906,-18336.496,-18332.42
-18336.79,-18335.455,-18330.566,-18332.785,-18339.488,-18339.328,-18340.479,-18341.908,-18340.383,-18344.82,-18340.834,-18335.799,-18336.799,-18336.69,-18340.865,-18338.469,-18340.04,-18345.799,-18343.025,-18342.37,-18341.592,-18343.697,-18342.537,-18339.19,-18340.805
-18339.875,-18344.146,-18341.904,-18336.914,-18337.004,-18326.482,-18322.826,-18331.967,-18336.566,-18330.898,-18331.033,-18338.979,-18335.031,-18332.793,-18335.783,-18337.203,-18338.49,-18337.656,-18343.205,-18338.404,-18327.186,-18333.652,-18335.78,-18332.959,-18337.053
-18337.13,-18343.725,-18349.162,-18345.42,-18348.291,-18343.186,-18332.006,-18333.307,-18332.75,-18328.566,-18328.512,-18325.746,-18328.281,-18330.889,-18321.111,-18322.32,-18330.92,-18331.123,-18336.584,-18336.979,-18328.8,-18323.586,-18317.973,-18318.703,-18322.69
-18321.287,-18324.91,-18332.695,-18332.275,-18329.02,-18330.186,-18326.768,-18324.725,-18334.242,-18332.328,-18316.908,-18320.148,-18330.49,-18327.969,-18328.473,-18327.582,-18322.945,-18324.87,-18324.217,-18324.678,-18329.46,-18333.387,-18336.654,-18331.281,-18327.725
-18333.332,-18334.982,-18334.65,-18334.746,-18334.916,-18334.873,-18334.27,-18332.633,-18324.91,-18317.29,-18312.56,-18315.117,-18323.373,-18323.32,-18326.156,-18337.893,-18342.967,-18338.738,-18332.52,-18327.238,-18327.777,-18330.477,-18327.244,-18329.582,-18332.547
-18327.475,-18326.916,-18327.92,-18330.588,-18336.25,-18336.957,-18335.514,-18332.223,-18324.898,-18316.818,-18316.422,-18320.256,-18318.54,-18315.25,-18311.965,-18315.262,-18322.281,-18324.943,-18328.266,-18321.88,-18318.734,-18329.969,-18327.799,-18320.588,-18321.473
-18320.977,-18323.861,-18323.74,-18317.709,-18316.732,-18320.28,-18324.484,-18321.906,-18312.293,-18314.37,-18322.256,-18318.652,-18319.438,-18325.848,-18325.852,-18325.82,-18326.812,-18327.658,-18326.727,-18321.516,-18315.404,-18316.504,-18321.486,-18318.848,-18320.871
-18329.611,-18326.906,-18318.682,-18316.75,-18319.203,-18322.283,-18323.184,-18321.654,-18317.836,-18310.719,-18307.451,-18315.227,-18322.824,-18324.322,-18323.777,-18318.32,-18316.064,-18318.71,-18317.791,-18316.592,-18315.475,-18316.105,-18320.613,-18324.734,-18328.8
-18327.926,-18318.852,-18313.822,-18315.074,-18320.184,-18329.61,-18326.7,-18313.143,-18310.213,-18313.367,-18311.195,-18307.404,-18305.34,-18305.027,-18306.906,-18308.752,-18308.938,-18308.559,-18308.19,-18308.887,-18312.928,-18312.82,-18306.535,-18307.9,-18313.498
-18312.031,-18308.22,-18309.605,-18312.61,-18312.455,-18312.723,-18310.777,-18306.803,-18305.19,-18307.33,-18314.146,-18317.047,-18316.844,-18315.398,-18308.834,-18307.541,-18308.543,-18310.803,-18319.719,-18316.27,-18307.287,-18308.393,-18304.945,-18301.633,-18301.945
-18299.45,-18304.523,-18309.104,-18304.775,-18306.031,-18309.072,-18305.541,-18309.908,-18312.467,-18301.535,-18300.742,-18306.762,-18304.059,-18297.0,-18295.68,-18302.525,-18299.162,-18290.805,-18295.102,-18303.379,-18304.252,-18303.738,-18305.613,-18307.146,-18314.756
-18310.766,-18298.697,-18303.463,-18304.031,-18304.453,-18311.086,-18302.49,-18297.104,-18298.32,-18292.979,-18294.14,-18298.426,-18303.25,-18313.213,-18314.88,-18308.584,-18303.334,-18299.39,-18301.271,-18302.473,-18300.906,-18303.176,-18297.355,-18288.191,-18291.176
-18301.465,-18307.1,-18304.658,-18302.7,-18296.021,-18292.863,-18302.076,-18300.125,-18293.842,-18296.848,-18300.92,-18308.654,-18313.348,-18308.516,-18308.914,-18316.562,-18314.504,-18306.36,-18300.064,-18294.02,-18295.607,-18300.207,-18305.41,-18312.8,-18314.363
