0.0,-1676.9993,-7034.4287,-12616.351,-15472.469,-16625.764,-15369.037,-15196.039,-16438.46,-15849.831,-16783.84,-17128.965,-16737.312,-17685.318,-17517.26,-18433.857,-18919.357,-18733.826,-18902.719,-17912.074,-17780.578,-17321.748,-16859.871,-16791.965,-16177.589
-16145.029,-16001.718,-16203.284,-16307.902,-16196.134,-16395.877,-16300.033,-16577.924,-16843.088,-17126.158,-17561.33,-17761.53,-17989.521,-17996.38,-17935.258,-17752.574,-17459.674,-17197.244,-16772.994,-16422.736,-16112.448,-15901.115,-15940.192,-16123.098,-16342.476
-16480.836,-16630.877,-16845.436,-17167.28,-17611.963,-18094.13,-18468.55,-18520.506,-18315.676,-17988.535,-17603.541,-17261.26,-16958.99,-16757.02,-16717.781,-16672.037,-16498.234,-16266.381,-16049.303,-16129.871,-16603.654,-17012.078,-17218.75,-17399.488,-17631.826
-17861.162,-17896.453,-17863.773,-17781.86,-17618.19,-17698.309,-17820.01,-17502.195,-16927.008,-16557.809,-16372.14,-16132.212,-15953.869,-15947.609,-16079.442,-16317.227,-16574.238,-16864.184,-17152.809,-17325.363,-17462.932,-17604.59,-17651.215,-17598.074,-17500.688
-17460.223,-17460.66,-17345.482,-17221.13,-17188.191,-17028.771,-16780.158,-16606.445,-16411.05,-16305.983,-16422.84,-16664.307,-16970.842,-17200.62,-17295.273,-17336.99,-17352.48,-17356.125,-17323.627,-17270.516,-17231.855,-17217.418,-17194.55,-17138.492,-17135.729
-17213.031,-17363.678,-17318.402,-16879.086,-16545.207,-16503.537,-16556.125,-16723.113,-16908.678,-17147.555,-17457.861,-17786.684,-17996.305,-17747.56,-17325.473,-17069.537,-16847.326,-16721.1,-16650.963,-16582.535,-16599.066,-16633.543,-16707.164,-16879.436,-17042.727
-17025.566,-16921.635,-16906.152,-16936.934,-17065.998,-17253.896,-17369.71,-17431.709,-17420.152,-17296.285,-17092.725,-16967.348,-16893.088,-16778.21,-16755.465,-16805.203,-16954.328,-17247.451,-17541.934,-17695.86,-17543.098,-17226.445,-16971.94,-16775.5,-16743.66
-16825.83,-16875.922,-16966.756,-17124.633,-17401.078,-17794.846,-17996.66,-17792.03,-17391.49,-17157.924,-17183.904,-17209.875,-17108.477,-17124.97,-17168.43,-17005.773,-16926.967,-16926.795,-16866.51,-16975.871,-17096.91,-16985.22,-16802.076,-16721.754,-16718.195
-16799.395,-16998.36,-17173.377,-17234.473,-17119.102,-16898.72,-16809.504,-16845.418,-16947.674,-17119.197,-17235.385,-17226.674,-17138.055,-17008.582,-16929.936,-16914.863,-16901.033,-16953.686,-17104.064,-17286.8,-17467.709,-17666.732,-17803.756,-17725.037,-17384.867
-16908.322,-16651.836,-16692.88,-16720.049,-16689.969,-16711.96,-16768.205,-16862.643,-17016.783,-17251.455,-17526.23,-17597.531,-17345.285,-17007.232,-16769.799,-16628.064,-16528.803,-16519.758,-16636.523,-16734.61,-16828.266,-16934.422,-16992.953,-17067.037,-17126.826
-17193.277,-17282.291,-17428.299,-17730.053,-17930.74,-17816.463,-17677.709,-17773.387,-17761.938,-17356.322,-16925.764,-16652.85,-16474.055,-16503.014,-16612.33,-16709.215,-16837.365,-16906.639,-16966.613,-17016.125,-17019.904,-17019.35,-16957.797,-16922.271,-17005.484
-17200.035,-17542.07,-17900.324,-17990.209,-17679.666,-17164.713,-16774.143,-16634.621,-16640.545,-16694.73,-16823.43,-17019.615,-17171.582,-17221.775,-17215.414,-17168.98,-17109.582,-17066.326,-16962.299,-16752.025,-16551.582,-16516.965,-16561.918,-16534.146,-16567.918
-16733.355,-16937.6,-17207.996,-17560.639,-17960.732,-18218.85,-18030.256,-17608.777,-17376.41,-17292.955,-17386.959,-17558.184,-17312.61,-16843.64,-16583.01,-16372.823,-16283.564,-16454.734,-16752.309,-17128.346,-17311.623,-17178.012,-16977.588,-16796.023,-16744.334
-16892.305,-17074.93,-17188.385,-17267.1,-17292.61,-17274.154,-17304.787,-17224.2,-17038.348,-16987.65,-16965.93,-16902.885,-16805.9,-16681.717,-16715.393,-16939.07,-17285.244,-17602.361,-17726.104,-17664.709,-17413.291,-17200.033,-17225.234,-17291.148,-17297.781
-17261.459,-17192.541,-17083.46,-16861.508,-16675.559,-16683.459,-16836.082,-17041.799,-17007.584,-16711.812,-16609.87,-16748.709,-16901.396,-17023.215,-17111.162,-17201.412,-17254.37,-17283.28,-17422.646,-17644.031,-17698.656,-17549.97,-17521.094,-17615.44,-17548.984
-17279.514,-16936.73,-16667.97,-16563.586,-16594.252,-16591.844,-16567.15,-16668.914,-16801.564,-16956.26,-17190.734,-17304.754,-17186.38,-16993.922,-16905.3,-16888.795,-16850.182,-16845.305,-16858.127,-16837.973,-16848.309,-16892.512,-16955.668,-17031.58,-17101.717
-17173.492,-17180.895,-17123.104,-17125.334,-17171.389,-17189.756,-17192.252,-17171.398,-17170.969,-17193.137,-17172.479,-17165.605,-17200.43,-17223.113,-17218.35,-17127.611,-16938.584,-16843.533,-16897.566,-16948.002,-16965.129,-16976.168,-17113.271,-17472.107,-17880.537
-18011.879,-17677.688,-17217.518,-16993.521,-17058.01,-17222.838,-17113.46,-16898.637,-16834.621,-16803.367,-16871.137,-16964.627,-17027.652,-17127.746,-17048.941,-16955.035,-17115.014,-17253.027,-17306.262,-17394.307,-17318.385,-17043.477,-16838.887,-16806.432,-16905.572
-17096.031,-17258.088,-17365.96,-17454.268,-17463.39,-17311.854,-17031.225,-16791.363,-16661.508,-16633.941,-16687.275,-16746.107,-16801.412,-16844.545,-16875.318,-16895.299,-16898.93,-16984.316,-17203.121,-17412.93,-17413.734,-17289.428,-17164.299,-16983.502,-16919.309
-17009.043,-17094.41,-17151.535,-17195.291,-17402.436,-17683.645,-17882.543,-18082.863,-18047.66,-17667.959,-17166.17,-16690.4,-16381.344,-16321.993,-16458.596,-16682.055,-16800.785,-16749.98,-16740.375,-16749.668,-16754.424,-16848.63,-16882.096,-16907.594,-16940.576
-16920.465,-16950.105,-16975.84,-16991.309,-16988.205,-16976.197,-17050.262,-17274.898,-17808.107,-18442.752,-18526.408,-17977.463,-17489.021,-17291.059,-17101.61,-16969.732,-16898.623,-16840.951,-16872.354,-16924.951,-17032.121,-17338.775,-17659.637,-17634.38,-17432.95
-17260.236,-16970.912,-16692.748,-16500.883,-16385.691,-16425.098,-16535.922,-16685.363,-16831.414,-16921.754,-16983.838,-17024.836,-17045.041,-17057.8,-17058.453,-17016.54,-16975.955,-16939.857,-16901.75,-16892.848,-16886.098,-16906.934,-16953.832,-17017.188,-17096.041
-17146.666,-17170.518,-17181.434,-17212.621,-17279.568,-17405.63,-17549.895,-17634.943,-17752.176,-17796.45,-17572.74,-17256.035,-17083.855,-17109.076,-17144.482,-17070.172,-17014.434,-16904.39,-16791.395,-16857.756,-16896.846,-16895.34,-17070.469,-17339.951,-17502.646
-17430.857,-17310.734,-17384.246,-17387.139,-17119.02,-16873.814,-16834.969,-16811.334,-16693.795,-16646.305,-16699.055,-16749.969,-16811.582,-16885.11,-16953.814,-17009.475,-17030.152,-17031.635,-17029.994,-17019.88,-17007.875,-17003.273,-17008.234,-17023.22,-17062.637
-17119.283,-17121.725,-17086.82,-17072.01,-17048.232,-17060.48,-17103.855,-17101.566,-17094.482,-17132.467,-17207.643,-17239.043,-17296.91,-17522.506,-17690.34,-17635.105,-17468.504,-17233.184,-17085.375,-17155.557,-17201.291,-17051.816,-16880.902,-16858.812,-16935.51
-16951.504,-16994.996,-17115.424,-17060.66,-16990.967,-17107.363,-17156.594,-17114.668,-17116.562,-17196.104,-17238.129,-17188.19,-17220.354,-17241.252,-17266.418,-17334.81,-17326.988,-17433.14,-17476.51,-17369.049,-17363.95,-17210.555,-16923.777,-16927.955,-17313.71
-17675.65,-17459.69,-16910.799,-16656.34,-16606.654,-16650.598,-16876.992,-16998.26,-16945.062,-16929.229,-17034.965,-17242.879,-17573.693,-17922.574,-17769.5,-17184.197,-16811.947,-16703.996,-16701.234,-16742.19,-16772.111,-16841.414,-16874.95,-16845.232,-16842.518
-16836.105,-16824.678,-16833.426,-16864.049,-16935.896,-17021.24,-17181.795,-17384.03,-17389.268,-17268.455,-17224.09,-17183.484,-17149.082,-17145.81,-17155.352,-17261.984,-17385.41,-17477.754,-17520.355,-17389.084,-17160.326,-16989.71,-16984.064,-17056.422,-17034.58
-16890.451,-16708.34,-16700.174,-16851.41,-17122.23,-17560.389,-17929.06,-17969.895,-17634.123,-17169.682,-16899.203,-16957.133,-17172.234,-17247.424,-17311.742,-17488.615,-17486.342,-17210.912,-17008.053,-16995.197,-16915.291,-16796.041,-16766.42,-16726.28,-16677.922
-16741.676,-16863.943,-16936.791,-17042.549,-17185.707,-17279.162,-17299.586,-17187.635,-17046.445,-16983.537,-16952.287,-16953.916,-16929.625,-16955.74,-17185.863,-17477.336,-17549.467,-17355.707,-17223.412,-17227.27,-17112.217,-16898.287,-16755.006,-16752.912,-16820.906
-16898.357,-16964.02,-16991.568,-17010.242,-17000.303,-16981.756,-16967.79,-16971.676,-17053.348,-17116.967,-17089.178,-17084.93,-17141.875,-17148.004,-17147.504,-17181.861,-17158.701,-17138.133,-17131.518,-17107.375,-17106.316,-17087.611,-17084.998,-17177.457,-17372.574
-17562.67,-17550.523,-17412.918,-17465.701,-17621.818,-17391.576,-16903.412,-16799.629,-17102.828,-17507.031,-17811.377,-17790.941,-17500.398,-17267.46,-17389.658,-17766.828,-17967.492,-17824.326,-17548.223,-17267.637,-16919.299,-16653.05,-16559.098,-16519.516,-16481.283
-16409.188,-16463.752,-16647.312,-16782.791,-16998.648,-17281.83,-17433.803,-17389.383,-17176.146,-16949.75,-16850.117,-16850.969,-16849.447,-16853.953,-16896.04,-16954.28,-17082.66,-17234.166,-17279.244,-17201.592,-17082.78,-17036.762,-17072.303,-17128.025,-17180.832
-17313.209,-17610.256,-17814.57,-17620.078,-17338.514,-17240.145,-17045.277,-16863.143,-16881.521,-16904.564,-16952.658,-17046.889,-17098.736,-17106.066,-17238.607,-17518.004,-17581.266,-17322.762,-16966.584,-16782.133,-16863.172,-17093.19,-17314.768,-17357.494,-17240.492
-17027.994,-16896.354,-16998.977,-17224.484,-17567.488,-17911.621,-18105.945,-17996.906,-17487.576,-17074.494,-17015.02,-17032.889,-16916.43,-16682.768,-16564.352,-16510.824,-16520.697,-16654.004,-16758.287,-17013.822,-17435.416,-17696.15,-17597.154,-17186.0,-16839.33
-16750.803,-16778.709,-16797.994,-16781.857,-16824.44,-16938.613,-17005.545,-17028.762,-17036.447,-17072.354,-17228.365,-17366.088,-17275.615,-17006.986,-16816.775,-16777.438,-16787.74,-16858.234,-16941.867,-17069.066,-17248.078,-17289.066,-17208.877,-17154.56,-17201.107
-17280.582,-17239.66,-17116.344,-17019.205,-16976.863,-17015.883,-17140.363,-17254.777,-17200.523,-17033.42,-16993.941,-17022.22,-16960.027,-16879.75,-16843.855,-16882.86,-16942.34,-16985.19,-17068.184,-17134.77,-17142.568,-17121.84,-17122.691,-17152.424,-17184.57
-17269.225,-17474.342,-17747.352,-17884.832,-17808.723,-17575.469,-17344.012,-17348.252,-17351.355,-17056.127,-16768.713,-16652.666,-16659.965,-16925.836,-17181.617,-17176.166,-17108.25,-17120.61,-17280.695,-17429.713,-17436.234,-17386.973,-17210.547,-16905.098,-16677.822
-16616.47,-16619.354,-16724.633,-16888.193,-16988.03,-17133.379,-17203.648,-17140.598,-17108.127,-17088.943,-17119.97,-17157.377,-17079.908,-16941.875,-16823.422,-16765.121,-16758.086,-16774.188,-16842.643,-17034.79,-17275.11,-17389.03,-17357.291,-17209.97,-17064.22
-17108.092,-17363.062,-17814.188,-18304.025,-18449.234,-18117.654,-17559.326,-17057.09,-16748.648,-16586.424,-16471.557,-16554.27,-16800.07,-16964.416,-17229.318,-17454.572,-17220.19,-16858.95,-16712.895,-16652.244,-16673.865,-16792.582,-16896.574,-17011.44,-17138.36
-17156.586,-17064.803,-16965.639,-16911.115,-16878.873,-16876.861,-16910.064,-16945.447,-16965.535,-16994.137,-17060.908,-17091.787,-17076.516,-17086.295,-17106.342,-17119.79,-17111.715,-17090.346,-17122.664,-17196.77,-17212.57,-17154.455,-17091.86,-17045.904,-17040.23
-17125.25,-17321.715,-17555.26,-17594.729,-17439.725,-17301.156,-17147.98,-17074.195,-17214.773,-17399.084,-17489.828,-17445.205,-17439.697,-17720.078,-18175.287,-18432.178,-18189.914,-17606.822,-17048.838,-16607.855,-16374.872,-16417.328,-16545.717,-16705.443,-16806.992
-16703.207,-16640.12,-16660.879,-16662.988,-16725.43,-16746.63,-16749.66,-16773.469,-16783.7,-16827.996,-16852.006,-16892.348,-16950.635,-16976.041,-17018.803,-17068.307,-17111.941,-17149.686,-17177.822,-17191.771,-17189.152,-17177.223,-17152.379,-17128.23,-17099.973
-17074.37,-17057.703,-17025.64,-16984.428,-16958.025,-16956.795,-16970.824,-16986.203,-17005.027,-17044.693,-17100.297,-17146.916,-17175.006,-17176.762,-17180.672,-17195.873,-17179.676,-17148.516,-17119.707,-17075.777,-17022.186,-16975.432,-16963.285,-16977.137,-16995.988
-17024.7,-17052.041,-17091.629,-17156.504,-17206.785,-17216.504,-17210.701,-17194.447,-17148.799,-17112.16,-17097.496,-17081.617,-17076.34,-17067.766,-17046.168,-17014.031,-16980.922,-16965.25,-16948.156,-16930.291,-16925.908,-16935.188,-16959.012,-16999.078,-17048.352
-17085.72,-17116.469,-17135.734,-17155.484,-17180.992,-17159.58,-17125.645,-17111.602,-17084.287,-17059.746,-17035.281,-17005.467,-16983.31,-16964.24,-16962.465,-16979.61,-16994.443,-17009.717,-17039.977,-17075.102,-17109.072,-17142.707,-17170.168,-17193.832,-17195.957
-17179.006,-17168.916,-17157.004,-17132.615,-17093.094,-17049.482,-17018.55,-16990.85,-16976.854,-16974.916,-16942.855,-16922.277,-16946.727,-16962.363,-16979.947,-17001.057,-17010.492,-17026.855,-17026.145,-17020.602,-17029.904,-17035.496,-17029.467,-17012.578,-16999.613
-16987.596,-16960.86,-16920.055,-16900.293,-16902.547,-16897.303,-16912.256,-16931.566,-16935.193,-16946.08,-16956.07,-16962.979,-16956.67,-16949.094,-16952.717,-16947.836,-16938.598,-16928.93,-16944.035,-16972.438,-16970.729,-16962.078,-16944.338,-16927.848,-16952.26
-16971.643,-16966.336,-16965.305,-16960.883,-16955.37,-16953.482,-16961.287,-16967.895,-16954.346,-16952.445,-16949.666,-16934.912,-16942.842,-16940.521,-16912.867,-16884.45,-16870.375,-16881.602,-16894.678,-16899.244,-16884.377,-16863.88,-16877.72,-16891.34,-16893.502
-16906.2,-16914.906,-16914.57,-16897.473,-16885.404,-16884.33,-16866.088,-16860.936,-16872.283,-16869.055,-16849.568,-16829.568,-16828.898,-16825.9,-16816.744,-16817.586,-16815.209,-16813.098,-16815.48,-16821.053,-16826.998,-16822.766,-16803.375,-16790.219,-16808.518
-16816.13,-16801.586,-16805.732,-16819.223,-16830.525,-16822.314,-16796.998,-16788.941,-16781.213,-16770.277,-16778.818,-16792.021,-16789.396,-16777.47,-16778.47,-16793.043,-16800.973,-16791.732,-16769.168,-16744.791,-16728.936,-16725.21,-16726.402,-16727.584,-16739.602
-16749.943,-16734.785,-16715.865,-16704.074,-16686.514,-16688.87,-16713.562,-16729.467,-16733.854,-16721.057,-16702.572,-16697.135,-16685.488,-16669.225,-16663.873,-16664.021,-16664.154,-16669.127,-16671.02,-16659.316,-16658.246,-16671.984,-16675.164,-16663.82,-16649.01
-16628.648,-16604.838,-16601.229,-16616.1,-16636.12,-16646.605,-16634.361,-16614.816,-16600.89,-16593.506,-16586.598,-16589.81,-16596.504,-16580.79,-16571.2,-16576.078,-16570.096,-16569.002,-16589.475,-16618.156,-16626.727,-16621.48,-16628.459,-16631.838,-16622.76
-16603.945,-16580.268,-16563.346,-16539.547,-16526.066,-16533.44,-16541.354,-16544.533,-16535.928,-16537.602,-16543.266,-16541.307,-16547.332,-16542.807,-16541.822,-16549.66,-16555.443,-16567.41,-16566.254,-16558.293,-16559.463,-16560.041,-16554.676,-16550.219,-16556.82
-16567.541,-16570.38,-16569.281,-16575.146,-16578.723,-16573.133,-16569.266,-16566.654,-16572.463,-16592.406,-16601.15,-16590.895,-16592.46,-16605.617,-16601.848,-16593.547,-16592.94,-16587.15,-16586.365,-16592.541,-16593.469,-16603.512,-16625.748,-16634.752,-16618.78
-16611.182,-16645.297,-16676.396,-16666.18,-16655.791,-16662.303,-16657.459,-16646.04,-16647.572,-16651.234,-16659.2,-16672.895,-16667.076,-16657.281,-16654.057,-16644.8,-16656.97,-16686.332,-16705.713,-16705.932,-16687.828,-16684.709,-16694.59,-16706.97,-16713.416
-16695.182,-16689.807,-16691.49,-16683.047,-16689.535,-16693.135,-16694.273,-16704.367,-16710.498,-16714.627,-16718.748,-16725.098,-16738.047,-16751.006,-16754.295,-16748.336,-16747.553,-16751.219,-16751.514,-16755.082,-16749.404,-16744.209,-16756.676,-16762.562,-16767.213
-16771.479,-16763.447,-16763.945,-16768.102,-16766.016,-16766.99,-16770.453,-16776.283,-16780.371,-16778.129,-16777.613,-16779.865,-16780.953,-16788.443,-16792.713,-16784.646,-16787.564,-16805.408,-16810.256,-16800.049,-16802.75,-16805.19,-16793.799,-16796.914,-16801.697
-16800.387,-16800.71,-16800.176,-16813.146,-16815.088,-16808.93,-16816.344,-16824.365,-16841.668,-16849.3,-16843.016,-16839.557,-16831.078,-16832.227,-16832.777,-16819.31,-16809.754,-16809.271,-16812.73,-16814.39,-16818.738,-16821.96,-16818.518,-16819.74,-16821.715
-16818.975,-16821.316,-16827.227,-16831.543,-16834.9,-16837.045,-16835.305,-16830.863,-16835.059,-16840.623,-16845.041,-16855.744,-16855.678,-16849.258,-16848.031,-16848.822,-16850.2,-16848.666,-16853.969,-16858.33,-16855.7,-16865.021,-16873.168,-16866.293,-16864.992
-16863.33,-16847.123,-16842.35,-16849.918,-16851.604,-16856.617,-16861.652,-16860.008,-16858.73,-16860.352,-16864.53,-16867.736,-16863.885,-16857.658,-16854.99,-16852.418,-16854.633,-16862.834,-16869.766,-16869.85,-16864.469,-16865.264,-16870.146,-16871.705,-16869.627
-16871.5,-16879.5,-16876.506,-16870.475,-16870.346,-16869.197,-16873.137,-16873.9,-16874.4,-16878.855,-16875.72,-16873.498,-16874.844,-16879.607,-16882.041,-16876.775,-16878.895,-16880.9,-16878.264,-16882.512,-16886.865,-16888.56,-16888.46,-16881.383,-16874.793
-16878.367,-16886.793,-16894.85,-16897.996,-16894.248,-16890.111,-16884.777,-16878.174,-16875.7,-16875.67,-16873.889,-16873.738,-16876.521,-16880.238,-16886.37,-16888.416,-16885.414,-16884.182,-16885.078,-16887.057,-16888.596,-16888.018,-16880.99,-16875.871,-16879.676
-16878.516,-16879.74,-16890.871,-16896.941,-16895.684,-16891.191,-16891.494,-16894.035,-16894.992,-16900.629,-16905.035,-16912.598,-16915.453,-16902.916,-16893.156,-16896.328,-16906.053,-16908.104,-16903.75,-16897.627,-16894.467,-16899.492,-16899.938,-16898.318,-16895.828
-16895.582,-16903.064,-16907.705,-16911.482,-16913.324,-16912.58,-16909.219,-16908.39,-16907.2,-16891.27,-16886.98,-16890.48,-16879.92,-16875.164,-16878.574,-16887.93,-16888.895,-16874.35,-16873.025,-16884.125,-16888.771,-16884.549,-16879.44,-16883.459,-16891.033
-16891.115,-16893.066,-16897.62,-16899.184,-16908.363,-16904.309,-16897.455,-16918.566,-16918.39,-16893.88,-16889.271,-16885.637,-16884.639,-16894.428,-16890.354,-16886.016,-16889.498,-16888.965,-16885.467,-16879.22,-16884.861,-16896.543,-16898.135,-16891.174,-16882.297
-16892.986,-16915.197,-16921.213,-16912.908,-16909.834,-16911.926,-16908.486,-16907.512,-16903.797,-16900.043,-16903.258,-16903.797,-16903.848,-16900.041,-16899.117,-16902.408,-16902.467,-16905.293,-16904.932,-16908.148,-16910.36,-16900.635,-16899.043,-16902.268,-16895.754
-16888.557,-16891.385,-16901.605,-16909.32,-16913.914,-16913.508,-16908.324,-16911.188,-16917.836,-16917.703,-16913.47,-16910.973,-16913.625,-16909.84,-16903.94,-16905.686,-16906.066,-16910.379,-16914.242,-16910.613,-16911.625,-16918.5,-16923.975,-16928.76,-16933.113
-16932.1,-16930.738,-16925.586,-16914.46,-16911.688,-16912.398,-16912.63,-16916.021,-16915.525,-16913.72,-16915.488,-16920.951,-16923.484,-16918.26,-16922.596,-16932.496,-16933.742,-16935.621,-16937.895,-16942.207,-16939.422,-16927.547,-16925.29,-16927.041,-16936.848
-16950.27,-16950.072,-16944.57,-16935.625,-16925.455,-16922.076,-16922.912,-16924.516,-16929.64,-16934.44,-16935.756,-16935.791,-16927.773,-16922.922,-16929.55,-16937.12,-16943.305,-16937.78,-16926.684,-16926.623,-16929.43,-16933.959,-16939.703,-16942.93,-16947.135
-16945.906,-16942.31,-16940.08,-16937.309,-16939.646,-16947.186,-16957.57,-16958.746,-16956.633,-16960.803,-16960.012,-16960.104,-16947.934,-16927.814,-16926.201,-16927.34,-16927.021,-16922.775,-16914.512,-16923.65,-16941.098,-16946.611,-16941.625,-16935.28,-16937.059
-16943.396,-16939.879,-16939.672,-16943.824,-16938.832,-16939.2,-16937.865,-16932.947,-16934.434,-16934.094,-16936.979,-16946.494,-16955.105,-16957.148,-16962.229,-16970.262,-16969.062,-16967.797,-16969.857,-16970.56,-16967.74,-16964.516,-16966.307,-16969.732,-16968.758
-16959.143,-16951.32,-16948.76,-16945.557,-16943.354,-16935.465,-16926.21,-16928.32,-16936.207,-16947.586,-16957.871,-16953.906,-16943.18,-16930.842,-16921.824,-16922.883,-16922.4,-16922.72,-16924.871,-16923.963,-16922.166,-16921.697,-16936.156,-16952.229,-16944.053
-16939.998,-16954.082,-16952.678,-16949.77,-16951.152,-16940.002,-16943.88,-16949.836,-16942.22,-16936.305,-16932.688,-16942.357,-16952.307,-16955.062,-16955.531,-16943.914,-16937.08,-16941.385,-16944.709,-16947.107,-16947.246,-16942.81,-16939.434,-16939.514,-16939.133
-16942.387,-16944.988,-16947.174,-16951.146,-16941.16,-16931.607,-16935.854,-16937.674,-16944.863,-16958.723,-16959.143,-16951.855,-16954.158,-16961.693,-16961.684,-16960.059,-16963.611,-16964.287,-16962.576,-16964.373,-16970.035,-16969.463,-16956.7,-16948.082,-16943.385
-16935.217,-16935.703,-16943.123,-16951.15,-16958.572,-16958.84,-16954.305,-16954.258,-16958.145,-16960.877,-16964.088,-16960.1,-16954.254,-16955.496,-16950.17,-16951.96,-16960.314,-16958.807,-16962.55,-16966.193,-16965.258,-16966.857,-16969.639,-16974.32,-16974.527
-16978.756,-16992.182,-16993.902,-16982.34,-16976.848,-16977.1,-16978.305,-16979.006,-16970.58,-16963.197,-16964.572,-16968.93,-16970.484,-16961.908,-16958.49,-16962.156,-16958.488,-16961.05,-16972.336,-16976.227,-16966.549,-16953.977,-16951.95,-16952.596,-16948.406
-16942.295,-16947.27,-16964.611,-16966.715,-16958.582,-16959.934,-16962.242,-16965.057,-16970.516,-16972.113,-16967.66,-16965.195,-16969.541,-16971.893,-16971.916,-16969.506,-16964.227,-16964.379,-16962.635,-16959.264,-16964.81,-16968.459,-16967.516,-16969.223,-16972.08
-16973.678,-16971.926,-16970.795,-16971.754,-16970.768,-16965.922,-16961.273,-16966.77,-16975.174,-16974.885,-16975.102,-16973.527,-16970.852,-16975.203,-16972.408,-16974.463,-16978.799,-16970.0,-16973.234,-16975.463,-16970.914,-16972.54,-16970.729,-16974.334,-16978.988
-16983.953,-16983.041,-16972.744,-16978.63,-16987.887,-16987.057,-16982.336,-16980.855,-16987.781,-16981.785,-16977.783,-16990.732,-16988.31,-16979.943,-16981.088,-16976.947,-16970.33,-16966.871,-16967.559,-16967.34,-16964.037,-16965.916,-16975.965,-16988.59,-16991.678
-16987.83,-16986.156,-16990.957,-16993.902,-16986.885,-16983.635,-16974.932,-16965.486,-16967.838,-16965.127,-16972.57,-16983.154,-16978.38,-16976.785,-16970.984,-16962.479,-16963.68,-16962.35,-16963.951,-16967.982,-16961.28,-16961.59,-16970.62,-16970.646,-16973.873
-16985.43,-16992.207,-17001.217,-17016.758,-17019.143,-17009.574,-17000.5,-16991.182,-16987.94,-16984.723,-16976.688,-16974.088,-16973.156,-16965.908,-16958.514,-16961.338,-16966.92,-16964.076,-16958.803,-16955.807,-16957.744,-16966.934,-16970.3,-16966.363,-16967.32
-16965.635,-16961.44,-16965.129,-16970.555,-16977.86,-16985.094,-16979.662,-16974.541,-16981.492,-16985.418,-16984.793,-16983.873,-16982.281,-16981.566,-16978.25,-16982.256,-16988.887,-16983.314,-16980.318,-16985.69,-16987.012,-16983.24,-16983.96,-16986.13,-16986.295
-16990.275,-16989.406,-16986.639,-16990.125,-16992.744,-16990.895,-16986.93,-16985.404,-16985.203,-16987.22,-16989.795,-16987.9,-16979.049,-16972.521,-16980.871,-16989.652,-16994.064,-16993.135,-16988.938,-16992.785,-16993.65,-16996.562,-17000.34,-17004.678,-17012.322
-17002.938,-16993.863,-16992.951,-16997.143,-17013.639,-17018.139,-17013.53,-17013.69,-17004.918,-16989.225,-16984.773,-16988.264,-16988.518,-16992.82,-16995.723,-16997.018,-17003.102,-17004.775,-17009.41,-17013.752,-17004.47,-16995.293,-17003.523,-17021.43,-17020.27
-17004.541,-17000.375,-17000.547,-16997.492,-16994.006,-16987.643,-16989.268,-17001.455,-17002.203,-16994.934,-17000.254,-17007.842,-17008.729,-17005.648,-17004.273,-17006.166,-16999.518,-16996.307,-16996.258,-16992.504,-17004.303,-17016.006,-17012.486,-17005.355,-16998.53
-16993.092,-16990.684,-16990.621,-16985.15,-16977.691,-16971.68,-16971.008,-16979.367,-16983.525,-16988.133,-16990.586,-16984.736,-16988.967,-16994.223,-16986.467,-16982.945,-16987.691,-16989.852,-16993.258,-16996.355,-16998.35,-17008.518,-17018.52,-17021.404,-17018.701
-17012.836,-17011.26,-17011.352,-17013.482,-17013.9,-17006.564,-17005.184,-17005.73,-17000.086,-16999.309,-17000.912,-17001.338,-17002.285,-17004.6,-17009.93,-17010.857,-17011.266,-17015.615,-17020.723,-17030.57,-17027.85,-17014.83,-17012.629,-17012.18,-17015.34
-17011.695,-17000.592,-17000.977,-16993.59,-16985.512,-16989.959,-16992.309,-16990.502,-16990.426,-16999.299,-17004.344,-17005.97,-17012.064,-17012.785,-17009.168,-17001.316,-17000.834,-17001.479,-16994.205,-16997.41,-16995.541,-16990.379,-16994.516,-16990.826,-16989.664
-16994.455,-16993.146,-16990.23,-16991.18,-16998.012,-17009.64,-17017.016,-17013.787,-17012.88,-17013.662,-17008.91,-17008.697,-17011.404,-17013.1,-17009.396,-17004.545,-17007.45,-17004.633,-17001.066,-17005.273,-17008.088,-17013.545,-17014.477,-17007.104,-17005.58
-17006.545,-17005.79,-17004.45,-16999.467,-16994.77,-16994.145,-16997.645,-17000.41,-17003.697,-17010.412,-17010.451,-17006.627,-17003.27,-17000.494,-17002.639,-17000.02,-16998.197,-17006.479,-17013.543,-17015.742,-17014.078,-17009.656,-17007.42,-17009.426,-17010.656
-17012.0,-17015.373,-17015.889,-17018.93,-17025.11,-17031.008,-17031.371,-17027.008,-17030.412,-17033.387,-17032.816,-17030.428,-17023.576,-17026.887,-17034.11,-17034.096,-17034.016,-17029.46,-17023.783,-17021.652,-17016.799,-17012.379,-17009.28,-17011.549,-17015.941
-17014.088,-17017.012,-17022.986,-17023.59,-17022.352,-17019.45,-17014.152,-17008.715,-17002.223,-16999.121,-17007.002,-17008.229,-17001.373,-17010.99,-17025.49,-17027.043,-17026.225,-17029.998,-17035.525,-17038.19,-17030.729,-17024.896,-17027.371,-17023.344,-17020.957
-17021.842,-17017.086,-17017.531,-17018.145,-17015.604,-17020.135,-17024.209,-17024.65,-17027.988,-17030.086,-17027.83,-17028.008,-17032.613,-17033.81,-17033.357,-17032.256,-17031.328,-17038.057,-17043.486,-17050.24,-17056.666,-17051.908,-17046.99,-17034.656,-17021.76
-17022.29,-17020.508,-17018.354,-17015.191,-17011.648,-17017.637,-17018.377,-17014.85,-17017.43,-17015.945,-17019.268,-17025.096,-17018.266,-17015.934,-17020.082,-17026.92,-17035.777,-17037.264,-17038.426,-17036.645,-17033.646,-17034.057,-17035.627,-17035.36,-17028.926
-17032.078,-17037.225,-17037.984,-17048.53,-17055.654,-17050.482,-17047.379,-17063.986,-17078.738,-17069.164,-17057.12,-17051.043,-17042.658,-17028.621,-17021.385,-17024.477,-17025.547,-17027.666,-17031.021,-17036.102,-17034.744,-17028.227,-17031.191,-17033.035,-17032.357
-17031.305,-17027.39,-17025.537,-17023.78,-17021.25,-17022.123,-17030.44,-17033.734,-17029.664,-17031.65,-17036.008,-17046.777,-17061.082,-17064.826,-17070.945,-17084.744,-17094.406,-17099.088,-17101.732,-17101.404,-17083.639,-17055.018,-17039.86,-17025.623,-17012.559
-17012.857,-17013.924,-17011.238,-17006.936,-17017.014,-17031.514,-17025.361,-17025.992,-17038.791,-17046.555,-17058.049,-17061.771,-17051.172,-17043.13,-17035.344,-17034.916,-17050.799,-17057.568,-17054.459,-17059.873,-17069.242,-17065.818,-17047.547,-17032.305,-17020.746
-17018.951,-17039.96,-17080.688,-17106.482,-17091.807,-17075.01,-17059.484,-17050.541,-17063.5,-17044.986,-17009.158,-17003.2,-17003.744,-17001.262,-17015.89,-17040.096,-17062.438,-17101.955,-17161.834,-17224.268,-17276.727,-17300.463,-17278.072,-17266.916,-17290.129
-17286.738,-17303.756,-17332.553,-17320.785,-17331.107,-17327.293,-17256.398,-17159.184,-17067.45,-16992.65,-16972.814,-17076.04,-17296.928,-17507.803,-17589.357,-17650.771,-17776.46,-17795.074,-17724.275,-17735.227,-17727.607,-17670.77,-17675.57,-17634.727,-17614.412
-17610.297,-17293.334,-16882.36,-16671.537,-16540.258,-16597.729,-16794.896,-16901.75,-16935.898,-16910.404,-17028.77,-17380.244,-17556.045,-17376.516,-17090.207,-16909.27,-16861.709,-16900.656,-16895.102,-16855.648,-17012.734,-17263.143,-17398.42,-17419.396,-17255.877
-16958.285,-16745.326,-16721.207,-16804.97,-16883.057,-16924.893,-16950.44,-17050.236,-17228.176,-17230.73,-16934.928,-16645.594,-16571.223,-16605.691,-16682.002,-16746.246,-16801.926,-16932.152,-17110.658,-17346.855,-17634.973,-17807.459,-17877.82,-18045.836,-18121.018
-17877.402,-17478.707,-17007.996,-16873.877,-17274.191,-17420.203,-17064.967,-16663.248,-16408.086,-16381.381,-16583.47,-16810.496,-16930.47,-17083.834,-17252.674,-17378.258,-17361.807,-17063.406,-16828.6,-16762.873,-16768.375,-16928.016,-17064.037,-17192.002,-17284.023
-17171.857,-17138.498,-17193.4,-17117.133,-17177.494,-17370.54,-17363.344,-17212.62,-17091.61,-17043.326,-16991.555,-16859.58,-16708.271,-16580.197,-16534.836,-16671.4,-16896.094,-17010.846,-17018.168,-16979.701,-16978.656,-17085.877,-17097.55,-17140.752,-17527.697
-17822.652,-17785.123,-17717.0,-17528.408,-17193.615,-16905.715,-16704.986,-16660.389,-16700.195,-16720.793,-16790.49,-16830.494,-16811.15,-16910.834,-17001.629,-16948.025,-16943.68,-16969.951,-17017.518,-17193.844,-17431.846,-17820.615,-18175.123,-18062.145,-17683.988
-17376.848,-17167.656,-17039.857,-16955.125,-17014.709,-17325.008,-17626.686,-17679.887,-17636.344,-17360.844,-16779.88,-16495.643,-16565.816,-16661.164,-16758.008,-16706.326,-16830.346,-17227.865,-17346.836,-17326.191,-17297.66,-17311.463,-17538.36,-17507.617,-17158.09
-16883.873,-16827.115,-16875.723,-16782.092,-16763.021,-16827.139,-16753.443,-16876.78,-17106.938,-16994.828,-16770.414,-16770.896,-16960.268,-17244.787,-17470.648,-17541.709,-17503.596,-17351.57,-17253.918,-17466.58,-17706.584,-17437.877,-16884.127,-16621.646,-16613.201
-16763.236,-17088.441,-17292.203,-17195.396,-16925.16,-16707.479,-16678.85,-16726.744,-16767.652,-16923.39,-17165.703,-17292.912,-17236.402,-17027.627,-16738.674,-16538.152,-16523.277,-16607.34,-16756.234,-16990.812,-17219.912,-17418.047,-17581.004,-17583.43,-17570.309
-17795.225,-18133.432,-18227.414,-17720.342,-17150.203,-17232.635,-17270.494,-16990.549,-16826.652,-16511.078,-16296.43,-16472.05,-16689.57,-16998.852,-17172.723,-16965.004,-16788.727,-16704.678,-16660.9,-16682.89,-16675.102,-16781.168,-16891.28,-16963.0,-17080.818
-17013.81,-16877.125,-16837.477,-16904.994,-17098.002,-17216.102,-17211.473,-17114.979,-16981.361,-16954.914,-16995.273,-17183.057,-17479.967,-17436.748,-17178.104,-17442.262,-18217.094,-18578.906,-18060.652,-17150.05,-16448.672,-16214.235,-16326.713,-16550.537,-16850.46
-17031.541,-16972.393,-16959.93,-17106.521,-17328.88,-17425.62,-17217.475,-17021.576,-17112.752,-17258.686,-17157.691,-16913.787,-16765.191,-16721.666,-16791.775,-16869.879,-16877.719,-16851.742,-16821.188,-16920.21,-17101.857,-17203.756,-17096.74,-16919.803,-16939.129
-17020.127,-17039.264,-16958.045,-16824.166,-16770.057,-16748.26,-16854.09,-17113.928,-17383.184,-17785.81,-18388.637,-18638.16,-18122.69,-17348.727,-16773.34,-16578.768,-16930.86,-17456.557,-17735.725,-17665.455,-17321.164,-17133.037,-17252.982,-17187.53,-16755.2
-16376.277,-16340.847,-16677.51,-17305.988,-17842.062,-17860.75,-17671.031,-17750.162,-17647.016,-17067.709,-16516.662,-16299.658,-16438.643,-16707.768,-16896.084,-17054.764,-17094.787,-17085.271,-17063.027,-16873.062,-16647.0,-16516.568,-16472.256,-16522.729,-16696.258
-16872.502,-16897.492,-16914.54,-17025.26,-17144.113,-17260.14,-17445.793,-17628.877,-17661.332,-17756.61,-18102.21,-18356.412,-18196.154,-17699.48,-17174.336,-16965.23,-17061.182,-17041.27,-16704.451,-16374.805,-16284.245,-16374.425,-16689.793,-17038.965,-17310.121
-17621.543,-17604.17,-17369.658,-17572.38,-18111.3,-18392.385,-17936.11,-17027.555,-16446.523,-16267.146,-16298.705,-16486.695,-16617.545,-16727.809,-16852.562,-16909.172,-17000.514,-17083.225,-17161.846,-17309.805,-17451.166,-17517.594,-17435.521,-17341.652,-17298.242
-17162.836,-17076.22,-17100.945,-17162.172,-17328.918,-17579.412,-17840.748,-18020.752,-18064.004,-18008.785,-17830.715,-17386.398,-16790.61,-16558.78,-16636.832,-16736.52,-17051.627,-17501.785,-17856.906,-17789.951,-17232.45,-16869.695,-16931.031,-16927.262,-16692.295
-16573.434,-16589.254,-16621.053,-16773.627,-16854.148,-16879.088,-16935.975,-16952.037,-17012.945,-17099.436,-17214.055,-17269.205,-17259.02,-17306.174,-17299.578,-17242.154,-17267.709,-17314.018,-17199.799,-16988.932,-16871.484,-16873.344,-16929.969,-16979.22,-17083.334
-17353.191,-17758.238,-17975.857,-17922.652,-17888.125,-17835.328,-17847.705,-17965.389,-17848.002,-17615.668,-17359.268,-17029.662,-16996.188,-17243.416,-17316.287,-17097.344,-16838.879,-16729.186,-16733.816,-16764.275,-16747.07,-16693.29,-16660.863,-16704.701,-16816.824
-16910.562,-16964.111,-16965.885,-16901.412,-16805.01,-16733.002,-16724.037,-16790.867,-16904.12,-17003.172,-17113.535,-17289.945,-17601.328,-18008.98,-18257.19,-18196.469,-17877.762,-17454.746,-17073.832,-16838.477,-16859.44,-17016.87,-17145.436,-17335.611,-17590.2
-17730.574,-17566.178,-17056.293,-16645.322,-16674.54,-16759.61,-16771.877,-16993.14,-17370.541,-17705.406,-17625.828,-17091.084,-16622.111,-16415.844,-16469.72,-16619.15,-16683.395,-16775.047,-16803.14,-16815.54,-16924.934,-17027.824,-17150.828,-17191.143,-17207.47
-17347.85,-17418.26,-17374.432,-17264.695,-17123.47,-17088.52,-17101.584,-17068.98,-17071.621,-17232.252,-17667.703,-18152.652,-18207.229,-17968.656,-17760.434,-17377.79,-16993.262,-16881.299,-16808.283,-16788.096,-16775.3,-16704.215,-16821.346,-17038.629,-17074.781
-16876.537,-16729.186,-16762.768,-16821.623,-17007.443,-17206.068,-17122.105,-16894.426,-16789.16,-16799.947,-16860.672,-17009.23,-17349.938,-17845.814,-17934.59,-17567.588,-17305.441,-17142.838,-17166.73,-17383.941,-17496.254,-17626.121,-17740.223,-17640.549,-17313.541
-16820.957,-16398.871,-16241.03,-16416.488,-16869.19,-17223.95,-17243.973,-17134.74,-16985.154,-16908.004,-16945.146,-16908.402,-16977.822,-17135.389,-17206.574,-17213.373,-17092.48,-16996.113,-16959.264,-17035.482,-17362.95,-17675.004,-17603.55,-17163.643,-16861.123
-16800.2,-16844.97,-17056.723,-17217.63,-17296.354,-17308.672,-17332.773,-17448.887,-17391.412,-17341.475,-17550.453,-17893.844,-18000.275,-17631.031,-17119.395,-16692.324,-16478.35,-16435.074,-16492.643,-16679.445,-16781.264,-16944.062,-17095.893,-17081.629,-17083.213
-17020.383,-16962.688,-16958.777,-16963.385,-16930.955,-16881.863,-16938.328,-17095.822,-17380.926,-17483.361,-17348.525,-17250.592,-17105.758,-17103.242,-17326.332,-17487.621,-17624.092,-17759.338,-17734.377,-17718.564,-17628.104,-17216.53,-16918.355,-16862.61,-16869.9
-16941.072,-16912.803,-16934.922,-16953.85,-16817.965,-16916.34,-17085.115,-16920.629,-16720.43,-16699.346,-16810.598,-17102.344,-17292.994,-17164.686,-17062.346,-17082.943,-17125.943,-17263.863,-17301.541,-17229.182,-17200.701,-17138.861,-17136.875,-17106.115,-16971.314
-16970.87,-17039.82,-17104.465,-17166.297,-17110.84,-16997.24,-16933.807,-16996.523,-17145.25,-17194.416,-17169.936,-17233.47,-17299.883,-17203.66,-17041.115,-17127.76,-17457.95,-17636.383,-17892.598,-18337.273,-18102.715,-17350.693,-16877.44,-16574.143,-16564.814
-16772.11,-16711.24,-16602.693,-16717.592,-16979.816,-17254.498,-17473.041,-17510.467,-17300.936,-17211.41,-17374.828,-17485.334,-17254.184,-16762.557,-16500.84,-16528.773,-16597.283,-16670.732,-16772.47,-17014.482,-17224.229,-17238.791,-17433.928,-17901.105,-18083.498
-17598.926,-16967.238,-16702.156,-16557.924,-16503.787,-16551.21,-16573.225,-16661.104,-16704.09,-16724.088,-16776.395,-16804.273,-16899.246,-16993.541,-17069.02,-17148.191,-17249.047,-17430.799,-17574.486,-17752.432,-18013.73,-18006.955,-17789.246,-17772.842,-17811.541
-17789.94,-17674.035,-17159.184,-16709.383,-16666.758,-16696.559,-16908.178,-17155.531,-17200.621,-17137.795,-16938.822,-16750.426,-16660.41,-16661.213,-16659.287,-16587.896,-16567.71,-16576.422,-16615.912,-16669.95,-16800.889,-17001.371,-17058.244,-17023.102,-17012.305
-17041.336,-17096.545,-17220.549,-17442.951,-17692.105,-17868.725,-17812.898,-17590.715,-17401.639,-17249.1,-17076.033,-16932.17,-16861.885,-16952.512,-17231.617,-17407.887,-17367.09,-17189.95,-17261.406,-17967.2,-18496.012,-18153.652,-17475.998,-16883.877,-16517.441
-16560.928,-16655.578,-16577.691,-16583.65,-16593.207,-16597.82,-16629.334,-16631.785,-16680.559,-16683.732,-16708.104,-16810.62,-16972.238,-17213.064,-17375.662,-17380.07,-17213.982,-17086.191,-17154.797,-17191.518,-17154.217,-17127.156,-17109.777,-17112.484,-17074.04
-17011.049,-16935.39,-16816.47,-16758.64,-16807.633,-16969.746,-17112.902,-17013.49,-16859.176,-16871.596,-16989.213,-17093.68,-17153.887,-17320.412,-17478.023,-17485.736,-17540.012,-17569.67,-17588.143,-17776.86,-17940.014,-18103.945,-18172.336,-17660.44,-16916.176
-16528.49,-16471.65,-16643.193,-16874.38,-17063.584,-17105.568,-16957.36,-16828.152,-16698.395,-16627.582,-16651.838,-16650.645,-16717.283,-16771.645,-16779.887,-16807.516,-16799.135,-16802.238,-16807.133,-16806.547,-16837.426,-16892.422,-16986.29,-17081.666,-17133.105
-17169.117,-17242.479,-17313.01,-17288.83,-17222.398,-17279.121,-17552.785,-17865.17,-17899.004,-17691.37,-17430.268,-17134.258,-16855.246,-16630.812,-16610.846,-16822.438,-17104.83,-17677.33,-18395.443,-18497.52,-17852.873,-17191.316,-16853.105,-16540.434,-16330.215
-16345.8545,-16551.76,-16838.426,-16933.518,-16982.2,-17074.932,-17100.408,-17046.057,-16933.709,-16979.375,-17180.883,-17241.965,-17043.252,-16808.166,-16691.062,-16682.596,-16786.574,-16975.242,-17303.906,-17555.87,-17513.418,-17301.36,-17064.703,-16944.422,-16905.162
-16894.066,-16890.03,-16887.463,-17026.486,-17311.494,-17525.625,-17390.037,-17029.617,-16840.379,-16950.807,-17230.342,-17307.12,-17113.79,-16966.443,-16924.096,-17080.062,-17497.783,-17858.703,-17868.693,-17441.74,-16899.596,-16681.74,-16685.615,-16656.04,-16614.693
-16612.625,-16681.69,-16849.043,-16893.043,-16806.828,-16821.297,-16883.848,-17093.791,-17333.074,-17243.082,-17110.68,-17172.543,-17173.998,-17140.324,-17311.408,-17447.816,-17268.113,-17104.23,-17176.709,-17292.312,-17303.6,-17095.617,-16837.174,-16759.273,-16731.42
-16738.059,-16813.348,-16868.854,-16897.535,-16937.49,-17048.516,-17217.66,-17344.549,-17398.613,-17535.703,-17607.27,-17384.01,-17261.828,-17366.615,-17479.195,-17734.412,-18300.232,-18927.656,-18763.328,-17592.992,-16393.016,-15883.491,-15992.934,-16231.347,-16376.461
-16561.3,-16700.629,-16745.803,-16721.348,-16666.688,-16664.826,-16669.146,-16685.578,-16706.424,-16765.18,-16871.984,-16965.682,-17192.24,-17444.842,-17417.236,-17263.434,-17228.053,-17246.982,-17296.412,-17375.592,-17383.639,-17318.229,-17218.62,-17094.133,-16977.258
-16957.025,-16931.346,-16836.088,-16881.338,-16938.82,-16889.428,-16850.217,-16871.53,-17149.117,-17699.008,-18205.668,-18229.314,-17821.021,-17500.268,-17284.336,-17167.15,-17356.898,-17698.562,-17782.902,-17389.164,-16949.559,-16785.84,-16768.277,-16840.338,-16706.277
-16471.508,-16512.113,-16603.096,-16749.24,-16906.502,-16864.842,-16848.152,-16858.56,-16866.107,-16966.0,-17061.994,-17074.057,-17025.879,-17000.781,-17010.414,-17132.086,-17328.336,-17393.129,-17357.885,-17417.295,-17631.186,-17666.139,-17329.584,-17047.654,-17209.61
-17753.207,-18227.17,-18132.02,-17608.438,-17130.656,-16895.79,-16996.178,-17085.312,-16923.348,-16913.86,-17010.984,-17010.314,-16954.365,-16781.607,-16606.424,-16551.49,-16606.453,-16708.691,-16831.844,-17020.678,-17266.066,-17381.994,-17169.328,-16944.77,-16991.684
-17097.818,-17172.58,-17181.947,-17100.355,-17088.756,-17181.408,-17433.475,-17850.389,-17990.988,-17700.47,-17406.57,-17286.814,-17111.645,-16790.715,-16594.24,-16560.703,-16554.736,-16663.16,-16755.115,-16803.55,-16910.87,-16967.54,-17012.484,-17085.164,-17187.533
-17265.94,-17221.014,-17099.984,-16962.904,-16935.725,-16995.576,-17027.414,-17072.105,-17114.363,-17165.459,-17249.1,-17377.824,-17464.95,-17299.668,-17120.3,-17232.36,-17458.16,-17568.629,-17449.82,-17363.236,-17525.086,-17721.697,-17930.82,-17821.49,-17245.51
-16827.645,-16581.176,-16429.426,-16535.693,-16579.434,-16611.201,-16738.89,-16824.81,-16966.572,-17079.518,-17090.828,-17000.809,-16901.832,-16924.656,-16932.445,-16977.236,-17111.338,-17315.64,-17564.01,-17739.39,-17839.428,-17572.19,-17058.19,-16894.107,-17037.566
-17371.557,-17783.252,-18012.662,-17950.951,-17476.621,-16944.172,-16694.938,-16560.79,-16559.143,-16731.451,-17093.863,-17607.424,-17833.826,-17580.277,-17280.031,-17084.107,-16803.102,-16611.807,-16634.22,-16797.504,-16928.15,-16938.746,-16962.105,-16924.6,-16910.477
-16955.479,-16957.656,-17003.463,-16992.582,-16983.354,-17062.701,-17213.662,-17411.146,-17500.521,-17600.75,-17561.922,-17197.107,-16892.146,-16782.719,-16831.479,-17001.732,-17167.158,-17391.012,-17617.926,-17680.557,-17489.457,-17091.596,-16786.154,-16836.611,-17079.297
-17074.943,-16838.484,-16660.457,-16653.023,-16910.268,-17289.361,-17614.11,-17699.82,-17422.498,-17117.303,-16909.785,-16852.107,-16995.219,-17094.646,-17212.053,-17221.666,-17045.25,-17001.521,-17002.27,-16951.684,-16893.137,-16884.684,-17009.098,-17118.762,-17150.492
-17197.209,-17277.994,-17321.06,-17357.967,-17476.516,-17641.54,-17765.303,-17728.805,-17525.371,-17333.656,-17277.393,-17211.383,-17165.695,-17187.848,-17006.145,-16878.559,-16931.012,-16913.764,-17058.484,-17343.762,-17548.164,-17536.445,-17457.426,-17593.281,-17611.664
-17560.027,-17571.031,-17200.176,-16658.05,-16543.545,-16801.502,-17045.316,-17111.174,-16972.53,-16848.117,-16847.715,-16787.459,-16742.008,-16806.229,-17038.127,-17305.377,-17453.207,-17631.111,-17590.562,-17292.484,-17174.508,-17107.809,-16954.615,-16967.92,-17087.562
-17167.52,-17207.834,-17173.705,-17095.473,-17006.523,-16944.404,-16902.53,-16871.797,-16868.99,-16840.969,-16839.107,-16874.412,-16920.47,-16999.93,-17059.674,-17106.285,-17216.928,-17521.35,-17913.064,-18033.363,-17856.66,-17582.555,-17356.355,-17220.857,-17112.604
-17070.498,-17077.676,-17071.771,-17044.348,-16930.824,-16839.422,-16856.2,-16943.92,-17173.24,-17463.602,-17637.742,-17773.578,-17989.691,-17966.975,-17555.943,-17318.213,-17556.66,-17943.764,-18057.943,-17703.59,-17084.066,-16642.02,-16520.918,-16532.574,-16571.49
-16584.268,-16631.555,-16692.3,-16686.006,-16712.771,-16717.93,-16721.148,-16748.64,-16763.81,-16830.57,-16895.162,-17023.736,-17267.68,-17523.553,-17613.852,-17547.074,-17586.58,-17568.133,-17398.262,-17417.178,-17563.889,-17529.414,-17436.908,-17458.266,-17337.682
-17051.982,-16825.158,-16735.91,-16854.992,-16977.42,-16981.42,-16978.426,-16975.01,-17040.938,-17153.746,-17290.4,-17415.662,-17427.582,-17450.377,-17520.672,-17488.62,-17401.85,-17471.627,-17573.613,-17461.705,-17343.719,-17368.695,-17255.62,-17041.674,-17123.42
-17201.533,-16999.893,-16908.791,-16939.006,-17041.348,-17194.812,-17271.85,-17306.01,-17142.24,-16933.254,-16874.191,-16852.408,-16930.348,-17028.871,-17037.354,-17045.387,-17142.393,-17185.236,-17016.818,-16886.107,-16908.48,-16987.436,-17126.242,-17325.076,-17664.578
-18000.621,-18053.002,-17886.5,-17660.502,-17508.291,-17497.117,-17451.225,-17303.314,-17051.16,-16731.693,-16664.238,-16739.996,-16744.727,-16888.602,-17078.38,-17152.521,-17087.518,-16953.309,-16895.229,-16890.955,-16986.145,-17129.568,-17192.957,-17129.0,-17026.498
-17038.72,-17053.303,-17065.424,-17149.332,-17283.94,-17453.908,-17489.424,-17336.508,-17230.049,-17334.559,-17445.914,-17443.123,-17492.805,-17631.77,-17774.854,-17726.4,-17509.467,-17407.748,-17360.229,-17270.047,-17181.162,-17059.082,-17004.834,-17136.98,-17375.537
-17377.883,-17066.234,-16811.764,-16783.672,-17024.13,-17343.762,-17477.701,-17439.006,-17261.016,-17084.041,-16890.037,-16745.557,-16795.201,-16924.932,-17222.633,-17487.178,-17514.89,-17441.21,-17200.426,-17012.11,-17022.8,-17013.266,-16939.965,-16882.99,-16932.91
-17039.791,-17116.791,-17090.67,-16961.035,-16897.195,-16910.568,-16998.777,-17177.38,-17267.89,-17189.938,-17088.76,-17062.258,-17041.385,-17033.76,-17081.613,-17112.219,-17116.652,-17132.479,-17144.621,-17189.832,-17289.297,-17349.906,-17432.348,-17713.227,-18061.049
-18050.215,-17599.88,-17289.678,-17491.918,-17746.395,-17521.889,-17110.578,-16999.893,-17093.004,-17204.236,-17184.305,-17155.984,-17352.186,-17481.549,-17327.545,-16940.703,-16656.727,-16703.1,-16792.63,-16863.82,-17029.287,-17264.191,-17346.875,-17256.668,-17171.436
-17107.244,-17174.01,-17291.139,-17586.494,-17988.592,-17963.271,-17664.953,-17346.744,-17066.371,-16876.049,-16796.209,-16946.377,-17114.273,-17033.164,-16821.623,-16735.703,-16731.07,-16774.34,-16865.088,-16845.771,-16867.145,-16969.572,-17127.709,-17346.043,-17419.69
-17445.219,-17553.545,-17671.74,-17750.752,-17711.922,-17542.695,-17518.1,-17799.22,-18016.885,-17831.566,-17301.568,-16809.654,-16581.041,-16539.26,-16700.453,-16851.95,-16873.305,-16920.287,-16909.26,-16894.896,-16969.516,-17086.543,-17293.504,-17374.916,-17163.299
-16999.268,-17135.264,-17382.66,-17477.428,-17440.508,-17515.621,-17600.387,-17416.21,-17171.656,-17043.137,-17013.18,-17157.922,-17254.695,-17238.357,-17268.848,-17187.861,-17066.492,-17043.78,-17019.188,-17051.223,-17119.316,-17150.164,-17159.33,-17134.654,-17067.219
-16961.479,-16950.361,-17052.846,-17106.2,-17121.258,-17158.332,-17179.771,-17223.064,-17289.188,-17314.785,-17354.252,-17386.195,-17456.246,-17626.88,-17684.342,-17635.94,-17544.742,-17275.604,-16974.719,-16864.102,-16899.988,-16958.014,-17023.176,-17099.572,-17188.232
-17296.78,-17325.918,-17356.379,-17572.39,-17781.46,-17714.803,-17389.377,-17069.893,-16953.33,-16918.768,-17084.514,-17544.111,-17825.271,-17696.027,-17274.99,-16820.037,-16698.01,-16800.352,-16901.969,-17060.104,-17193.71,-17215.057,-17208.79,-17186.938,-17094.78
-16944.006,-16820.932,-16780.84,-16778.9,-16799.295,-16868.75,-16979.236,-17087.783,-17179.85,-17298.969,-17403.223,-17478.555,-17668.244,-17961.254,-18106.002,-18057.316,-18037.21,-18006.672,-17897.527,-17772.633,-17384.125,-16796.111,-16443.469,-16352.577,-16396.633
-16566.04,-16828.031,-17024.604,-17048.938,-17027.076,-17115.926,-17338.248,-17570.217,-17652.244,-17506.096,-17246.176,-17017.838,-16878.012,-16852.918,-16868.293,-16934.428,-17057.207,-17172.135,-17274.39,-17325.662,-17301.955,-17242.25,-17333.867,-17609.191,-17807.354
-17780.375,-17512.633,-17127.414,-16821.182,-16709.725,-16772.375,-16861.6,-16934.285,-17015.127,-17099.85,-17231.293,-17470.902,-17683.86,-17615.678,-17327.273,-17039.414,-16870.67,-16848.152,-16892.238,-16969.818,-17008.662,-17008.244,-17075.484,-17113.344,-17130.11
-17194.45,-17240.87,-17288.545,-17356.336,-17477.697,-17581.998,-17617.102,-17688.766,-17724.521,-17668.959,-17656.582,-17786.17,-17910.451,-17860.918,-17661.898,-17242.77,-16765.303,-16566.047,-16598.1,-16716.066,-16824.197,-16880.057,-16928.812,-16969.674,-16992.666
-16979.129,-16959.291,-16960.633,-16941.412,-16899.072,-16872.441,-16898.47,-16946.584,-17000.523,-17070.156,-17128.906,-17193.773,-17258.709,-17309.537,-17347.197,-17355.494,-17347.455,-17325.615,-17292.457,-17253.666,-17233.037,-17237.615,-17190.11,-17115.418,-17114.941
-17094.34,-16987.06,-16941.045,-16988.262,-17076.383,-17146.908,-17132.186,-17164.37,-17237.984,-17234.637,-17220.773,-17194.902,-17177.102,-17194.87,-17192.504,-17192.76,-17205.668,-17171.074,-17058.28,-16963.736,-16983.09,-17038.55,-17065.379,-17168.152,-17283.22
-17221.482,-17076.762,-16983.764,-16978.088,-17055.164,-17147.508,-17124.785,-16983.773,-17006.174,-17134.037,-17166.994,-17149.43,-16973.248,-16760.38,-16811.803,-17124.543,-17413.291,-17432.799,-17239.611,-16934.562,-16744.85,-16754.125,-16819.256,-17011.86,-17163.586
-17103.055,-16956.111,-16785.758,-16683.121,-16623.541,-16592.053,-16620.75,-16643.314,-16704.197,-16820.475,-17007.955,-17233.355,-17319.03,-17192.688,-16883.832,-16580.924,-16518.537,-16627.43,-16756.08,-16925.215,-17114.412,-17167.309,-17053.688,-16973.555,-16947.951
-16923.523,-16998.24,-17189.705,-17597.281,-17890.473,-17574.984,-16989.766,-16523.512,-16388.459,-16577.861,-16823.28,-17210.014,-17385.75,-17157.873,-17065.416,-17043.662,-17011.05,-17024.719,-16878.27,-16732.104,-16751.479,-16884.629,-16873.918,-16622.043,-16388.201
-16223.124,-16211.081,-16347.795,-16531.035,-16821.97,-17135.053,-17448.545,-17695.822,-17745.352,-17627.793,-17429.787,-17249.822,-16929.014,-16569.977,-16488.531,-16492.107,-16522.795,-16593.72,-16568.113,-16540.617,-16555.03,-16610.494,-16663.803,-16695.436,-16765.71
-16867.37,-17010.488,-17125.354,-17158.432,-17086.32,-16966.793,-16902.736,-16843.818,-16893.111,-17152.797,-17399.857,-17326.77,-17060.799,-16922.605,-16880.72,-17021.344,-17235.904,-17102.44,-16793.676,-16693.488,-16801.734,-16867.094,-16864.736,-17142.387,-17583.615
-17683.994,-17552.11,-17683.965,-17943.375,-17723.139,-17166.318,-16791.023,-16490.773,-16338.156,-16411.69,-16404.71,-16494.74,-16652.297,-16680.469,-16745.193,-16774.678,-16807.19,-16845.41,-16820.371,-16803.023,-16806.752,-16941.047,-17031.258,-17003.916,-16980.05
-16899.008,-16927.766,-17027.797,-17063.072,-17134.422,-17188.146,-17278.023,-17430.889,-17492.34,-17502.91,-17461.78,-17341.332,-17214.02,-17040.816,-16889.97,-16831.795,-16799.36,-16793.81,-16775.98,-16737.756,-16838.47,-17124.59,-17289.43,-17204.379,-17155.832
-17158.428,-17153.953,-17277.336,-17388.281,-17359.074,-17373.02,-17593.318,-17689.742,-17238.514,-16729.438,-16646.518,-16776.475,-16971.355,-16993.979,-16854.73,-16773.8,-16718.775,-16796.83,-16889.428,-17031.764,-17389.215,-17540.871,-17364.111,-17079.412,-16769.201
-16560.545,-16534.01,-16651.768,-16799.25,-16883.799,-16878.184,-16850.525,-16860.402,-16900.326,-16962.232,-17086.5,-17294.984,-17459.623,-17581.486,-17755.365,-17850.16,-17685.717,-17384.156,-17143.322,-16897.977,-16695.135,-16641.55,-16770.916,-17031.162,-17119.752
-17035.53,-16923.824,-16763.236,-16686.506,-16715.885,-16787.334,-16879.928,-16940.932,-17026.06,-17129.195,-17152.326,-17069.752,-16958.375,-16965.348,-17053.943,-17053.662,-16992.742,-16964.955,-16968.162,-17021.861,-17076.158,-17091.791,-17158.44,-17249.12,-17250.965
-17132.156,-17034.05,-17053.1,-17033.412,-16973.646,-16945.982,-16911.492,-16895.523,-16927.828,-17013.58,-17020.363,-16915.055,-16879.322,-16937.643,-17074.39,-17253.312,-17291.914,-17201.385,-17196.688,-17262.004,-17229.445,-17140.113,-17140.842,-17208.656,-17212.932
-17124.48,-16976.21,-16888.713,-16919.062,-16886.764,-16785.746,-16731.723,-16698.19,-16718.852,-16779.783,-16819.627,-16886.02,-16941.623,-16968.521,-17047.607,-17164.625,-17290.918,-17323.855,-17222.07,-17128.506,-17080.654,-17104.895,-17165.223,-17174.418,-17178.945
-17234.729,-17439.682,-17599.643,-17440.285,-17196.848,-17002.812,-16803.781,-16720.037,-16750.027,-16821.148,-16910.46,-16988.04,-17027.209,-17064.78,-17182.834,-17227.88,-17073.576,-16948.025,-16937.867,-16987.156,-17102.78,-17135.752,-17091.926,-16988.045,-16814.826
-16832.125,-16945.248,-17011.6,-17115.922,-17177.676,-17199.926,-17144.39,-17086.986,-17214.834,-17489.441,-17745.047,-17679.797,-17315.523,-17081.596,-17095.89,-17163.137,-17261.738,-17307.154,-17172.037,-17014.533,-16909.89,-16946.994,-17100.79,-17218.074,-17300.443
-17115.547,-16816.59,-16709.877,-16694.775,-16895.648,-17083.346,-16966.016,-16791.883,-16705.898,-16740.518,-16773.963,-16750.875,-16786.477,-16828.264,-16881.348,-16957.463,-17011.365,-17082.787,-17198.506,-17248.492,-17144.117,-17055.375,-17051.887,-17024.918,-17023.79
-17102.205,-17207.535,-17198.973,-17006.64,-16872.213,-16921.152,-16988.836,-17042.365,-17097.15,-17173.957,-17384.072,-17597.521,-17554.902,-17265.912,-16972.936,-16938.39,-17074.94,-17157.123,-17157.123,-16979.947,-16826.482,-16914.648,-17075.752,-17301.006,-17381.904
-17262.781,-17387.338,-17732.412,-17918.596,-17719.39,-17262.414,-16898.92,-16748.602,-16798.47,-16846.309,-16726.283,-16629.664,-16597.146,-16612.572,-16665.732,-16715.455,-16866.08,-16939.092,-16869.146,-16804.848,-16843.72,-17128.574,-17341.861,-17173.65,-16898.965
-16792.045,-16754.848,-16763.31,-16875.648,-16946.098,-16990.408,-17020.95,-17032.748,-17053.346,-17028.053,-17014.453,-16989.34,-16992.982,-17067.348,-17090.766,-17007.068,-16875.021,-16801.53,-16789.88,-16863.436,-16982.04,-17073.87,-17154.57,-17199.707,-17218.209
-17181.719,-17185.041,-17242.252,-17207.832,-17159.502,-17118.13,-17078.51,-17042.217,-16953.504,-16858.176,-16790.195,-16811.564,-16926.23,-16989.182,-16907.883,-16820.457,-16834.582,-16910.164,-17101.95,-17268.453,-17248.473,-17189.635,-17228.867,-17351.068,-17381.113
-17262.719,-17132.58,-17034.64,-16945.602,-16869.107,-16810.883,-16780.064,-16843.246,-16927.26,-16944.795,-17083.826,-17381.81,-17637.25,-17693.78,-17428.998,-16968.74,-16675.682,-16638.691,-16655.746,-16687.797,-16768.506,-16808.754,-16826.793,-16851.002,-16858.402
-16871.553,-16865.752,-16877.768,-16920.568,-16952.574,-16993.236,-17048.025,-17109.88,-17140.324,-17182.701,-17234.055,-17209.943,-17147.11,-17042.865,-16970.979,-16999.498,-17061.064,-17085.756,-16998.705,-16934.514,-16941.615,-16939.564,-16965.873,-16989.775,-17098.178
-17226.695,-17191.473,-17120.406,-17080.441,-17039.018,-17036.164,-17135.71,-17336.633,-17520.463,-17556.375,-17405.186,-17206.639,-17048.324,-16911.547,-16861.291,-16890.928,-16880.42,-16824.898,-16796.217,-16750.926,-16713.123,-16734.264,-16765.502,-16837.473,-16916.934
-16949.24,-16956.43,-16971.393,-17028.57,-17063.484,-17127.309,-17292.607,-17479.068,-17570.293,-17481.027,-17306.27,-17082.88,-16940.635,-16963.795,-16907.951,-16891.938,-17014.285,-17141.484,-17173.3,-17020.184,-17047.693,-17261.41,-17375.414,-17445.217,-17307.1
-17142.953,-17290.627,-17576.613,-17589.416,-17221.543,-17059.48,-17083.613,-16890.615,-16763.158,-16683.977,-16612.57,-16662.75,-16723.775,-16854.791,-17022.332,-17142.033,-17108.6,-17005.316,-16987.488,-16849.844,-16715.902,-16674.04,-16642.186,-16814.662,-17032.396
-17095.494,-17106.701,-17119.12,-17100.707,-17069.076,-17092.53,-17069.006,-17001.24,-16968.209,-16915.846,-16912.684,-16943.066,-16925.78,-16906.719,-16915.588,-16926.828,-16931.82,-17037.316,-17215.725,-17366.736,-17469.025,-17410.18,-17273.451,-17165.375,-17070.947
-17081.537,-17122.408,-17094.395,-17070.924,-17147.107,-17250.523,-17128.777,-16828.367,-16672.78,-16732.209,-16909.082,-17209.305,-17478.549,-17476.164,-17236.72,-17037.188,-17041.102,-17010.225,-16865.805,-16812.879,-16871.377,-17114.658,-17535.232,-17805.977,-17905.521
-17949.39,-17578.88,-16897.46,-16470.25,-16296.08,-16323.047,-16495.318,-16617.076,-16730.48,-16812.088,-16872.285,-16939.104,-16981.385,-17116.877,-17299.254,-17408.727,-17431.865,-17274.65,-16977.582,-16827.072,-16812.682,-16796.518,-16957.36,-17175.508,-17248.312
-17342.139,-17729.67,-18369.344,-18451.807,-17873.633,-17447.504,-17040.717,-16632.926,-16622.896,-16634.578,-16596.766,-16622.424,-16597.367,-16603.006,-16554.252,-16600.19,-16725.604,-16824.07,-17167.816,-17575.307,-17801.148,-17705.79,-17394.63,-17141.031,-16810.105
-16630.443,-16823.93,-17153.412,-17274.06,-17096.186,-17023.03,-17031.602,-16989.783,-16981.115,-16914.617,-16862.104,-16856.43,-16940.725,-17039.477,-16994.787,-16872.898,-16749.38,-16779.215,-16836.744,-16805.19,-16940.898,-17350.027,-17806.885,-17828.096,-17505.957
-17258.787,-16997.865,-16838.145,-16845.479,-16779.057,-16744.268,-16805.258,-16945.15,-17173.338,-17269.098,-17151.365,-16905.883,-16688.48,-16629.139,-16684.898,-16824.242,-16987.393,-17221.836,-17459.855,-17410.826,-17270.637,-17249.996,-17125.81,-16978.412,-16932.656
-16865.31,-16835.01,-16870.96,-16872.121,-16810.1,-16785.123,-16825.37,-16808.486,-16808.75,-16845.195,-16880.46,-17089.1,-17540.77,-18046.295,-18206.52,-17938.385,-17496.732,-17043.795,-16748.748,-16631.207,-16673.512,-16843.145,-17038.895,-17295.678,-17526.65
-17518.102,-17170.002,-16784.854,-16708.904,-16812.031,-16908.658,-16880.246,-16807.006,-16845.959,-16980.994,-17337.727,-17758.227,-17915.668,-17804.32,-17395.494,-16923.67,-16697.596,-16601.473,-16624.621,-16734.566,-16802.975,-16910.207,-17016.207,-16990.979,-16872.465
-16848.807,-16890.83,-16880.572,-16887.152,-16835.871,-16791.67,-16852.328,-16936.3,-17026.227,-17019.55,-16990.758,-17060.87,-17231.117,-17467.861,-17516.537,-17425.568,-17396.19,-17287.578,-17065.145,-16906.137,-16934.68,-17016.896,-17001.488,-16969.55,-16918.936
-16876.314,-16899.232,-16889.098,-16883.113,-16907.621,-16914.32,-16929.51,-16914.232,-16894.496,-16879.031,-16861.238,-16885.37,-16899.59,-16954.879,-17089.822,-17259.53,-17361.008,-17274.36,-17135.729,-17026.264,-16967.621,-17052.008,-17192.844,-17224.338,-17132.445
-17113.445,-17177.852,-17195.242,-17161.566,-17101.266,-17159.605,-17296.656,-17295.48,-17189.986,-17121.686,-17043.486,-16895.768,-16812.857,-16787.287,-16774.76,-16809.34,-16842.135,-16879.824,-16914.293,-16959.9,-17010.35,-17039.58,-17062.805,-17062.424,-17101.945
-17150.41,-17146.672,-17128.209,-17069.764,-16972.447,-16901.557,-16920.637,-17024.615,-17206.99,-17336.473,-17295.922,-17350.37,-17537.232,-17631.797,-17670.693,-17678.562,-17590.744,-17307.615,-16889.312,-16589.441,-16490.867,-16597.064,-16774.05,-16826.418,-16825.775
-16884.299,-17039.707,-17224.518,-17358.81,-17506.496,-17547.418,-17333.283,-16947.229,-16608.889,-16554.404,-16651.197,-16748.496,-16874.969,-16982.215,-17107.2,-17154.895,-17091.533,-17026.715,-16975.43,-16980.363,-17023.715,-17161.64,-17271.365,-17141.178,-16922.834
-16761.436,-16756.842,-16938.232,-17268.38,-17638.207,-17703.797,-17473.785,-17285.623,-17212.96,-17157.139,-17029.959,-16901.24,-16942.914,-17069.053,-17109.498,-17071.168,-17058.553,-17169.516,-17217.186,-17064.54,-16892.535,-16753.553,-16657.824,-16691.361,-16842.686
-17032.254,-17193.473,-17299.854,-17361.488,-17347.465,-17205.406,-17101.256,-17184.695,-17306.457,-17328.871,-17255.234,-17089.426,-16997.178,-17105.193,-17110.46,-16968.047,-16930.51,-16919.023,-16878.979,-16829.9,-16834.268,-17052.164,-17412.732,-17610.4,-17513.352
-17319.158,-16984.06,-16613.209,-16597.156,-16654.152,-16645.23,-16778.898,-16871.516,-16920.324,-17028.625,-17116.154,-17109.602,-17043.812,-17018.39,-17009.752,-17004.479,-17020.023,-17127.082,-17357.713,-17602.498,-17753.19,-17668.53,-17475.861,-17418.582,-17429.91
-17328.102,-17001.736,-16694.7,-16609.562,-16602.426,-16690.705,-16796.574,-16807.37,-16853.918,-16925.824,-16969.67,-16973.252,-16917.54,-16881.684,-16907.465,-16945.264,-16953.814,-16965.652,-16992.713,-17000.46,-17090.766,-17312.08,-17442.443,-17464.412,-17581.314
-17639.604,-17544.94,-17433.438,-17219.494,-17014.105,-16962.795,-16947.273,-16954.787,-16972.658,-17041.531,-17024.605,-16801.396,-16663.86,-16645.135,-16716.254,-16901.438,-17024.96,-17042.074,-17000.193,-17033.605,-17159.406,-17228.277,-17136.4,-16972.162,-16945.111
-16965.43,-17010.615,-17141.213,-17221.752,-17234.307,-17188.752,-17109.986,-17069.205,-17067.871,-17004.514,-16896.332,-16883.615,-16893.064,-16915.625,-16980.809,-17056.797,-17167.197,-17204.482,-17155.705,-17093.904,-17044.66,-17054.93,-17069.541,-17025.436,-16968.928
-16941.322,-16938.05,-16970.162,-17033.537,-17147.21,-17284.082,-17395.15,-17488.016,-17461.748,-17408.332,-17524.596,-17739.857,-17883.049,-17731.053,-17419.334,-17213.418,-17045.725,-17017.586,-17053.787,-16984.807,-17013.166,-17114.89,-17157.336,-17159.291,-17175.98
-17085.197,-16755.348,-16553.543,-16613.885,-16753.223,-16984.55,-17176.709,-17159.81,-17016.645,-16958.5,-16911.63,-16835.943,-16843.496,-16821.346,-16840.912,-16891.355,-16907.22,-16969.803,-16983.682,-16998.115,-17008.71,-16989.771,-17004.344,-16991.447,-16990.953
-16987.498,-16973.467,-16986.33,-17008.621,-17058.23,-17139.898,-17317.947,-17472.344,-17454.482,-17432.895,-17385.8,-17175.924,-17006.842,-16952.111,-16915.566,-16981.309,-17091.572,-17185.682,-17294.738,-17270.512,-17105.186,-16954.92,-16822.725,-16715.879,-16777.555
-16977.078,-17193.053,-17322.363,-17208.307,-17008.525,-16911.63,-16887.432,-16918.885,-16961.559,-17008.31,-17040.38,-17083.125,-17115.357,-17088.076,-17151.527,-17331.797,-17464.506,-17503.354,-17631.502,-17743.166,-17495.682,-17086.928,-16767.98,-16592.861,-16643.746
-16918.557,-17412.86,-17657.93,-17381.885,-17115.682,-17009.418,-16902.844,-16850.025,-16845.426,-16829.875,-16832.734,-16917.805,-16909.764,-16816.506,-16826.377,-16819.012,-16815.775,-16899.55,-16971.363,-17007.729,-17056.63,-17172.611,-17267.73,-17272.553,-17260.56
-17262.584,-17297.873,-17274.633,-17099.168,-16902.188,-16781.568,-16742.05,-16776.34,-16826.482,-16869.568,-16894.086,-16928.018,-16986.562,-17025.299,-17101.213,-17218.957,-17307.494,-17333.13,-17260.523,-17135.246,-17030.523,-16974.898,-16953.045,-16958.113,-16985.115
-16979.66,-16949.525,-16935.887,-16944.232,-16980.867,-17066.174,-17170.611,-17244.412,-17257.896,-17164.904,-17077.834,-17104.217,-17188.797,-17298.436,-17358.05,-17369.95,-17391.814,-17335.14,-17135.713,-16960.553,-17055.973,-17218.123,-17125.447,-16968.516,-16892.545
-16827.373,-16830.213,-16837.533,-16828.227,-16901.3,-16953.918,-16952.947,-16945.74,-16944.025,-16955.861,-16932.896,-16942.197,-16955.55,-16938.447,-16996.508,-17077.547,-17123.168,-17117.457,-17072.33,-17027.8,-17003.646,-17047.36,-17104.787,-17139.1,-17232.918
-17435.998,-17595.992,-17522.418,-17328.936,-17177.004,-17072.297,-16983.926,-16938.691,-16956.87,-16977.11,-17066.455,-17122.496,-16975.53,-16878.338,-16916.38,-16972.723,-17073.957,-17091.762,-16975.66,-16866.598,-16800.152,-16768.334,-16776.318,-16811.695,-16854.729
-16888.895,-16932.459,-17025.094,-17095.877,-17042.225,-16985.377,-16997.504,-17014.693,-17073.762,-17112.348,-17085.25,-17074.936,-17098.354,-17188.574,-17349.611,-17547.357,-17748.86,-17888.414,-17948.096,-17790.346,-17316.555,-16858.281,-16733.584,-17100.414,-17987.912
-18623.562,-18350.477,-17579.477,-16694.713,-16056.705,-16017.841,-16235.518,-16445.604,-16615.37,-16687.156,-16709.11,-16657.725,-16758.836,-17107.848,-17321.793,-17208.277,-16862.598,-16456.467,-16170.485,-16113.956,-16247.336,-16529.143,-16806.238,-16808.03,-16743.295
-16735.871,-16676.518,-16741.723,-16808.658,-16778.459,-16772.07,-16719.258,-16659.723,-16645.262,-16702.266,-16866.74,-17092.883,-17320.162,-17403.818,-17263.617,-17112.38,-17340.383,-17723.682,-17557.367,-17047.184,-16776.443,-16796.074,-17108.52,-17295.889,-17064.852
-16878.762,-16807.764,-16828.377,-16901.896,-16684.023,-16448.76,-16425.398,-16381.769,-16369.451,-16624.46,-17003.137,-17183.834,-17387.879,-17543.734,-17227.727,-16788.768,-16572.783,-16548.05,-16745.96,-16957.695,-16990.219,-16928.057,-16900.053,-16974.51,-17007.484
-16923.191,-16740.623,-16461.637,-16416.025,-16704.06,-17019.912,-17232.254,-17529.102,-17850.617,-17647.365,-17295.697,-17436.959,-17868.566,-18240.816,-17859.494,-16896.072,-16263.344,-16144.435,-16531.09,-16967.01,-17049.94,-16908.857,-16658.5,-16493.77,-16396.598
-16355.39,-16400.502,-16436.857,-16550.574,-16826.55,-17198.617,-17435.336,-17380.273,-17170.13,-17123.27,-17467.08,-17959.293,-18148.133,-17977.637,-17703.11,-17393.408,-16961.188,-16525.953,-16310.045,-16277.9375,-16304.99,-16470.943,-16871.785,-17377.266,-17638.307
-17631.072,-17828.436,-18231.656,-18231.258,-17587.145,-16628.662,-16000.317,-16049.63,-16464.871,-17141.031,-17804.701,-17775.97,-17277.629,-16866.297,-16623.715,-16564.387,-16656.281,-16958.697,-17387.582,-17629.252,-17657.242,-17582.428,-17424.893,-17090.178,-16698.186
-16630.494,-16735.512,-16655.451,-16475.967,-16430.264,-16581.35,-16805.936,-16981.027,-17099.938,-17231.264,-17304.283,-17386.506,-17684.17,-17847.629,-17416.826,-16810.617,-16657.492,-16735.672,-16761.586,-16691.557,-16467.676,-16380.258,-16600.32,-16984.941,-17240.508
-17433.408,-17921.533,-18450.346,-18547.594,-18020.46,-17257.455,-16736.775,-16445.176,-16484.209,-16708.57,-16780.701,-16798.73,-16852.475,-16859.736,-16828.248,-16748.38,-16641.406,-16688.582,-16948.352,-17627.4,-18697.879,-19348.887,-19188.102,-18314.56,-16981.184
-16105.861,-15943.192,-15942.83,-16177.425,-16487.426,-16546.854,-16670.797,-17109.95,-17758.729,-17908.402,-17294.924,-16680.11,-16384.0,-16349.878,-16479.715,-16596.488,-16738.639,-16877.096,-16996.152,-17091.014,-17172.818,-17325.662,-17323.115,-17112.73,-16982.459
-16947.393,-16929.309,-16898.256,-16830.908,-16815.719,-16897.938,-17081.588,-17306.135,-17384.154,-17401.248,-17534.62,-17462.99,-17077.03,-16805.287,-16735.955,-16749.965,-16883.607,-17092.027,-17419.63,-17983.072,-18517.332,-18523.203,-17905.07,-17030.984,-16436.506
-16384.736,-16567.979,-16814.16,-17124.248,-17236.443,-17241.393,-17246.393,-17052.906,-16849.922,-16836.947,-16884.54,-16870.44,-16779.746,-16726.555,-16806.441,-17064.379,-17399.395,-17463.965,-17197.56,-16925.275,-16800.352,-16795.445,-16880.283,-17056.418,-17308.332
-17550.63,-17798.44,-17930.598,-17746.639,-17337.504,-16856.092,-16567.768,-16556.596,-16603.74,-16757.896,-16862.967,-16820.195,-16960.297,-17112.637,-17084.328,-17064.592,-17084.303,-17156.854,-17328.656,-17655.998,-17914.416,-17664.51,-17090.83,-16724.557,-16759.143
-17108.104,-17450.86,-17604.508,-17608.207,-17374.066,-17026.867,-16770.6,-16715.752,-16977.844,-17297.975,-17462.158,-17392.56,-17069.033,-16883.744,-16976.445,-17125.43,-17359.396,-17704.605,-17686.44,-17121.268,-16668.896,-16533.99,-16501.736,-16628.508,-16791.174
-16920.979,-17019.357,-17089.467,-17230.998,-17314.053,-17268.291,-17131.436,-16970.94,-16982.945,-17061.576,-17014.19,-16950.504,-16975.627,-17075.477,-17153.469,-17148.885,-17159.768,-17205.596,-17261.41,-17349.607,-17392.129,-17409.38,-17586.988,-17922.201,-17900.584
