0.0,-4074.1697,-13861.729,-15939.192,-12210.874,-16944.137,-16413.742,-13315.7295,-17219.719,-15050.015,-15755.561,-17555.951,-15751.454,-18303.223,-17305.883,-17847.96,-18667.025,-17406.82,-18683.783,-17330.096,-17569.793,-17226.244,-16292.084,-16714.006,-15561.333
-15952.547,-15522.293,-15488.122,-15917.352,-15671.541,-16451.404,-16429.967,-17001.19,-17373.725,-17498.453,-17975.547,-17814.645,-18024.033,-17792.082,-17584.797,-17411.334,-16959.316,-16766.754,-16319.918,-16113.48,-15898.366,-15732.665,-15799.247,-15823.998,-16091.711
-16305.519,-16595.049,-16912.871,-17155.156,-17442.285,-17602.72,-17756.814,-17767.3,-17661.652,-17511.932,-17261.982,-17010.31,-16720.389,-16475.105,-16250.878,-16083.548,-16024.241,-16005.237,-16088.793,-16232.302,-16441.416,-16683.154,-16911.652,-17146.447,-17326.262
-17477.133,-17555.988,-17540.906,-17472.44,-17325.736,-17139.836,-16933.275,-16728.227,-16547.0,-16389.637,-16269.264,-16184.282,-16173.989,-16244.84,-16368.323,-16527.467,-16706.873,-16905.387,-17089.674,-17240.227,-17346.182,-17392.58,-17394.875,-17337.732,-17226.703
-17083.953,-16909.658,-16746.133,-16600.334,-16458.889,-16365.125,-16329.726,-16325.882,-16372.622,-16479.627,-16599.54,-16728.816,-16876.63,-17016.598,-17123.234,-17189.258,-17238.85,-17246.018,-17221.654,-17190.32,-17092.967,-16965.486,-16849.936,-16740.426,-16640.328
-16531.666,-16477.049,-16496.16,-16539.518,-16607.322,-16680.734,-16763.541,-16867.348,-16962.785,-17048.299,-17116.111,-17138.996,-17128.201,-17105.268,-17061.113,-16990.506,-16926.723,-16874.23,-16807.953,-16751.111,-16698.605,-16648.344,-16656.729,-16697.5,-16721.797
-16743.922,-16780.35,-16854.24,-16949.979,-17023.807,-17064.914,-17085.73,-17106.96,-17088.508,-17015.588,-16947.39,-16869.512,-16792.87,-16741.455,-16685.096,-16660.693,-16656.977,-16669.668,-16719.107,-16744.396,-16779.588,-16836.941,-16883.854,-16948.28,-16979.094
-16991.54,-17026.303,-17015.455,-16981.855,-16953.463,-16915.059,-16897.59,-16871.488,-16836.629,-16819.256,-16807.969,-16845.863,-16908.443,-16924.62,-16906.477,-16921.111,-16961.664,-16932.697,-16896.508,-16910.775,-16910.777,-16906.986,-16892.842,-16868.664,-16851.695
-16859.832,-16890.783,-16872.564,-16851.002,-16847.584,-16819.12,-16806.35,-16841.83,-16961.004,-17080.473,-17093.451,-17036.287,-16980.309,-16973.207,-16930.018,-16869.943,-16889.303,-16906.174,-16925.701,-16947.791,-16971.344,-17021.656,-16980.906,-16914.35,-16884.137
-16845.725,-16852.535,-16847.537,-16832.3,-16835.719,-16830.63,-16854.975,-16866.764,-16873.707,-16881.498,-16857.041,-16866.523,-16901.14,-16931.443,-16904.842,-16830.596,-16900.725,-17003.012,-16947.385,-16939.06,-16991.604,-16964.393,-16933.576,-16896.662,-16885.523
-16901.748,-16855.578,-16819.146,-16810.82,-16802.629,-16761.086,-16697.184,-16705.752,-16747.295,-16817.908,-16892.865,-16893.963,-16862.162,-16821.52,-16824.102,-16875.797,-16878.863,-16849.2,-16845.37,-16839.373,-16826.68,-16808.719,-16767.14,-16743.68,-16737.236
-16723.514,-16726.127,-16723.6,-16714.582,-16792.475,-16878.062,-16846.812,-16896.541,-17000.738,-16950.14,-16887.621,-16897.324,-16937.23,-16957.188,-16892.43,-16829.729,-16813.426,-16763.988,-16686.916,-16657.354,-16640.78,-16626.746,-16665.184,-16704.14,-16729.023
-16761.889,-16778.9,-16811.998,-16929.797,-17025.256,-16985.326,-16948.027,-16951.344,-16942.252,-16915.01,-16807.648,-16716.844,-16758.686,-16855.945,-16868.938,-16789.168,-16727.898,-16675.56,-16663.844,-16699.91,-16686.498,-16722.02,-16801.352,-16831.266,-16874.129
-16905.17,-16876.646,-16834.418,-16883.04,-16982.822,-16963.012,-16878.332,-16822.148,-16770.766,-16735.646,-16719.117,-16716.826,-16717.408,-16707.14,-16693.482,-16687.209,-16704.625,-16754.783,-16844.246,-16930.686,-16955.38,-16921.834,-16859.873,-16824.793,-16821.664
-16792.146,-16797.951,-16859.646,-16858.38,-16786.266,-16663.24,-16572.51,-16606.047,-16663.424,-16701.441,-16714.86,-16749.816,-16839.975,-16852.596,-16839.059,-16858.74,-16862.775,-16900.896,-16878.098,-16772.705,-16757.914,-16800.861,-16786.447,-16723.328,-16670.41
-16649.53,-16638.066,-16651.285,-16680.846,-16749.826,-16830.139,-16794.494,-16715.904,-16684.018,-16692.969,-16707.809,-16687.633,-16729.271,-16747.828,-16706.67,-16744.432,-16756.275,-16779.906,-16845.855,-16834.922,-16793.652,-16692.928,-16609.393,-16630.535,-16675.162
-16736.602,-16781.322,-16821.434,-16805.406,-16727.215,-16727.643,-16719.531,-16722.807,-16793.133,-16771.0,-16679.162,-16636.63,-16691.191,-16770.158,-16770.018,-16704.62,-16651.97,-16661.098,-16636.564,-16653.496,-16735.473,-16692.506,-16730.613,-16871.443,-16867.71
-16892.895,-16926.83,-16746.46,-16558.795,-16561.914,-16607.883,-16670.393,-16757.94,-16770.83,-16780.385,-16764.527,-16729.234,-16747.084,-16732.62,-16660.635,-16568.428,-16590.953,-16673.885,-16691.758,-16741.408,-16762.041,-16724.89,-16715.871,-16771.516,-16824.236
-16748.037,-16672.273,-16730.566,-16790.002,-16739.264,-16642.498,-16564.902,-16578.129,-16649.902,-16635.293,-16628.447,-16646.863,-16610.918,-16601.887,-16663.297,-16802.256,-16819.975,-16703.178,-16703.54,-16685.604,-16632.334,-16695.617,-16775.572,-16751.867,-16626.451
-16620.664,-16636.23,-16485.51,-16451.91,-16535.11,-16577.348,-16595.102,-16566.941,-16597.8,-16709.719,-16771.992,-16730.611,-16672.861,-16676.773,-16701.197,-16742.982,-16765.059,-16763.156,-16732.371,-16571.957,-16451.912,-16518.154,-16612.684,-16647.758,-16659.988
-16680.984,-16662.299,-16620.906,-16593.682,-16577.11,-16616.422,-16622.885,-16632.463,-16730.818,-16799.01,-16824.773,-16803.53,-16754.895,-16733.855,-16687.373,-16593.824,-16506.549,-16529.336,-16561.346,-16529.176,-16582.555,-16628.207,-16616.803,-16647.371,-16664.771
-16676.812,-16671.064,-16618.814,-16604.887,-16649.47,-16685.271,-16666.008,-16662.648,-16667.451,-16609.057,-16604.852,-16688.92,-16769.256,-16798.453,-16733.344,-16651.457,-16662.15,-16685.164,-16650.457,-16647.58,-16630.441,-16564.992,-16567.59,-16546.564,-16506.205
-16569.137,-16601.104,-16586.904,-16595.895,-16570.697,-16591.018,-16682.762,-16701.174,-16646.027,-16602.209,-16597.832,-16657.596,-16764.574,-16875.604,-16902.188,-16791.854,-16652.984,-16558.33,-16509.857,-16509.945,-16546.975,-16590.207,-16570.025,-16535.098,-16549.973
-16568.03,-16569.928,-16560.477,-16561.85,-16573.816,-16615.982,-16665.316,-16650.6,-16699.09,-16820.318,-16823.285,-16765.969,-16740.121,-16659.672,-16589.22,-16580.705,-16546.885,-16608.133,-16719.11,-16714.428,-16739.08,-16727.377,-16614.293,-16570.354,-16531.832
-16489.393,-16542.287,-16625.652,-16711.209,-16841.424,-16874.152,-16740.992,-16672.432,-16665.69,-16639.832,-16646.174,-16618.756,-16596.766,-16600.576,-16617.455,-16651.219,-16660.924,-16677.092,-16661.13,-16666.553,-16694.26,-16630.375,-16613.107,-16653.732,-16613.889
-16566.271,-16565.795,-16633.107,-16761.725,-16790.936,-16695.826,-16595.34,-16595.184,-16680.479,-16675.873,-16647.37,-16695.58,-16693.629,-16641.045,-16623.201,-16637.85,-16668.365,-16745.992,-16804.781,-16761.402,-16685.01,-16629.492,-16609.164,-16615.436,-16662.02
-16726.54,-16726.07,-16749.334,-16806.102,-16801.2,-16755.252,-16668.41,-16609.943,-16581.31,-16530.818,-16545.332,-16613.838,-16673.916,-16696.014,-16690.473,-16701.863,-16710.701,-16694.654,-16685.666,-16741.648,-16776.684,-16765.012,-16809.064,-16831.135,-16824.404
-16816.438,-16725.441,-16615.434,-16576.486,-16604.62,-16651.549,-16656.287,-16615.62,-16572.1,-16582.91,-16643.307,-16643.113,-16591.143,-16562.402,-16523.277,-16539.979,-16592.674,-16602.098,-16632.812,-16622.0,-16608.523,-16733.44,-16895.334,-16896.877,-16784.234
-16728.918,-16589.291,-16429.633,-16463.445,-16504.58,-16526.51,-16551.879,-16539.678,-16585.406,-16640.922,-16633.406,-16606.49,-16635.658,-16623.1,-16590.297,-16629.693,-16581.582,-16572.47,-16658.178,-16684.23,-16699.695,-16719.67,-16788.127,-16830.367,-16748.875
-16653.787,-16645.81,-16683.996,-16689.152,-16716.002,-16685.137,-16592.17,-16539.66,-16467.016,-16505.523,-16648.465,-16745.676,-16790.834,-16720.55,-16654.979,-16673.174,-16678.248,-16688.291,-16726.922,-16762.977,-16716.213,-16661.105,-16719.662,-16766.277,-16736.098
-16692.367,-16686.955,-16733.799,-16731.164,-16695.898,-16740.314,-16795.611,-16792.713,-16722.793,-16605.656,-16584.41,-16626.102,-16609.943,-16613.441,-16609.084,-16584.047,-16612.396,-16625.84,-16637.81,-16665.705,-16667.291,-16677.521,-16695.033,-16700.74,-16667.154
-16652.613,-16716.855,-16703.754,-16630.479,-16665.787,-16693.635,-16646.922,-16655.3,-16678.238,-16630.488,-16616.176,-16667.06,-16683.18,-16678.4,-16675.072,-16692.283,-16724.701,-16696.666,-16672.307,-16655.555,-16620.791,-16624.06,-16608.035,-16579.383,-16585.656
-16637.545,-16684.135,-16669.064,-16703.508,-16765.256,-16727.4,-16614.969,-16563.406,-16649.139,-16685.56,-16595.318,-16590.928,-16661.342,-16609.514,-16530.248,-16578.691,-16665.547,-16721.957,-16739.36,-16676.656,-16593.422,-16613.387,-16670.959,-16668.186,-16664.191
-16642.975,-16619.756,-16636.088,-16678.514,-16709.285,-16588.592,-16493.066,-16586.572,-16624.045,-16616.053,-16634.547,-16613.89,-16609.781,-16593.533,-16585.725,-16617.871,-16645.852,-16667.574,-16648.387,-16630.176,-16601.297,-16561.697,-16594.758,-16628.596,-16682.955
-16766.459,-16789.98,-16797.44,-16804.387,-16811.512,-16769.865,-16661.863,-16582.916,-16554.03,-16622.035,-16736.254,-16795.258,-16775.027,-16671.367,-16636.053,-16701.58,-16780.758,-16833.686,-16864.752,-16904.223,-16852.865,-16782.248,-16749.738,-16679.86,-16655.457
-16673.768,-16695.44,-16719.994,-16763.672,-16821.373,-16859.037,-16892.35,-16897.703,-16863.09,-16801.018,-16785.648,-16782.754,-16773.486,-16828.25,-16806.568,-16754.965,-16751.918,-16731.004,-16721.49,-16704.508,-16719.064,-16734.656,-16747.402,-16815.002,-16816.47
-16719.53,-16637.512,-16653.62,-16686.812,-16676.805,-16698.328,-16771.852,-16833.416,-16793.877,-16740.707,-16734.502,-16703.85,-16658.232,-16647.777,-16714.787,-16766.24,-16794.383,-16866.922,-16885.541,-16834.371,-16795.014,-16805.824,-16781.244,-16717.867,-16731.656
-16765.078,-16794.008,-16802.121,-16745.754,-16729.094,-16751.377,-16744.752,-16731.863,-16727.76,-16747.957,-16782.691,-16821.623,-16860.533,-16844.664,-16816.479,-16794.605,-16726.395,-16701.047,-16679.852,-16641.264,-16710.2,-16773.68,-16749.22,-16707.977,-16733.016
-16791.238,-16761.434,-16726.502,-16719.363,-16739.162,-16737.137,-16677.52,-16713.422,-16726.033,-16703.7,-16720.65,-16670.65,-16670.195,-16705.826,-16713.363,-16737.0,-16755.99,-16778.09,-16804.182,-16819.707,-16763.53,-16706.264,-16689.336,-16676.285,-16760.076
-16812.484,-16749.814,-16679.654,-16588.496,-16562.996,-16596.492,-16597.51,-16681.52,-16759.672,-16721.191,-16695.74,-16665.89,-16640.316,-16640.71,-16623.787,-16697.953,-16798.43,-16773.51,-16716.482,-16767.445,-16822.78,-16735.635,-16663.826,-16586.596,-16439.012
-16433.076,-16499.285,-16605.926,-16743.35,-16719.861,-16671.412,-16619.812,-16511.932,-16517.994,-16548.887,-16531.115,-16562.611,-16633.277,-16661.291,-16605.32,-16567.527,-16593.088,-16628.1,-16641.703,-16616.674,-16600.387,-16610.84,-16631.326,-16638.922,-16633.748
-16670.773,-16704.453,-16655.908,-16582.086,-16599.01,-16692.473,-16754.564,-16749.533,-16709.408,-16668.893,-16655.24,-16701.332,-16756.586,-16803.047,-16857.162,-16833.855,-16768.574,-16712.738,-16667.318,-16656.115,-16637.594,-16636.576,-16638.57,-16608.041,-16585.156
-16575.338,-16588.205,-16610.518,-16669.496,-16753.818,-16762.363,-16745.084,-16761.297,-16731.963,-16704.744,-16809.57,-16962.22,-17015.72,-16934.049,-16832.992,-16810.955,-16764.771,-16754.621,-16767.576,-16700.678,-16710.629,-16733.018,-16735.303,-16764.49,-16725.43
-16703.516,-16691.207,-16675.152,-16661.586,-16613.562,-16627.041,-16672.377,-16717.29,-16775.602,-16798.982,-16766.604,-16716.36,-16738.629,-16810.275,-16827.91,-16761.11,-16699.072,-16677.748,-16661.799,-16733.723,-16858.879,-16877.125,-16779.193,-16742.914,-16855.867
-16914.033,-16829.752,-16715.871,-16628.559,-16627.393,-16723.898,-16777.553,-16686.36,-16602.71,-16608.33,-16580.967,-16560.004,-16597.719,-16640.395,-16683.766,-16713.99,-16738.879,-16743.445,-16714.53,-16712.943,-16727.225,-16727.566,-16695.113,-16642.06,-16632.432
-16607.168,-16558.623,-16567.877,-16586.193,-16593.178,-16627.377,-16676.432,-16698.875,-16673.184,-16614.494,-16517.793,-16455.037,-16490.344,-16548.734,-16601.207,-16622.752,-16641.338,-16745.871,-16811.078,-16796.254,-16789.87,-16746.162,-16727.268,-16726.78,-16687.977
-16697.236,-16695.59,-16662.623,-16663.26,-16688.875,-16673.95,-16611.305,-16612.383,-16590.412,-16533.357,-16518.451,-16494.545,-16534.336,-16601.738,-16639.44,-16639.473,-16606.01,-16632.559,-16676.602,-16746.945,-16823.043,-16836.88,-16796.826,-16668.783,-16611.596
-16673.977,-16710.336,-16734.49,-16735.217,-16693.008,-16627.36,-16584.398,-16602.512,-16648.33,-16740.68,-16815.86,-16809.426,-16749.885,-16648.494,-16629.34,-16686.832,-16716.436,-16743.246,-16726.387,-16723.96,-16777.662,-16792.885,-16793.984,-16775.885,-16757.275
-16760.828,-16733.86,-16732.166,-16738.773,-16695.148,-16663.887,-16684.34,-16729.025,-16771.24,-16811.043,-16791.42,-16708.2,-16663.842,-16700.857,-16782.242,-16830.182,-16889.129,-16960.033,-16880.793,-16690.438,-16556.605,-16533.455,-16563.664,-16613.365,-16682.426
-16719.643,-16724.068,-16735.23,-16774.229,-16804.56,-16814.71,-16812.906,-16778.846,-16775.37,-16796.777,-16760.666,-16706.898,-16707.883,-16696.342,-16651.654,-16643.533,-16631.342,-16632.658,-16659.633,-16665.09,-16678.242,-16678.2,-16660.086,-16653.408,-16647.031
-16651.902,-16673.441,-16686.98,-16693.46,-16684.209,-16632.719,-16603.096,-16603.229,-16576.307,-16581.156,-16617.121,-16625.408,-16617.29,-16619.816,-16674.42,-16745.832,-16751.809,-16714.238,-16705.564,-16721.146,-16657.236,-16537.404,-16533.389,-16589.225,-16578.83
-16591.598,-16627.365,-16631.924,-16644.768,-16648.383,-16653.938,-16669.396,-16663.492,-16669.572,-16710.725,-16739.33,-16714.639,-16682.434,-16669.957,-16677.879,-16718.15,-16739.947,-16715.248,-16681.172,-16703.574,-16788.29,-16840.777,-16831.594,-16784.146,-16725.387
-16711.182,-16685.906,-16691.373,-16852.709,-16960.605,-16909.67,-16841.072,-16804.293,-16838.959,-16830.191,-16748.805,-16720.422,-16741.682,-16779.139,-16768.143,-16776.215,-16816.812,-16807.205,-16830.695,-16895.594,-16965.287,-16948.969,-16869.082,-16860.938,-16833.93
-16791.281,-16787.115,-16790.447,-16783.877,-16747.121,-16724.111,-16722.924,-16743.871,-16776.95,-16836.996,-16893.209,-16852.146,-16795.258,-16806.33,-16851.37,-16824.172,-16775.584,-16817.148,-16847.357,-16884.01,-16926.184,-16928.166,-16948.72,-16918.639,-16823.994
-16744.752,-16765.621,-16878.268,-16946.098,-16930.096,-16861.85,-16836.064,-16856.588,-16833.871,-16835.57,-16857.834,-16813.676,-16728.291,-16688.992,-16723.248,-16742.512,-16738.2,-16758.01,-16789.89,-16823.549,-16819.836,-16795.69,-16806.834,-16822.377,-16822.645
-16814.3,-16807.5,-16832.055,-16839.484,-16781.514,-16742.621,-16761.225,-16785.479,-16843.143,-16910.55,-16880.701,-16783.5,-16718.107,-16702.996,-16686.57,-16636.67,-16642.451,-16740.684,-16782.824,-16753.846,-16761.271,-16757.484,-16730.074,-16721.092,-16736.273
-16778.428,-16738.66,-16638.455,-16633.04,-16710.486,-16821.154,-16948.14,-17020.764,-16928.938,-16774.72,-16734.508,-16711.15,-16660.293,-16623.045,-16610.582,-16661.84,-16699.398,-16693.469,-16702.59,-16722.492,-16743.178,-16751.236,-16704.545,-16636.602,-16615.393
-16606.533,-16597.959,-16599.459,-16601.121,-16646.42,-16738.969,-16837.713,-16856.385,-16765.348,-16733.852,-16792.834,-16787.77,-16762.69,-16768.025,-16722.127,-16658.703,-16603.717,-16577.465,-16651.465,-16723.875,-16707.775,-16664.572,-16638.807,-16657.873,-16663.176
-16626.307,-16606.076,-16596.266,-16642.49,-16723.16,-16742.064,-16725.877,-16703.87,-16725.566,-16763.186,-16763.617,-16815.6,-16898.912,-16940.387,-16872.518,-16709.273,-16642.498,-16648.127,-16681.416,-16784.602,-16806.56,-16782.455,-16786.176,-16720.361,-16673.967
-16725.543,-16749.072,-16708.959,-16686.422,-16660.484,-16685.562,-16734.727,-16687.58,-16718.666,-16827.541,-16870.729,-16864.475,-16832.787,-16815.879,-16747.586,-16681.729,-16717.455,-16772.994,-16764.43,-16713.234,-16696.422,-16708.484,-16788.312,-16817.615,-16730.854
-16739.145,-16771.234,-16736.514,-16704.525,-16696.484,-16748.273,-16786.365,-16736.94,-16676.895,-16677.367,-16714.885,-16768.133,-16777.672,-16716.926,-16681.713,-16704.307,-16747.588,-16722.795,-16646.807,-16677.375,-16759.996,-16795.586,-16791.676,-16743.36,-16756.55
-16809.523,-16738.943,-16634.352,-16634.057,-16679.127,-16708.88,-16745.312,-16778.926,-16796.115,-16810.12,-16767.014,-16679.02,-16636.104,-16593.023,-16552.936,-16590.215,-16651.072,-16714.879,-16725.566,-16667.506,-16655.824,-16628.479,-16581.088,-16596.625,-16629.969
-16664.484,-16669.527,-16672.94,-16763.217,-16843.355,-16821.053,-16790.37,-16720.193,-16623.07,-16656.268,-16712.77,-16716.51,-16705.223,-16689.412,-16714.58,-16721.785,-16712.31,-16653.252,-16586.041,-16606.191,-16565.615,-16542.805,-16595.387,-16595.146,-16606.883
-16608.598,-16605.064,-16642.953,-16655.037,-16670.654,-16720.232,-16775.703,-16783.32,-16713.227,-16658.473,-16661.42,-16663.834,-16692.459,-16749.13,-16726.252,-16669.88,-16679.998,-16691.885,-16667.93,-16610.25,-16561.9,-16589.008,-16616.828,-16637.574,-16676.455
-16658.361,-16592.043,-16575.148,-16689.021,-16771.596,-16701.084,-16661.172,-16648.229,-16602.27,-16636.146,-16775.361,-16889.877,-16824.162,-16723.879,-16730.482,-16690.186,-16611.984,-16589.875,-16566.06,-16549.295,-16641.2,-16761.504,-16761.328,-16724.383,-16695.264
-16645.969,-16628.027,-16654.875,-16699.568,-16697.053,-16686.031,-16711.402,-16733.69,-16782.59,-16820.496,-16807.236,-16791.354,-16825.477,-16869.531,-16817.715,-16723.867,-16691.613,-16715.23,-16695.764,-16632.287,-16609.348,-16589.412,-16609.35,-16671.15,-16717.154
-16735.824,-16667.404,-16603.277,-16603.693,-16648.877,-16756.414,-16837.998,-16836.371,-16791.373,-16747.281,-16694.586,-16689.617,-16703.812,-16677.318,-16724.416,-16747.598,-16738.047,-16778.354,-16781.197,-16807.94,-16811.912,-16793.51,-16811.611,-16749.69,-16687.791
-16684.61,-16660.092,-16620.611,-16578.615,-16592.877,-16678.992,-16722.838,-16735.113,-16770.318,-16763.742,-16733.281,-16718.166,-16694.324,-16655.25,-16670.15,-16785.977,-16843.5,-16828.658,-16845.072,-16777.965,-16693.148,-16719.771,-16736.186,-16738.607,-16769.906
-16775.43,-16765.37,-16735.227,-16695.383,-16678.309,-16683.662,-16712.676,-16737.729,-16746.096,-16729.973,-16728.297,-16743.854,-16703.201,-16665.965,-16686.479,-16736.229,-16736.527,-16693.736,-16713.95,-16735.412,-16753.168,-16753.326,-16697.408,-16688.32,-16698.889
-16748.69,-16819.176,-16812.713,-16785.578,-16712.027,-16606.793,-16579.531,-16654.633,-16725.566,-16722.732,-16777.426,-16831.043,-16765.36,-16698.262,-16697.486,-16759.514,-16804.617,-16761.81,-16705.29,-16656.477,-16637.062,-16717.912,-16822.877,-16827.17,-16748.068
-16702.271,-16715.72,-16734.402,-16746.234,-16696.756,-16613.963,-16601.814,-16655.521,-16714.523,-16721.44,-16776.238,-16866.59,-16869.777,-16875.527,-16832.4,-16760.412,-16752.139,-16737.338,-16777.027,-16780.695,-16749.223,-16800.705,-16802.775,-16788.875,-16784.29
-16764.95,-16777.43,-16759.701,-16748.92,-16760.4,-16749.71,-16726.83,-16696.254,-16688.63,-16711.512,-16750.531,-16761.428,-16761.965,-16791.2,-16776.604,-16713.854,-16672.691,-16708.74,-16780.158,-16805.857,-16812.072,-16772.291,-16731.092,-16757.338,-16763.094
-16756.6,-16727.752,-16687.725,-16712.896,-16738.15,-16735.205,-16695.336,-16689.24,-16747.494,-16722.2,-16683.47,-16719.379,-16740.643,-16747.729,-16767.178,-16791.049,-16831.74,-16824.615,-16751.951,-16721.965,-16727.613,-16769.12,-16851.66,-16866.225,-16830.38
-16814.096,-16802.752,-16799.41,-16754.121,-16605.496,-16528.705,-16585.625,-16601.332,-16598.963,-16602.205,-16600.627,-16630.7,-16654.688,-16681.709,-16670.92,-16623.06,-16621.998,-16677.379,-16754.676,-16758.125,-16728.67,-16742.271,-16701.064,-16628.877,-16628.408
-16693.076,-16749.207,-16724.576,-16671.957,-16669.877,-16712.969,-16741.033,-16698.658,-16627.953,-16583.701,-16576.498,-16594.143,-16601.2,-16613.275,-16648.584,-16653.156,-16609.838,-16591.412,-16629.557,-16646.678,-16622.477,-16651.973,-16720.232,-16736.287,-16722.107
-16716.99,-16698.945,-16659.623,-16646.992,-16663.773,-16676.602,-16706.207,-16725.785,-16690.176,-16630.74,-16597.854,-16592.936,-16589.756,-16615.14,-16680.984,-16708.668,-16667.453,-16611.002,-16585.283,-16658.826,-16753.805,-16726.09,-16707.354,-16786.293,-16849.074
-16840.0,-16793.648,-16738.617,-16668.238,-16637.973,-16627.281,-16618.17,-16668.373,-16690.012,-16673.83,-16669.387,-16656.428,-16673.957,-16717.248,-16731.59,-16693.617,-16647.863,-16616.736,-16600.28,-16617.775,-16639.453,-16696.033,-16748.312,-16744.186,-16729.79
-16659.662,-16612.455,-16637.27,-16651.836,-16698.008,-16713.53,-16697.26,-16735.98,-16740.13,-16733.922,-16754.453,-16713.613,-16665.008,-16652.955,-16638.414,-16647.588,-16645.123,-16636.81,-16673.795,-16686.217,-16695.24,-16706.693,-16686.555,-16685.902,-16708.79
-16772.646,-16774.59,-16682.799,-16619.314,-16566.938,-16588.549,-16634.893,-16605.492,-16627.197,-16664.885,-16638.246,-16606.041,-16625.676,-16673.822,-16676.254,-16662.863,-16631.285,-16587.01,-16617.404,-16694.262,-16779.197,-16873.314,-16896.896,-16818.746,-16752.033
-16728.58,-16660.201,-16582.047,-16563.965,-16578.88,-16638.596,-16709.59,-16689.398,-16676.725,-16770.436,-16841.77,-16811.312,-16772.588,-16764.559,-16643.531,-16512.887,-16556.826,-16594.291,-16617.766,-16663.25,-16637.465,-16659.045,-16675.623,-16647.316,-16697.238
-16731.432,-16716.92,-16710.314,-16696.379,-16702.117,-16716.412,-16699.143,-16688.828,-16711.498,-16719.299,-16695.102,-16669.396,-16699.428,-16760.385,-16722.287,-16657.443,-16688.57,-16719.81,-16737.7,-16763.02,-16724.672,-16674.727,-16644.709,-16630.508,-16664.56
-16692.096,-16715.064,-16740.355,-16714.703,-16654.412,-16617.223,-16664.293,-16761.252,-16818.434,-16800.492,-16757.18,-16752.729,-16729.607,-16691.426,-16695.527,-16686.36,-16652.33,-16629.648,-16611.773,-16621.205,-16664.13,-16675.28,-16679.34,-16706.361,-16686.291
-16663.154,-16688.654,-16684.486,-16634.264,-16611.238,-16615.727,-16647.818,-16708.912,-16699.61,-16686.209,-16728.578,-16740.043,-16783.754,-16813.754,-16734.79,-16644.508,-16580.342,-16553.969,-16585.387,-16633.324,-16679.979,-16705.566,-16697.867,-16637.406,-16584.287
-16683.824,-16793.844,-16744.453,-16676.814,-16621.393,-16539.275,-16539.52,-16618.615,-16673.38,-16669.107,-16625.273,-16619.021,-16654.959,-16638.99,-16623.025,-16637.338,-16622.32,-16629.867,-16613.746,-16576.387,-16580.959,-16569.646,-16606.928,-16623.594,-16538.855
-16503.287,-16518.148,-16545.85,-16580.145,-16590.434,-16585.42,-16567.668,-16570.543,-16571.701,-16559.723,-16579.297,-16597.768,-16604.365,-16616.496,-16614.928,-16599.459,-16579.297,-16556.516,-16516.064,-16467.756,-16472.156,-16525.223,-16567.762,-16588.246,-16604.809
-16591.602,-16554.5,-16586.416,-16625.385,-16599.346,-16587.762,-16571.395,-16567.633,-16570.193,-16532.21,-16540.8,-16547.555,-16531.896,-16569.303,-16588.605,-16564.305,-16549.457,-16565.734,-16591.963,-16614.33,-16656.264,-16675.367,-16678.807,-16738.588,-16754.027
-16664.023,-16577.674,-16534.375,-16532.566,-16562.512,-16644.023,-16748.17,-16742.072,-16655.543,-16599.443,-16593.172,-16627.432,-16698.475,-16734.54,-16696.049,-16676.824,-16659.043,-16650.47,-16702.97,-16719.037,-16704.29,-16706.262,-16691.771,-16675.496,-16685.83
-16707.322,-16731.48,-16758.268,-16751.744,-16741.295,-16756.943,-16759.41,-16780.193,-16819.928,-16821.068,-16826.17,-16838.062,-16799.65,-16775.797,-16793.488,-16774.934,-16731.447,-16721.955,-16735.312,-16752.662,-16750.943,-16731.473,-16754.332,-16763.816,-16739.451
-16733.736,-16721.783,-16769.771,-16832.094,-16797.602,-16778.646,-16795.771,-16764.875,-16759.219,-16775.281,-16758.457,-16767.062,-16750.998,-16754.955,-16799.732,-16766.043,-16776.684,-16830.22,-16811.723,-16765.512,-16732.293,-16718.986,-16663.674,-16610.285,-16602.387
-16624.125,-16686.389,-16701.771,-16683.943,-16687.95,-16729.791,-16799.67,-16811.467,-16784.117,-16763.08,-16796.332,-16828.904,-16765.34,-16716.62,-16703.25,-16708.463,-16733.611,-16720.32,-16680.01,-16631.787,-16647.303,-16684.201,-16670.654,-16657.756,-16645.426
-16645.322,-16634.182,-16622.994,-16605.557,-16575.092,-16601.129,-16605.996,-16621.207,-16672.17,-16657.338,-16642.695,-16637.414,-16628.832,-16636.156,-16641.803,-16680.38,-16700.883,-16664.92,-16632.62,-16624.605,-16624.379,-16632.379,-16655.107,-16654.855,-16636.68
-16654.654,-16689.355,-16707.787,-16712.676,-16697.428,-16673.652,-16657.158,-16645.346,-16648.494,-16666.738,-16674.496,-16636.994,-16588.184,-16586.314,-16602.44,-16629.361,-16688.668,-16714.844,-16634.004,-16556.49,-16571.129,-16583.182,-16603.193,-16630.824,-16636.506
-16663.217,-16671.795,-16672.285,-16674.625,-16651.332,-16619.38,-16601.883,-16624.732,-16644.832,-16641.521,-16640.777,-16640.168,-16637.236,-16646.11,-16683.36,-16718.566,-16733.312,-16729.355,-16708.44,-16681.125,-16655.477,-16688.156,-16757.531,-16763.512,-16731.037
-16700.63,-16647.436,-16622.51,-16666.43,-16713.352,-16732.352,-16735.164,-16739.887,-16740.547,-16705.72,-16692.617,-16704.057,-16695.707,-16705.883,-16738.465,-16760.283,-16735.73,-16703.3,-16698.617,-16692.484,-16714.57,-16736.611,-16739.73,-16762.453,-16770.826
-16758.947,-16733.855,-16712.176,-16723.928,-16720.496,-16703.559,-16729.215,-16763.705,-16771.04,-16767.672,-16752.348,-16736.637,-16762.828,-16821.23,-16841.523,-16801.291,-16764.484,-16787.018,-16807.613,-16763.566,-16722.408,-16694.99,-16651.76,-16643.771,-16682.377
-16747.484,-16784.957,-16752.322,-16713.912,-16715.77,-16736.43,-16741.742,-16742.732,-16765.643,-16775.03,-16771.812,-16770.266,-16757.682,-16765.38,-16765.146,-16734.715,-16738.71,-16752.059,-16732.996,-16714.605,-16701.736,-16709.654,-16746.115,-16774.14,-16797.19
-16817.35,-16804.4,-16772.277,-16741.238,-16727.85,-16757.379,-16783.74,-16806.207,-16828.832,-16821.887,-16882.885,-16928.1,-16837.918,-16771.957,-16811.205,-16840.29,-16756.254,-16739.79,-16813.062,-16762.168,-16725.352,-16749.076,-16767.28,-16776.943,-16730.764
-16699.457,-16651.12,-16623.979,-16672.736,-16696.314,-16690.635,-16672.26,-16661.943,-16657.623,-16664.684,-16673.904,-16655.797,-16668.42,-16700.441,-16725.703,-16746.625,-16756.09,-16752.55,-16717.24,-16695.797,-16692.885,-16685.31,-16703.988,-16719.16,-16717.45
-16732.709,-16772.668,-16821.432,-16818.441,-16777.375,-16769.943,-16749.05,-16706.787,-16695.176,-16699.957,-16734.352,-16771.014,-16774.143,-16762.479,-16750.898,-16775.922,-16787.104,-16759.082,-16764.883,-16779.379,-16764.668,-16736.932,-16712.102,-16694.365,-16680.545
-16716.855,-16805.604,-16869.191,-16896.059,-16892.213,-16827.8,-16766.674,-16769.164,-16774.17,-16759.844,-16745.793,-16740.303,-16747.148,-16736.734,-16744.674,-16762.074,-16740.572,-16727.047,-16716.156,-16723.328,-16780.066,-16828.475,-16815.098,-16768.703,-16750.875
-16731.197,-16721.453,-16699.203,-16653.455,-16704.727,-16744.395,-16729.53,-16764.652,-16770.088,-16767.293,-16771.943,-16742.004,-16752.158,-16791.38,-16791.688,-16773.123,-16756.984,-16705.652,-16676.145,-16696.451,-16686.875,-16681.594,-16694.59,-16709.535,-16741.832
-16772.078,-16781.709,-16751.828,-16729.082,-16720.994,-16700.734,-16705.512,-16731.953,-16737.293,-16691.184,-16675.066,-16729.18,-16775.215,-16808.123,-16790.047,-16720.848,-16688.936,-16703.842,-16716.611,-16701.896,-16706.25,-16709.902,-16689.787,-16692.02,-16691.016
-16669.334,-16645.05,-16639.78,-16638.75,-16654.918,-16691.96,-16665.182,-16631.594,-16615.11,-16589.21,-16640.105,-16696.93,-16682.84,-16670.297,-16693.688,-16710.191,-16698.242,-16705.467,-16720.52,-16708.365,-16695.242,-16683.326,-16669.365,-16691.73,-16708.72
-16674.91,-16666.914,-16663.307,-16636.863,-16651.79,-16657.09,-16633.223,-16623.29,-16619.861,-16652.492,-16699.047,-16699.426,-16687.215,-16681.922,-16683.314,-16688.445,-16687.977,-16698.203,-16701.682,-16721.6,-16730.215,-16677.848,-16637.924,-16620.8,-16629.236
-16672.053,-16729.469,-16801.227,-16796.746,-16717.92,-16680.697,-16681.371,-16662.113,-16624.055,-16622.715,-16658.832,-16671.73,-16680.916,-16681.31,-16661.719,-16701.816,-16742.67,-16743.297,-16772.99,-16769.426,-16743.74,-16777.186,-16813.354,-16799.771,-16741.744
-16697.65,-16748.568,-16827.951,-16859.777,-16875.613,-16857.443,-16848.348,-16856.143,-16779.27,-16737.953,-16795.504,-16801.219,-16821.44,-16885.172,-16874.062,-16854.85,-16845.99,-16828.193,-16837.734,-16839.576,-16864.055,-16917.924,-16936.371,-16925.19,-16930.643
-16906.459,-16847.064,-16877.084,-16952.432,-17022.477,-17090.309,-17058.139,-16974.002,-16941.268,-16949.97,-16937.543,-16900.547,-16861.623,-16812.387,-16813.344,-16839.738,-16835.268,-16829.27,-16841.123,-16886.182,-16939.094,-16986.227,-16974.87,-16932.621,-16973.977
-16990.465,-16935.248,-16883.67,-16855.121,-16854.55,-16837.344,-16849.967,-16877.723,-16882.074,-16905.47,-16900.977,-16901.723,-16917.93,-16931.492,-16964.86,-16979.291,-17028.795,-17102.25,-17080.033,-16981.373,-16941.549,-16968.748,-16979.402,-16984.428,-16966.37
-16946.254,-16956.47,-16980.646,-17028.014,-17070.256,-17137.479,-17194.275,-17152.99,-17064.729,-16986.09,-16926.615,-16872.725,-16855.027,-16925.58,-16997.379,-16985.85,-16955.238,-16935.977,-16935.502,-16938.791,-16906.932,-16908.613,-16910.1,-16904.41,-16950.275
-16939.371,-16852.668,-16770.91,-16772.756,-16860.012,-16912.885,-16890.555,-16861.44,-16879.762,-16863.03,-16809.025,-16807.162,-16800.79,-16799.537,-16818.5,-16795.164,-16770.094,-16766.416,-16779.082,-16809.197,-16827.58,-16835.18,-16813.883,-16768.45,-16744.604
-16753.418,-16783.596,-16790.61,-16783.262,-16797.578,-16808.27,-16823.492,-16851.068,-16856.152,-16874.617,-16959.805,-17031.299,-17061.959,-17051.812,-16919.87,-16844.621,-16874.35,-16794.205,-16714.682,-16713.816,-16740.605,-16805.746,-16810.775,-16773.156,-16748.512
-16734.31,-16758.26,-16776.4,-16784.617,-16796.49,-16780.113,-16758.941,-16752.182,-16740.566,-16739.15,-16756.072,-16754.182,-16752.332,-16791.137,-16837.055,-16835.47,-16793.754,-16775.074,-16756.803,-16703.234,-16671.672,-16655.229,-16650.201,-16689.277,-16742.771
-16804.955,-16834.533,-16777.902,-16709.969,-16701.004,-16737.164,-16772.857,-16761.455,-16740.023,-16759.629,-16769.584,-16752.307,-16784.727,-16837.832,-16810.084,-16767.65,-16769.158,-16760.965,-16760.248,-16766.79,-16756.146,-16746.701,-16740.332,-16726.398,-16705.246
-16713.402,-16736.195,-16735.406,-16760.06,-16814.26,-16826.648,-16794.021,-16784.152,-16782.709,-16743.979,-16727.959,-16723.8,-16696.31,-16691.473,-16697.377,-16721.88,-16761.09,-16779.547,-16776.297,-16749.072,-16741.953,-16747.666,-16742.584,-16744.174,-16720.004
-16685.7,-16686.715,-16697.723,-16694.672,-16702.184,-16722.117,-16750.822,-16773.203,-16760.688,-16722.098,-16689.527,-16744.273,-16793.855,-16750.758,-16769.143,-16804.625,-16764.412,-16686.72,-16599.078,-16574.865,-16603.309,-16651.186,-16688.266,-16701.8,-16722.277
-16718.807,-16724.344,-16742.973,-16726.787,-16715.393,-16740.75,-16766.84,-16741.164,-16744.066,-16811.346,-16816.584,-16771.422,-16744.336,-16726.783,-16721.299,-16720.326,-16729.77,-16758.488,-16780.44,-16760.945,-16724.664,-16714.082,-16705.494,-16706.176,-16705.326
-16689.773,-16718.445,-16786.215,-16854.334,-16851.879,-16794.555,-16789.139,-16795.105,-16804.912,-16805.63,-16749.148,-16742.305,-16783.092,-16777.65,-16769.389,-16779.7,-16765.55,-16736.146,-16726.533,-16736.707,-16732.5,-16744.871,-16775.715,-16756.305,-16770.898
-16816.9,-16792.041,-16749.066,-16717.754,-16727.172,-16736.99,-16689.242,-16672.89,-16696.293,-16734.662,-16788.715,-16835.566,-16822.379,-16729.37,-16726.01,-16847.428,-16901.62,-16849.164,-16785.127,-16773.838,-16774.84,-16752.996,-16775.553,-16783.023,-16761.676
-16809.758,-16868.89,-16922.607,-16899.572,-16781.994,-16736.17,-16706.781,-16678.43,-16698.234,-16728.71,-16793.057,-16842.441,-16856.428,-16840.367,-16825.535,-16837.693,-16805.215,-16783.83,-16827.906,-16870.322,-16882.322,-16858.293,-16815.041,-16805.389,-16823.27
-16827.516,-16855.348,-16889.848,-16870.332,-16853.973,-16838.406,-16783.262,-16767.852,-16823.72,-16886.611,-16882.521,-16807.207,-16777.621,-16818.168,-16831.496,-16859.555,-16938.018,-16960.318,-16918.406,-16885.72,-16886.186,-16906.182,-16921.95,-16908.395,-16846.377
-16802.928,-16806.59,-16793.525,-16776.559,-16773.133,-16762.02,-16751.678,-16766.385,-16827.488,-16913.494,-16935.07,-16888.066,-16890.68,-16916.916,-16904.617,-16881.84,-16839.791,-16825.031,-16834.822,-16820.428,-16823.295,-16821.404,-16787.625,-16776.416,-16802.555
-16853.48,-16913.682,-16919.074,-16876.22,-16865.807,-16859.58,-16821.854,-16796.588,-16789.57,-16780.791,-16772.139,-16776.965,-16783.824,-16781.064,-16783.395,-16774.38,-16761.617,-16782.578,-16837.756,-16897.482,-16880.371,-16792.996,-16720.764,-16675.246,-16705.1
-16760.76,-16754.34,-16763.414,-16764.879,-16740.127,-16735.674,-16747.629,-16791.994,-16797.74,-16777.744,-16770.252,-16745.768,-16771.734,-16784.812,-16757.947,-16757.516,-16729.762,-16704.514,-16680.434,-16640.834,-16663.271,-16718.822,-16768.97,-16814.182,-16841.8
-16860.043,-16857.047,-16817.453,-16768.145,-16746.174,-16732.707,-16757.637,-16840.291,-16827.299,-16714.492,-16646.998,-16645.35,-16676.836,-16654.791,-16634.785,-16675.6,-16675.105,-16696.777,-16731.32,-16733.21,-16735.938,-16697.117,-16676.32,-16661.664,-16635.148
-16636.502,-16636.666,-16644.793,-16631.826,-16643.773,-16684.809,-16671.996,-16667.467,-16650.264,-16604.56,-16628.295,-16649.764,-16625.406,-16624.9,-16623.926,-16652.906,-16703.271,-16726.04,-16768.625,-16754.834,-16674.51,-16645.795,-16670.35,-16700.418,-16705.879
-16709.393,-16731.248,-16772.924,-16827.143,-16846.957,-16825.7,-16793.758,-16779.121,-16777.89,-16783.648,-16805.773,-16791.518,-16749.605,-16762.549,-16768.01,-16710.0,-16655.525,-16600.36,-16533.48,-16497.152,-16484.078,-16482.996,-16494.291,-16489.799,-16493.998
-16520.482,-16519.035,-16528.031,-16565.682,-16587.16,-16571.723,-16530.002,-16537.096,-16554.787,-16515.21,-16471.209,-16445.932,-16445.088,-16493.121,-16569.135,-16588.314,-16546.145,-16517.545,-16493.627,-16458.965,-16438.973,-16449.975,-16475.135,-16463.527,-16448.6
-16502.145,-16532.059,-16517.023,-16556.793,-16528.541,-16450.871,-16479.334,-16511.387,-16518.75,-16517.178,-16513.877,-16550.988,-16573.7,-16602.127,-16617.893,-16619.836,-16651.121,-16633.512,-16602.217,-16614.717,-16605.863,-16554.97,-16539.848,-16570.008,-16591.56
-16664.225,-16729.373,-16665.61,-16594.021,-16635.818,-16726.428,-16748.24,-16677.322,-16621.75,-16615.82,-16592.137,-16585.637,-16592.29,-16585.193,-16611.71,-16601.512,-16559.16,-16558.693,-16557.79,-16554.838,-16555.305,-16575.064,-16603.367,-16597.5,-16619.898
-16656.076,-16641.324,-16630.1,-16648.268,-16669.637,-16726.988,-16796.797,-16771.55,-16720.184,-16704.01,-16620.79,-16565.607,-16580.09,-16558.629,-16559.123,-16549.396,-16533.006,-16572.873,-16588.16,-16597.432,-16620.648,-16638.023,-16639.785,-16625.816,-16626.18
-16602.281,-16581.06,-16570.146,-16565.652,-16608.03,-16625.77,-16613.424,-16626.295,-16665.205,-16705.596,-16726.145,-16721.963,-16715.314,-16757.684,-16791.258,-16760.762,-16690.828,-16638.707,-16650.125,-16655.072,-16650.172,-16669.664,-16690.303,-16702.506,-16678.484
-16629.582,-16628.533,-16684.047,-16672.467,-16605.566,-16589.268,-16599.238,-16659.744,-16737.018,-16742.11,-16692.13,-16582.115,-16499.545,-16570.367,-16682.082,-16727.172,-16738.252,-16697.975,-16633.951,-16579.76,-16583.955,-16678.375,-16705.297,-16692.213,-16721.174
-16715.0,-16700.416,-16654.975,-16643.28,-16702.248,-16715.53,-16720.262,-16708.584,-16693.791,-16701.979,-16689.566,-16691.752,-16685.426,-16707.59,-16733.152,-16669.086,-16611.129,-16586.613,-16574.795,-16593.553,-16614.82,-16640.102,-16654.39,-16625.61,-16608.395
-16637.23,-16631.72,-16609.004,-16618.365,-16647.062,-16716.943,-16722.045,-16651.232,-16672.025,-16742.828,-16739.293,-16693.174,-16672.324,-16644.754,-16586.01,-16552.793,-16573.281,-16615.947,-16650.562,-16706.447,-16742.156,-16700.252,-16657.98,-16625.525,-16584.195
-16560.67,-16526.691,-16503.467,-16521.594,-16574.719,-16650.04,-16695.053,-16701.451,-16682.957,-16658.348,-16633.871,-16598.746,-16629.107,-16659.41,-16601.922,-16560.635,-16535.857,-16535.166,-16553.54,-16561.652,-16598.809,-16582.447,-16553.236,-16557.65,-16565.805
-16596.611,-16583.13,-16578.62,-16577.594,-16548.229,-16573.838,-16616.27,-16655.473,-16654.98,-16627.14,-16616.955,-16561.678,-16536.027,-16594.918,-16639.602,-16630.21,-16587.46,-16567.959,-16605.074,-16604.172,-16562.266,-16590.684,-16628.99,-16617.303,-16601.814
-16611.793,-16634.664,-16606.764,-16578.035,-16603.137,-16607.865,-16588.11,-16589.29,-16601.537,-16610.367,-16632.713,-16644.285,-16635.883,-16664.418,-16684.691,-16677.688,-16692.484,-16665.098,-16607.396,-16601.064,-16618.592,-16623.66,-16611.072,-16590.13,-16625.17
-16733.955,-16792.072,-16763.27,-16698.455,-16604.17,-16602.496,-16657.395,-16628.457,-16622.658,-16637.012,-16615.324,-16612.463,-16626.137,-16659.799,-16665.715,-16649.963,-16684.98,-16732.469,-16736.283,-16718.107,-16708.592,-16669.346,-16643.426,-16645.234,-16596.83
-16547.346,-16531.898,-16544.201,-16578.455,-16639.426,-16707.793,-16699.768,-16674.387,-16657.264,-16611.996,-16593.717,-16592.482,-16593.906,-16610.8,-16646.973,-16670.055,-16674.285,-16699.074,-16696.305,-16689.244,-16711.223,-16716.418,-16679.383,-16613.62,-16631.227
-16665.096,-16620.266,-16611.783,-16608.752,-16572.977,-16566.152,-16583.543,-16581.152,-16565.148,-16589.473,-16597.426,-16583.47,-16582.846,-16559.055,-16536.322,-16534.457,-16580.469,-16651.04,-16679.65,-16690.035,-16744.854,-16841.926,-16868.01,-16828.598,-16768.885
-16596.44,-16429.03,-16463.605,-16559.135,-16591.332,-16633.256,-16627.049,-16586.031,-16594.354,-16611.205,-16642.906,-16652.814,-16630.043,-16623.434,-16613.16,-16563.627,-16525.033,-16573.324,-16575.555,-16564.746,-16656.502,-16678.803,-16628.775,-16595.527,-16586.127
-16616.727,-16650.186,-16661.076,-16627.34,-16619.7,-16654.998,-16650.5,-16642.145,-16626.004,-16616.176,-16618.852,-16560.605,-16551.865,-16594.803,-16573.361,-16573.266,-16575.156,-16548.688,-16574.164,-16600.53,-16609.129,-16626.213,-16634.258,-16631.646,-16636.877
-16648.895,-16631.451,-16632.67,-16635.166,-16593.186,-16589.998,-16600.014,-16567.682,-16536.445,-16549.47,-16584.625,-16616.076,-16661.61,-16675.773,-16666.521,-16661.469,-16629.393,-16625.84,-16654.037,-16630.93,-16591.127,-16579.207,-16562.564,-16595.402,-16644.324
-16621.42,-16616.512,-16613.588,-16608.309,-16645.47,-16635.076,-16626.611,-16631.867,-16617.498,-16641.588,-16648.197,-16621.168,-16578.295,-16527.521,-16522.22,-16558.037,-16598.99,-16632.707,-16689.678,-16731.363,-16696.41,-16629.787,-16575.371,-16587.992,-16668.799
-16707.764,-16691.807,-16669.033,-16644.52,-16646.156,-16653.607,-16661.932,-16695.084,-16689.242,-16665.297,-16655.227,-16636.674,-16644.395,-16646.893,-16644.537,-16638.617,-16606.219,-16619.549,-16640.232,-16630.406,-16654.998,-16693.865,-16703.38,-16701.686,-16716.988
-16703.701,-16660.602,-16650.486,-16648.523,-16650.904,-16643.863,-16590.807,-16536.643,-16525.822,-16608.379,-16701.842,-16704.521,-16699.547,-16686.105,-16676.133,-16701.297,-16707.008,-16713.836,-16715.197,-16711.898,-16682.375,-16634.86,-16660.719,-16689.73,-16674.465
-16662.469,-16667.568,-16707.06,-16775.291,-16793.38,-16716.613,-16666.502,-16669.436,-16664.389,-16663.623,-16686.426,-16736.455,-16719.28,-16665.832,-16653.795,-16645.398,-16685.953,-16725.475,-16715.646,-16714.037,-16699.312,-16679.75,-16685.924,-16693.092,-16667.57
-16650.42,-16669.516,-16680.496,-16681.656,-16676.318,-16691.14,-16705.068,-16682.504,-16682.617,-16692.176,-16687.541,-16678.596,-16674.336,-16697.105,-16715.34,-16708.584,-16680.03,-16657.31,-16657.035,-16653.469,-16667.688,-16703.795,-16741.867,-16800.69,-16832.984
-16793.81,-16790.812,-16819.72,-16770.367,-16733.775,-16722.125,-16682.186,-16691.39,-16720.633,-16755.068,-16773.043,-16727.62,-16717.396,-16744.3,-16749.059,-16744.055,-16735.287,-16706.365,-16661.268,-16654.602,-16674.627,-16702.701,-16721.832,-16715.855,-16737.639
-16758.506,-16754.781,-16749.64,-16722.469,-16707.79,-16726.871,-16732.506,-16732.81,-16749.002,-16760.342,-16779.691,-16801.12,-16799.338,-16779.932,-16766.656,-16774.156,-16747.549,-16716.174,-16730.787,-16728.06,-16733.678,-16742.89,-16725.398,-16741.3,-16735.896
-16691.906,-16683.523,-16718.762,-16778.44,-16811.072,-16818.43,-16811.05,-16772.566,-16749.229,-16769.354,-16844.035,-16893.738,-16846.979,-16822.863,-16817.121,-16760.594,-16752.674,-16773.457,-16766.37,-16797.828,-16813.867,-16764.047,-16748.941,-16766.973,-16736.56
-16702.758,-16711.281,-16728.613,-16735.682,-16717.756,-16694.246,-16687.951,-16694.271,-16730.13,-16759.664,-16760.295,-16779.723,-16804.064,-16804.156,-16805.662,-16807.955,-16834.709,-16889.912,-16882.053,-16838.633,-16812.473,-16768.004,-16731.041,-16733.398,-16764.91
-16774.863,-16781.365,-16815.709,-16809.965,-16785.188,-16764.098,-16730.855,-16751.623,-16782.586,-16743.209,-16717.121,-16733.156,-16746.834,-16759.76,-16758.93,-16749.107,-16736.012,-16746.547,-16764.5,-16739.623,-16730.56,-16759.984,-16794.336,-16797.012,-16767.768
-16760.283,-16766.785,-16772.318,-16802.697,-16864.318,-16885.76,-16846.201,-16801.818,-16770.58,-16765.062,-16747.861,-16727.695,-16724.889,-16738.846,-16788.87,-16800.496,-16798.83,-16807.256,-16787.82,-16779.314,-16764.783,-16763.523,-16771.822,-16758.348,-16741.42
-16720.957,-16718.523,-16720.064,-16737.25,-16769.79,-16767.656,-16759.537,-16770.17,-16774.967,-16751.643,-16726.25,-16714.4,-16706.818,-16717.285,-16712.572,-16688.018,-16681.531,-16695.81,-16722.81,-16739.467,-16736.908,-16730.78,-16716.885,-16691.041,-16682.207
-16680.076,-16672.646,-16691.55,-16713.207,-16726.523,-16768.71,-16841.79,-16874.48,-16820.52,-16773.049,-16788.068,-16792.885,-16759.229,-16735.29,-16720.99,-16720.77,-16744.426,-16720.615,-16704.357,-16775.713,-16819.844,-16797.145,-16757.129,-16708.95,-16696.584
-16709.938,-16731.791,-16769.121,-16743.271,-16679.674,-16670.172,-16681.137,-16698.986,-16721.361,-16747.062,-16785.834,-16768.365,-16734.201,-16739.871,-16721.217,-16701.334,-16691.562,-16673.857,-16674.98,-16692.133,-16726.744,-16749.596,-16756.162,-16743.97,-16694.771
-16673.223,-16672.887,-16664.254,-16679.516,-16701.72,-16719.7,-16738.28,-16744.168,-16724.357,-16698.154,-16685.877,-16676.455,-16707.543,-16779.256,-16801.031,-16765.807,-16745.945,-16737.268,-16710.732,-16700.05,-16691.223,-16680.477,-16710.434,-16732.871,-16739.936
-16746.314,-16723.645,-16709.824,-16712.562,-16742.45,-16780.148,-16751.553,-16710.885,-16689.688,-16668.607,-16694.623,-16729.287,-16716.584,-16717.62,-16737.182,-16705.695,-16652.383,-16656.186,-16715.008,-16744.113,-16720.47,-16722.453,-16742.486,-16727.053,-16708.225
-16683.373,-16654.547,-16673.908,-16690.969,-16676.164,-16673.01,-16662.848,-16656.605,-16668.518,-16650.656,-16631.537,-16669.291,-16715.56,-16736.596,-16757.648,-16774.16,-16797.604,-16780.848,-16692.127,-16650.5,-16672.398,-16706.814,-16740.64,-16734.562,-16742.426
-16768.328,-16754.531,-16726.977,-16707.908,-16716.104,-16723.436,-16726.3,-16757.021,-16748.398,-16725.496,-16733.375,-16708.922,-16693.89,-16696.97,-16671.037,-16657.781,-16657.453,-16665.275,-16685.172,-16683.9,-16662.143,-16648.307,-16649.174,-16651.645,-16668.8
-16707.984,-16756.143,-16766.594,-16722.709,-16713.615,-16720.926,-16693.27,-16679.291,-16653.822,-16645.404,-16682.953,-16698.605,-16707.951,-16709.678,-16697.598,-16689.895,-16678.459,-16686.236,-16709.373,-16738.178,-16757.066,-16763.148,-16751.326,-16731.895,-16738.21
-16709.71,-16682.812,-16672.95,-16638.982,-16643.193,-16652.566,-16699.123,-16761.732,-16746.385,-16718.344,-16687.639,-16680.455,-16684.021,-16662.523,-16666.05,-16670.795,-16674.564,-16684.79,-16700.176,-16702.2,-16686.602,-16700.889,-16706.172,-16728.508,-16779.582
-16783.994,-16764.016,-16711.855,-16665.146,-16677.213,-16656.094,-16622.484,-16645.947,-16667.701,-16693.467,-16728.492,-16708.234,-16673.234,-16666.31,-16658.252,-16653.246,-16655.854,-16662.73,-16673.238,-16686.701,-16697.084,-16689.68,-16685.086,-16709.197,-16747.543
-16742.498,-16710.139,-16722.803,-16711.395,-16656.057,-16654.406,-16668.453,-16669.504,-16707.408,-16723.62,-16693.068,-16686.246,-16696.078,-16706.086,-16708.576,-16681.768,-16663.951,-16659.24,-16668.537,-16677.764,-16666.465,-16701.322,-16728.56,-16688.5,-16650.12
-16642.475,-16657.857,-16649.209,-16610.275,-16597.69,-16632.03,-16666.807,-16666.744,-16675.018,-16680.92,-16667.291,-16674.541,-16705.568,-16727.973,-16709.867,-16694.184,-16722.127,-16747.566,-16737.168,-16690.365,-16641.912,-16634.846,-16674.63,-16724.654,-16718.613
-16688.523,-16671.322,-16639.658,-16632.143,-16636.027,-16630.611,-16636.77,-16626.346,-16612.65,-16619.021,-16656.73,-16690.557,-16671.25,-16655.797,-16655.965,-16640.334,-16617.96,-16597.842,-16599.504,-16611.941,-16634.756,-16690.846,-16750.553,-16766.346,-16754.004
-16732.023,-16699.668,-16701.467,-16695.717,-16663.766,-16665.842,-16654.705,-16642.246,-16653.955,-16651.973,-16654.969,-16659.934,-16654.594,-16622.357,-16596.139,-16630.764,-16684.09,-16708.312,-16670.639,-16637.262,-16680.918,-16704.855,-16688.271,-16687.568,-16694.25
-16708.828,-16704.064,-16669.93,-16633.65,-16585.105,-16551.373,-16580.229,-16646.588,-16689.893,-16692.516,-16676.406,-16669.996,-16693.42,-16704.299,-16683.287,-16675.125,-16681.31,-16718.557,-16772.158,-16756.172,-16686.719,-16640.428,-16627.016,-16645.79,-16676.295
-16656.545,-16629.188,-16625.824,-16591.002,-16588.625,-16621.254,-16617.318,-16624.021,-16633.996,-16635.268,-16664.521,-16671.1,-16644.215,-16637.828,-16632.658,-16633.012,-16664.057,-16671.701,-16662.48,-16658.127,-16657.76,-16697.68,-16719.361,-16704.627,-16707.78
-16707.773,-16686.73,-16649.479,-16632.541,-16630.188,-16620.27,-16637.465,-16658.227,-16671.713,-16662.646,-16628.676,-16643.656,-16671.361,-16656.822,-16635.764,-16632.611,-16626.166,-16609.21,-16630.582,-16668.387,-16669.617,-16642.102,-16601.033,-16577.422,-16594.514
-16616.412,-16602.402,-16589.834,-16584.059,-16567.441,-16589.873,-16627.375,-16634.445,-16624.465,-16617.727,-16633.014,-16637.861,-16621.045,-16617.484,-16624.477,-16631.08,-16638.873,-16652.045,-16663.746,-16658.201,-16663.85,-16697.656,-16694.52,-16640.63,-16599.336
-16584.453,-16594.777,-16623.37,-16640.432,-16646.15,-16636.098,-16612.852,-16608.455,-16611.283,-16612.48,-16633.357,-16642.812,-16631.516,-16617.955,-16591.084,-16579.428,-16583.22,-16582.512,-16596.934,-16595.543,-16567.594,-16556.783,-16582.19,-16641.436,-16695.12
-16726.385,-16752.309,-16740.234,-16688.684,-16648.963,-16623.166,-16609.756,-16608.014,-16587.326,-16583.545,-16614.816,-16620.568,-16610.092,-16623.59,-16641.94,-16634.264,-16620.959,-16624.102,-16615.791,-16616.74,-16631.844,-16628.97,-16634.553,-16632.611,-16627.596
-16647.227,-16642.078,-16637.715,-16653.818,-16625.963,-16602.547,-16645.795,-16668.566,-16633.107,-16606.719,-16570.533,-16533.389,-16569.43,-16632.684,-16668.11,-16678.412,-16652.66,-16593.057,-16558.408,-16609.01,-16664.184,-16665.85,-16664.057,-16652.408,-16657.908
-16682.025,-16655.578,-16618.893,-16612.174,-16614.113,-16630.725,-16641.945,-16651.467,-16673.24,-16652.568,-16618.996,-16624.5,-16630.967,-16643.188,-16665.95,-16663.758,-16629.453,-16591.668,-16554.42,-16517.164,-16530.363,-16563.756,-16577.67,-16591.68,-16588.355
-16585.785,-16602.275,-16634.846,-16678.709,-16705.916,-16701.305,-16662.592,-16632.33,-16639.17,-16655.96,-16661.549,-16690.432,-16741.99,-16710.4,-16636.328,-16606.625,-16587.54,-16589.66,-16590.69,-16591.555,-16620.303,-16645.686,-16663.354,-16657.133,-16639.363
-16626.635,-16621.098,-16616.164,-16597.064,-16610.77,-16630.453,-16624.504,-16605.91,-16583.834,-16618.768,-16669.543,-16692.334,-16693.639,-16652.635,-16624.934,-16627.217,-16636.709,-16655.193,-16669.441,-16678.162,-16671.082,-16648.506,-16611.447,-16599.39,-16631.234
-16622.062,-16594.342,-16605.186,-16616.836,-16629.914,-16634.432,-16625.992,-16625.234,-16622.27,-16626.744,-16643.516,-16662.81,-16658.97,-16632.562,-16631.463,-16648.441,-16650.49,-16626.701,-16605.156,-16619.01,-16622.664,-16593.934,-16591.285,-16634.068,-16661.305
-16649.125,-16648.502,-16682.475,-16729.488,-16742.12,-16716.297,-16714.764,-16714.453,-16676.812,-16661.123,-16654.816,-16621.664,-16614.873,-16619.842,-16620.084,-16667.22,-16711.436,-16707.66,-16687.635,-16652.152,-16642.828,-16662.629,-16663.975,-16668.879,-16656.678
-16632.47,-16620.184,-16588.426,-16580.312,-16601.514,-16615.602,-16632.908,-16666.05,-16706.922,-16722.373,-16733.564,-16728.203,-16659.955,-16596.512,-16620.473,-16659.318,-16618.906,-16584.482,-16589.12,-16605.031,-16657.879,-16674.795,-16679.406,-16737.041,-16759.314
-16719.432,-16671.541,-16662.383,-16656.168,-16637.191,-16671.803,-16685.361,-16655.58,-16643.617,-16655.182,-16700.164,-16693.723,-16690.615,-16734.375,-16703.693,-16655.371,-16609.275,-16592.28,-16615.18,-16603.021,-16667.162,-16735.914,-16736.082,-16755.598,-16739.125
-16753.309,-16752.424,-16655.328,-16631.855,-16657.611,-16667.879,-16702.184,-16697.133,-16685.629,-16711.918,-16703.998,-16682.79,-16668.594,-16664.094,-16688.293,-16697.602,-16738.662,-16772.545,-16735.164,-16716.975,-16710.164,-16708.072,-16703.436,-16721.244,-16788.346
-16795.994,-16773.219,-16737.016,-16703.387,-16718.627,-16701.125,-16682.81,-16670.428,-16658.363,-16701.4,-16753.387,-16747.477,-16685.639,-16668.297,-16678.252,-16673.73,-16695.336,-16714.412,-16740.773,-16754.62,-16748.61,-16732.98,-16714.006,-16764.559,-16794.664
-16764.64,-16742.107,-16681.963,-16651.166,-16658.531,-16625.232,-16624.3,-16660.496,-16665.54,-16632.346,-16613.713,-16646.455,-16678.205,-16696.88,-16720.469,-16742.355,-16758.701,-16785.41,-16820.229,-16818.168,-16808.924,-16772.889,-16696.863,-16686.652,-16707.172
-16717.213,-16751.533,-16768.64,-16762.295,-16765.992,-16760.623,-16721.516,-16685.2,-16669.197,-16662.285,-16650.43,-16635.95,-16652.482,-16668.598,-16691.336,-16718.629,-16709.352,-16705.854,-16695.598,-16687.012,-16682.756,-16649.426,-16642.209,-16646.436,-16661.64
-16702.113,-16699.674,-16672.254,-16658.203,-16649.297,-16652.98,-16671.283,-16678.223,-16669.488,-16680.709,-16705.537,-16730.861,-16765.4,-16787.078,-16784.553,-16784.98,-16770.143,-16722.145,-16706.168,-16696.537,-16668.723,-16689.887,-16727.588,-16750.861,-16740.898
-16712.164,-16709.29,-16708.22,-16743.688,-16753.227,-16700.014,-16695.72,-16698.037,-16679.217,-16671.23,-16672.46,-16695.893,-16697.15,-16666.945,-16659.488,-16697.514,-16731.117,-16737.965,-16743.268,-16728.197,-16698.951,-16686.082,-16692.803,-16680.232,-16654.729
-16648.254,-16640.162,-16656.236,-16690.908,-16716.615,-16719.586,-16691.459,-16689.854,-16703.14,-16701.092,-16706.986,-16713.617,-16707.45,-16701.621,-16707.562,-16713.637,-16738.92,-16771.623,-16782.76,-16776.596,-16751.174,-16759.508,-16791.83,-16786.924,-16767.014
-16737.922,-16697.295,-16649.91,-16611.998,-16613.3,-16644.354,-16693.412,-16710.213,-16696.086,-16718.95,-16739.861,-16728.256,-16699.139,-16680.57,-16707.855,-16716.861,-16687.23,-16670.846,-16673.39,-16693.707,-16707.285,-16704.346,-16702.71,-16692.12,-16677.643
-16660.482,-16646.723,-16652.65,-16659.535,-16679.691,-16705.104,-16726.027,-16775.742,-16800.875,-16768.74,-16722.24,-16703.268,-16740.127,-16758.887,-16728.379,-16726.227,-16732.402,-16719.553,-16714.986,-16717.291,-16728.023,-16732.463,-16741.809,-16725.217,-16661.621
-16637.174,-16648.125,-16667.307,-16663.36,-16634.195,-16661.326,-16702.176,-16719.297,-16722.648,-16696.674,-16671.174,-16675.146,-16692.64,-16670.81,-16663.367,-16710.266,-16718.332,-16702.115,-16710.14,-16703.889,-16696.88,-16709.871,-16682.857,-16627.889,-16625.355
-16653.924,-16682.062,-16706.088,-16706.055,-16712.04,-16718.324,-16699.805,-16716.275,-16753.688,-16763.844,-16755.547,-16704.682,-16697.719,-16742.51,-16696.662,-16654.043,-16658.838,-16617.701,-16599.73,-16632.795,-16672.086,-16692.96,-16704.352,-16721.016,-16707.059
-16692.055,-16702.742,-16723.521,-16752.797,-16779.568,-16772.55,-16715.482,-16691.127,-16661.621,-16597.072,-16626.174,-16685.504,-16726.08,-16756.826,-16735.873,-16717.674,-16697.512,-16678.586,-16680.8,-16706.455,-16757.682,-16757.969,-16727.846,-16749.816,-16755.191
-16657.64,-16615.564,-16665.115,-16629.504,-16624.37,-16699.953,-16745.66,-16775.299,-16757.37,-16734.938,-16730.066,-16717.283,-16732.232,-16720.629,-16703.137,-16701.328,-16688.232,-16713.033,-16739.705,-16749.418,-16734.951,-16693.7,-16693.783,-16731.514,-16793.668
-16803.053,-16732.254,-16697.004,-16680.496,-16610.76,-16590.186,-16694.396,-16743.18,-16712.91,-16690.23,-16637.355,-16650.244,-16671.299,-16624.559,-16608.98,-16641.488,-16739.84,-16828.205,-16806.48,-16718.408,-16689.61,-16719.305,-16715.041,-16722.361,-16721.953
-16689.885,-16668.348,-16663.47,-16690.938,-16703.469,-16683.115,-16650.98,-16654.52,-16747.791,-16848.697,-16854.102,-16795.24,-16772.17,-16761.535,-16710.26,-16681.652,-16695.492,-16715.703,-16718.266,-16673.625,-16631.627,-16658.648,-16694.557,-16702.205,-16708.398
-16722.088,-16745.615,-16736.047,-16711.236,-16726.145,-16731.271,-16690.53,-16660.326,-16662.475,-16685.34,-16748.88,-16758.105,-16680.354,-16633.516,-16620.865,-16652.828,-16704.186,-16711.459,-16701.887,-16672.377,-16671.088,-16707.467,-16784.686,-16910.791,-16912.76
-16755.422,-16562.758,-16475.479,-16565.018,-16635.287,-16619.463,-16632.182,-16664.77,-16709.162,-16742.559,-16747.648,-16732.658,-16700.994,-16660.852,-16612.17,-16611.098,-16610.146,-16620.475,-16708.268,-16724.05,-16685.465,-16659.564,-16624.992,-16670.664,-16704.195
-16685.521,-16733.299,-16771.844,-16782.125,-16810.746,-16776.922,-16714.576,-16710.1,-16698.58,-16645.982,-16631.568,-16650.367,-16633.79,-16593.367,-16575.309,-16610.816,-16652.594,-16653.512,-16650.117,-16637.947,-16630.291,-16643.447,-16632.209,-16626.838,-16654.148
-16670.049,-16642.857,-16598.377,-16605.406,-16637.04,-16671.63,-16704.756,-16681.01,-16716.498,-16815.959,-16802.842,-16739.525,-16702.72,-16674.768,-16668.775,-16647.81,-16635.283,-16638.822,-16641.52,-16676.873,-16671.482,-16638.715,-16631.531,-16589.861,-16553.166
-16523.98,-16498.545,-16542.664,-16610.076,-16653.895,-16711.613,-16767.887,-16745.387,-16714.312,-16744.053,-16784.871,-16809.246,-16748.703,-16680.096,-16673.361,-16654.58,-16707.166,-16777.678,-16734.697,-16683.283,-16662.793,-16639.154,-16624.367,-16599.248,-16577.816
-16558.885,-16512.07,-16490.041,-16526.836,-16579.996,-16634.346,-16711.428,-16761.309,-16747.986,-16742.707,-16744.479,-16748.615,-16745.746,-16697.256,-16695.168,-16716.684,-16664.49,-16600.742,-16579.383,-16594.697,-16622.125,-16654.365,-16698.652,-16681.936,-16591.389
-16559.326,-16597.244,-16625.55,-16658.158,-16695.318,-16707.49,-16684.533,-16633.87,-16599.217,-16612.37,-16641.455,-16659.096,-16661.553,-16665.959,-16693.795,-16669.664,-16610.031,-16613.193,-16628.062,-16614.602,-16598.043,-16599.29,-16614.145,-16614.756,-16614.098
-16608.842,-16607.414,-16648.34,-16688.158,-16722.943,-16769.791,-16728.734,-16650.617,-16650.824,-16691.488,-16734.879,-16723.2,-16679.258,-16673.25,-16667.727,-16635.309,-16604.568,-16604.531,-16590.895,-16565.904,-16563.541,-16594.904,-16681.348,-16699.004,-16632.531
-16611.984,-16621.111,-16622.67,-16609.832,-16623.93,-16681.129,-16740.393,-16790.55,-16756.719,-16709.537,-16739.941,-16720.95,-16685.072,-16687.01,-16650.676,-16596.088,-16531.969,-16489.54,-16527.578,-16618.463,-16703.35,-16757.502,-16764.27,-16716.346,-16747.8
-16789.25,-16690.514,-16645.555,-16625.895,-16555.594,-16527.758,-16490.44,-16562.13,-16702.648,-16726.777,-16739.045,-16738.555,-16697.477,-16675.99,-16658.057,-16675.162,-16668.156,-16596.021,-16590.377,-16622.725,-16607.988,-16574.05,-16532.16,-16545.604,-16626.012
-16692.19,-16715.371,-16693.299,-16657.992,-16631.752,-16597.379,-16623.361,-16744.023,-16783.262,-16663.928,-16553.357,-16522.035,-16525.127,-16577.758,-16661.7,-16698.432,-16665.562,-16619.254,-16630.234,-16653.764,-16636.08,-16622.8,-16586.184,-16543.354,-16546.617
-16561.965,-16586.771,-16610.664,-16634.574,-16633.244,-16607.969,-16602.639,-16590.27,-16593.734,-16614.375,-16644.203,-16645.586,-16605.146,-16634.6,-16661.049,-16636.99,-16642.564,-16671.266,-16683.385,-16624.645,-16593.61,-16612.86,-16564.729,-16528.84,-16611.51
-16735.809,-16725.824,-16612.0,-16545.543,-16536.127,-16578.453,-16602.79,-16601.56,-16685.264,-16765.367,-16743.434,-16693.643,-16620.53,-16541.762,-16529.498,-16524.521,-16534.627,-16590.113,-16592.486,-16609.715,-16692.002,-16682.326,-16622.068,-16626.674,-16604.072
-16538.336,-16493.707,-16473.088,-16491.953,-16519.432,-16545.232,-16593.879,-16624.584,-16640.002,-16641.28,-16623.521,-16641.176,-16649.857,-16625.541,-16615.361,-16572.379,-16517.338,-16530.688,-16586.137,-16602.443,-16566.393,-16561.629,-16598.363,-16619.086,-16603.621
-16591.312,-16634.945,-16646.533,-16608.816,-16631.277,-16657.676,-16623.877,-16604.139,-16605.83,-16572.795,-16554.074,-16544.502,-16489.904,-16481.707,-16544.16,-16612.568,-16646.639,-16631.938,-16587.785,-16503.646,-16439.43,-16430.205,-16430.303,-16482.492,-16555.262
-16579.729,-16611.758,-16629.236,-16626.072,-16683.418,-16742.443,-16764.443,-16751.879,-16695.436,-16674.344,-16662.928,-16614.766,-16572.465,-16572.605,-16593.492,-16553.314,-16508.496,-16489.594,-16472.225,-16515.371,-16541.623,-16526.992,-16502.697,-16430.518,-16442.629
-16552.748,-16601.703,-16599.057,-16563.012,-16514.447,-16517.334,-16555.955,-16643.967,-16730.44,-16743.967,-16733.46,-16698.186,-16681.658,-16714.584,-16696.432,-16650.357,-16643.533,-16617.752,-16554.357,-16521.602,-16500.445,-16451.646,-16428.46,-16443.467,-16483.676
-16534.607,-16557.848,-16550.564,-16544.56,-16552.988,-16564.936,-16566.582,-16621.994,-16823.475,-16941.588,-16823.713,-16678.67,-16553.123,-16457.373,-16395.373,-16397.66,-16548.652,-16680.139,-16712.533,-16690.773,-16650.283,-16630.676,-16618.426,-16612.797,-16575.85
-16566.691,-16555.994,-16502.559,-16523.896,-16540.855,-16532.053,-16549.037,-16556.879,-16586.596,-16608.994,-16611.17,-16584.967,-16522.39,-16524.8,-16616.07,-16704.959,-16729.412,-16676.098,-16608.834,-16630.518,-16646.322,-16580.395,-16530.42,-16536.229,-16606.018
-16652.074,-16657.152,-16607.814,-16479.658,-16460.2,-16497.861,-16522.076,-16547.361,-16517.742,-16557.627,-16633.498,-16682.611,-16683.076,-16631.74,-16632.56,-16586.516,-16532.621,-16524.918,-16515.87,-16565.523,-16562.709,-16553.105,-16580.498,-16548.484,-16551.63
-16566.836,-16564.695,-16581.072,-16585.572,-16555.844,-16528.549,-16604.396,-16673.754,-16622.244,-16530.475,-16475.307,-16482.146,-16499.846,-16527.592,-16572.209,-16610.545,-16637.293,-16637.346,-16642.246,-16634.625,-16624.803,-16656.59,-16633.531,-16548.531,-16567.281
-16678.42,-16711.979,-16671.258,-16690.393,-16712.459,-16571.287,-16445.654,-16454.844,-16406.912,-16393.336,-16488.463,-16561.754,-16618.752,-16682.074,-16722.117,-16695.336,-16616.805,-16537.662,-16536.867,-16603.604,-16613.918,-16604.773,-16603.33,-16616.102,-16691.816
-16760.049,-16772.01,-16725.291,-16660.225,-16627.549,-16644.15,-16632.855,-16540.14,-16535.074,-16582.256,-16593.803,-16621.219,-16572.451,-16542.164,-16583.936,-16585.408,-16579.062,-16536.207,-16490.543,-16515.072,-16534.5,-16533.545,-16554.459,-16597.842,-16659.227
-16692.693,-16666.82,-16663.156,-16681.36,-16671.984,-16681.13,-16722.18,-16749.746,-16696.365,-16635.672,-16596.195,-16501.049,-16480.055,-16510.9,-16494.842,-16530.785,-16589.465,-16578.57,-16520.283,-16523.23,-16583.383,-16611.707,-16682.234,-16776.951,-16737.996
-16623.037,-16558.65,-16527.658,-16519.195,-16520.332,-16523.008,-16541.264,-16579.908,-16646.393,-16651.326,-16597.047,-16592.43,-16620.717,-16653.076,-16703.3,-16715.537,-16669.92,-16675.299,-16641.314,-16510.29,-16485.602,-16531.975,-16569.742,-16599.594,-16582.633
-16578.012,-16583.31,-16604.73,-16637.564,-16634.432,-16623.418,-16576.307,-16550.244,-16630.66,-16690.162,-16674.85,-16632.203,-16569.5,-16569.271,-16609.924,-16614.732,-16601.506,-16581.955,-16603.13,-16621.535,-16634.51,-16719.71,-16767.678,-16743.16,-16708.662
-16648.473,-16613.523,-16632.607,-16642.648,-16618.605,-16557.904,-16504.203,-16532.344,-16615.234,-16652.734,-16624.355,-16688.225,-16823.135,-16787.584,-16646.07,-16538.406,-16431.775,-16385.83,-16453.12,-16551.633,-16598.48,-16589.637,-16572.467,-16546.729,-16517.145
-16538.688,-16593.494,-16680.197,-16737.465,-16720.596,-16735.508,-16711.678,-16636.127,-16591.027,-16559.281,-16603.006,-16667.904,-16684.291,-16672.332,-16661.334,-16688.732,-16666.988,-16600.883,-16576.615,-16606.332,-16658.654,-16633.914,-16562.393,-16565.27,-16623.266
-16634.988,-16603.65,-16609.611,-16615.658,-16602.23,-16643.025,-16712.412,-16745.807,-16709.504,-16588.082,-16477.135,-16482.057,-16554.979,-16606.441,-16603.832,-16564.746,-16551.059,-16597.918,-16661.39,-16645.98,-16611.596,-16654.746,-16670.455,-16640.238,-16605.63
-16568.064,-16557.105,-16535.87,-16528.412,-16547.52,-16577.99,-16644.717,-16673.387,-16656.05,-16639.498,-16614.47,-16627.451,-16659.178,-16637.295,-16597.625,-16571.717,-16539.97,-16525.305,-16556.217,-16605.084,-16655.69,-16709.559,-16704.926,-16619.469,-16552.201
-16569.77,-16597.826,-16619.484,-16688.207,-16695.264,-16635.646,-16600.604,-16570.855,-16599.627,-16614.695,-16568.22,-16553.05,-16528.18,-16536.178,-16545.51,-16492.754,-16515.479,-16602.254,-16640.188,-16607.316,-16590.084,-16642.756,-16695.354,-16724.268,-16769.713
-16822.994,-16768.844,-16648.887,-16568.791,-16528.504,-16566.219,-16581.475,-16569.375,-16593.275,-16575.14,-16577.787,-16594.771,-16562.879,-16553.914,-16574.916,-16583.406,-16568.627,-16544.998,-16534.328,-16533.104,-16546.033,-16569.22,-16559.703,-16529.576,-16504.547
-16507.008,-16569.613,-16627.996,-16663.838,-16691.262,-16683.96,-16726.734,-16829.234,-16826.264,-16683.424,-16594.914,-16631.916,-16663.664,-16662.938,-16624.68,-16585.752,-16602.34,-16592.309,-16591.205,-16602.766,-16598.834,-16634.727,-16644.135,-16665.625,-16673.184
-16576.102,-16512.479,-16553.3,-16661.922,-16701.19,-16621.691,-16584.076,-16588.82,-16622.748,-16698.807,-16709.766,-16637.41,-16589.95,-16629.295,-16647.076,-16663.086,-16726.658,-16697.56,-16662.885,-16698.312,-16707.396,-16686.857,-16630.818,-16605.648,-16621.61
-16599.305,-16598.338,-16596.928,-16555.715,-16584.04,-16616.54,-16596.867,-16634.674,-16690.424,-16705.83,-16669.889,-16627.096,-16661.604,-16712.01,-16718.387,-16693.0,-16690.102,-16670.37,-16595.207,-16585.762,-16578.467,-16558.498,-16602.758,-16611.006,-16667.336
-16782.81,-16798.428,-16761.043,-16678.666,-16535.674,-16477.44,-16553.154,-16611.521,-16607.021,-16632.95,-16661.152,-16661.342,-16661.322,-16646.225,-16646.703,-16683.348,-16691.406,-16656.508,-16658.328,-16709.797,-16732.285,-16726.848,-16746.055,-16724.273,-16652.033
-16674.887,-16717.58,-16654.064,-16618.469,-16629.1,-16606.045,-16585.215,-16584.062,-16618.498,-16719.941,-16797.537,-16763.701,-16704.408,-16633.398,-16559.898,-16573.143,-16612.914,-16636.67,-16659.916,-16673.54,-16698.43,-16735.55,-16747.959,-16742.639,-16725.043
-16690.447,-16748.133,-16803.305,-16735.24,-16685.918,-16646.924,-16609.43,-16607.68,-16612.592,-16617.568,-16576.863,-16565.482,-16618.941,-16654.3,-16671.623,-16709.662,-16726.045,-16698.838,-16722.184,-16720.307,-16629.22,-16570.65,-16564.38,-16606.475,-16690.807
-16763.895,-16787.33,-16802.281,-16853.205,-16834.527,-16746.344,-16654.62,-16549.557,-16525.594,-16578.725,-16642.01,-16723.844,-16766.066,-16763.172,-16758.68,-16739.64,-16681.332,-16632.326,-16619.328,-16608.596,-16635.686,-16687.377,-16764.432,-16811.111,-16721.697
-16634.879,-16620.295,-16642.283,-16718.492,-16786.512,-16790.229,-16729.113,-16689.963,-16705.014,-16727.666,-16717.516,-16666.414,-16666.146,-16664.213,-16649.516,-16719.436,-16774.434,-16752.0,-16708.96,-16674.582,-16630.822,-16607.97,-16608.768,-16633.266,-16748.309
-16806.018,-16743.596,-16688.248,-16656.258,-16651.285,-16638.059,-16639.441,-16673.314,-16700.39,-16779.264,-16835.562,-16807.223,-16801.36,-16810.168,-16781.709,-16768.541,-16774.521,-16714.295,-16654.324,-16669.81,-16667.594,-16654.75,-16644.799,-16594.45,-16563.58
-16623.223,-16723.617,-16765.889,-16800.0,-16809.928,-16747.553,-16675.213,-16585.742,-16617.938,-16724.941,-16734.77,-16806.732,-16835.617,-16761.352,-16761.033,-16763.887,-16779.645,-16767.404,-16692.293,-16650.379,-16607.205,-16615.412,-16678.492,-16747.947,-16791.576
